champion,role,duo_champion,duo_role,winrate,matches
Aatrox,TOP,Shaco,JUNGLE,59.46,185
Aatrox,TOP,Zyra,JUNGLE,57.89,76
Aatrox,TOP,Zac,JUNGLE,56.45,186
Aatrox,TOP,Briar,JUNGLE,55.38,65
Aatrox,TOP,Sejuani,JUNGLE,54.55,55
Aatrox,TOP,Nidalee,JUNGLE,54.22,225
Aatrox,TOP,Bel'Veth,JUNGLE,53.61,97
Aatrox,TOP,Warwick,JUNGLE,53.57,56
Aatrox,TOP,Rengar,JUNGLE,53.33,285
Aatrox,TOP,Ivern,JUNGLE,53.13,128
Aatrox,TOP,Diana,JUNGLE,52.55,569
Aatrox,TOP,Kha'Zix,JUNGLE,52.44,450
Aatrox,TOP,Jarvan IV,JUNGLE,51.94,360
Aatrox,TOP,Kayn,JUNGLE,51.35,111
Aatrox,TOP,Kindred,JUNGLE,51.2,125
Aatrox,TOP,Dr. Mundo,JUNGLE,50.75,134
Aatrox,TOP,Volibear,JUNGLE,50.47,212
Aatrox,TOP,Lee Sin,JUNGLE,50.4,752
Aatrox,TOP,Qiyana,JUNGLE,50.0,256
Ahri,MID,Rengar,JUNGLE,59.66,295
Ahri,MID,Karthus,JUNGLE,59.49,79
Ahri,MID,Briar,JUNGLE,58.82,85
Ahri,MID,Nocturne,JUNGLE,55.56,126
Ahri,MID,Kindred,JUNGLE,55.46,119
Ahri,MID,Master Yi,JUNGLE,55.45,211
Ahri,MID,Xin Zhao,JUNGLE,53.8,158
Ahri,MID,Qiyana,JUNGLE,53.57,280
Ahri,MID,Rek'Sai,JUNGLE,53.5,286
Ahri,MID,Naafiri,JUNGLE,53.21,109
Ahri,MID,Diana,JUNGLE,52.99,385
Ahri,MID,Fiddlesticks,JUNGLE,52.69,93
Ahri,MID,Graves,JUNGLE,52.47,223
Ahri,MID,Dr. Mundo,JUNGLE,51.8,139
Ahri,MID,Nidalee,JUNGLE,50.83,120
Ahri,MID,Kha'Zix,JUNGLE,50.7,574
Ahri,MID,Zed,JUNGLE,50.69,288
Ahri,MID,Jarvan IV,JUNGLE,50.49,408
Ahri,MID,Lee Sin,JUNGLE,50.24,834
Ahri,MID,Bel'Veth,JUNGLE,50.0,134
Ahri,MID,Elise,JUNGLE,50.0,90
Ahri,MID,Zac,JUNGLE,50.0,172
Akali,MID,Evelynn,JUNGLE,59.09,88
Akali,MID,Bel'Veth,JUNGLE,56.25,112
Akali,MID,Udyr,JUNGLE,56.25,96
Akali,MID,Fiddlesticks,JUNGLE,56.2,121
Akali,MID,Nidalee,JUNGLE,54.79,146
Akali,MID,Zac,JUNGLE,54.72,212
Akali,MID,Rengar,JUNGLE,53.09,388
Akali,MID,Ivern,JUNGLE,52.55,137
Akali,MID,Zed,JUNGLE,52.41,353
Akali,MID,Volibear,JUNGLE,52.38,231
Akali,MID,Kha'Zix,JUNGLE,52.17,667
Akali,MID,Jayce,JUNGLE,51.96,791
Akali,MID,Kindred,JUNGLE,51.52,165
Akali,MID,Qiyana,JUNGLE,51.44,418
Akali,MID,Master Yi,JUNGLE,51.2,250
Akali,MID,Kayn,JUNGLE,51.12,178
Akali,MID,Xin Zhao,JUNGLE,51.08,186
Akali,MID,Elise,JUNGLE,50.93,108
Akali,MID,Lee Sin,JUNGLE,50.73,1092
Akali,MID,Vi,JUNGLE,50.0,244
Akshan,MID,Fiddlesticks,JUNGLE,66.12,121
Akshan,MID,Rek'Sai,JUNGLE,61.17,103
Akshan,MID,Kindred,JUNGLE,58.97,39
Akshan,MID,Vi,JUNGLE,58.82,51
Akshan,MID,Nidalee,JUNGLE,58.41,214
Akshan,MID,Karthus,JUNGLE,57.68,241
Akshan,MID,Kayn,JUNGLE,57.58,66
Akshan,MID,Zac,JUNGLE,56.96,158
Akshan,MID,Zyra,JUNGLE,56.52,92
Akshan,MID,Evelynn,JUNGLE,55.64,133
Akshan,MID,Rengar,JUNGLE,55.33,150
Akshan,MID,Udyr,JUNGLE,55.26,76
Akshan,MID,Ekko,JUNGLE,55.21,518
Akshan,MID,Volibear,JUNGLE,55.21,163
Akshan,MID,Elise,JUNGLE,55.06,158
Akshan,MID,Lee Sin,JUNGLE,54.45,281
Akshan,MID,Xin Zhao,JUNGLE,53.7,54
Akshan,MID,Talon,JUNGLE,53.55,155
Akshan,MID,Diana,JUNGLE,53.03,643
Akshan,MID,Shaco,JUNGLE,52.94,102
Akshan,MID,Zed,JUNGLE,52.94,102
Akshan,MID,Hecarim,JUNGLE,52.1,119
Akshan,MID,Dr. Mundo,JUNGLE,51.28,78
Akshan,MID,Nunu & Willump,JUNGLE,50.63,160
Akshan,MID,Ivern,JUNGLE,50.59,85
Akshan,MID,Kha'Zix,JUNGLE,50.0,192
Alistar,SUPPORT,Zeri,ADC,60.13,158
Alistar,SUPPORT,Swain,ADC,56.83,139
Alistar,SUPPORT,Vayne,ADC,56.47,170
Alistar,SUPPORT,Veigar,ADC,56.25,128
Alistar,SUPPORT,Mel,ADC,55.71,70
Alistar,SUPPORT,Yunara,ADC,55.27,883
Alistar,SUPPORT,Samira,ADC,55.01,349
Alistar,SUPPORT,Kog'Maw,ADC,54.55,66
Alistar,SUPPORT,Seraphine,ADC,54.32,81
Alistar,SUPPORT,Xayah,ADC,54.03,124
Alistar,SUPPORT,Draven,ADC,53.95,228
Alistar,SUPPORT,Tristana,ADC,53.57,308
Alistar,SUPPORT,Yasuo,ADC,53.42,234
Alistar,SUPPORT,Varus,ADC,52.42,908
Alistar,SUPPORT,Corki,ADC,52.36,487
Alistar,SUPPORT,Jinx,ADC,51.47,612
Alistar,SUPPORT,Sivir,ADC,50.96,469
Alistar,SUPPORT,Cassiopeia,ADC,50.75,67
Alistar,SUPPORT,Ezreal,ADC,50.66,681
Alistar,SUPPORT,Kai'Sa,ADC,50.54,1393
Alistar,SUPPORT,Ashe,ADC,50.42,236
Alistar,SUPPORT,Lucian,ADC,50.31,324
Alistar,SUPPORT,Smolder,ADC,50.0,320
Alistar,SUPPORT,Twitch,ADC,50.0,202
Ambessa,TOP,Udyr,JUNGLE,61.25,80
Ambessa,TOP,Ivern,JUNGLE,60.0,135
Ambessa,TOP,Kindred,JUNGLE,58.45,142
Ambessa,TOP,Master Yi,JUNGLE,55.21,192
Ambessa,TOP,Nocturne,JUNGLE,55.17,145
Ambessa,TOP,Shaco,JUNGLE,55.0,200
Ambessa,TOP,Nidalee,JUNGLE,54.72,265
Ambessa,TOP,Evelynn,JUNGLE,54.65,172
Ambessa,TOP,Elise,JUNGLE,54.04,161
Ambessa,TOP,Bel'Veth,JUNGLE,53.72,121
Ambessa,TOP,Zed,JUNGLE,52.99,234
Ambessa,TOP,Karthus,JUNGLE,52.8,161
Ambessa,TOP,Graves,JUNGLE,52.43,206
Ambessa,TOP,Lillia,JUNGLE,52.0,125
Ambessa,TOP,Diana,JUNGLE,51.37,619
Ambessa,TOP,Qiyana,JUNGLE,50.94,320
Ambessa,TOP,Lee Sin,JUNGLE,50.59,850
Ambessa,TOP,Volibear,JUNGLE,50.46,216
Ambessa,TOP,Fiddlesticks,JUNGLE,50.0,166
Ambessa,TOP,Kayn,JUNGLE,50.0,100
Ambessa,TOP,Kha'Zix,JUNGLE,50.0,510
Ambessa,TOP,Zyra,JUNGLE,50.0,128
Amumu,JUNGLE,Zilean,SUPPORT,76.47,17
Amumu,JUNGLE,Vel'Koz,SUPPORT,66.67,9
Amumu,JUNGLE,Alistar,SUPPORT,64.44,45
Amumu,JUNGLE,Lux,SUPPORT,64.29,14
Amumu,JUNGLE,Renata Glasc,SUPPORT,60.0,10
Amumu,JUNGLE,Brand,SUPPORT,55.56,9
Amumu,JUNGLE,Soraka,SUPPORT,52.27,44
Amumu,JUNGLE,Braum,SUPPORT,50.91,55
Amumu,JUNGLE,Neeko,SUPPORT,50.0,26
Amumu,JUNGLE,Poppy,SUPPORT,50.0,10
Anivia,MID,Rammus,JUNGLE,70.97,31
Anivia,MID,Lillia,JUNGLE,62.22,45
Anivia,MID,Rengar,JUNGLE,59.44,180
Anivia,MID,Nidalee,JUNGLE,59.32,59
Anivia,MID,Shaco,JUNGLE,59.04,83
Anivia,MID,Sylas,JUNGLE,57.52,113
Anivia,MID,Zac,JUNGLE,57.28,103
Anivia,MID,Qiyana,JUNGLE,56.99,186
Anivia,MID,Zyra,JUNGLE,56.67,30
Anivia,MID,Volibear,JUNGLE,55.95,84
Anivia,MID,Karthus,JUNGLE,55.81,43
Anivia,MID,Vi,JUNGLE,54.95,111
Anivia,MID,Talon,JUNGLE,54.39,171
Anivia,MID,Kindred,JUNGLE,54.29,105
Anivia,MID,Rek'Sai,JUNGLE,54.17,144
Anivia,MID,Ekko,JUNGLE,54.07,172
Anivia,MID,Lee Sin,JUNGLE,53.97,441
Anivia,MID,Briar,JUNGLE,53.13,32
Anivia,MID,Kayn,JUNGLE,52.94,68
Anivia,MID,Xin Zhao,JUNGLE,52.34,107
Anivia,MID,Graves,JUNGLE,52.31,130
Anivia,MID,Zed,JUNGLE,52.11,142
Anivia,MID,Viego,JUNGLE,51.96,560
Anivia,MID,Diana,JUNGLE,51.64,213
Anivia,MID,Nunu & Willump,JUNGLE,51.43,70
Anivia,MID,Evelynn,JUNGLE,50.98,51
Anivia,MID,Hecarim,JUNGLE,50.93,108
Anivia,MID,Kha'Zix,JUNGLE,50.46,323
Anivia,MID,Fiddlesticks,JUNGLE,50.0,50
Anivia,MID,Jarvan IV,JUNGLE,50.0,288
Anivia,TOP,Karthus,JUNGLE,80.0,15
Anivia,TOP,Rammus,JUNGLE,77.78,9
Anivia,TOP,Trundle,JUNGLE,70.0,10
Anivia,TOP,Shaco,JUNGLE,67.65,34
Anivia,TOP,Viego,JUNGLE,63.85,130
Anivia,TOP,Lee Sin,JUNGLE,60.87,115
Anivia,TOP,Nocturne,JUNGLE,60.87,23
Anivia,TOP,Kindred,JUNGLE,59.09,22
Anivia,TOP,Kayn,JUNGLE,58.33,24
Anivia,TOP,Sylas,JUNGLE,58.33,24
Anivia,TOP,Wukong,JUNGLE,58.06,31
Anivia,TOP,Hecarim,JUNGLE,57.14,28
Anivia,TOP,Volibear,JUNGLE,56.52,23
Anivia,TOP,Zed,JUNGLE,56.25,32
Anivia,TOP,Graves,JUNGLE,56.0,25
Anivia,TOP,Zac,JUNGLE,56.0,25
Anivia,TOP,Master Yi,JUNGLE,55.81,43
Anivia,TOP,Rek'Sai,JUNGLE,54.05,37
Anivia,TOP,Briar,JUNGLE,53.33,15
Anivia,TOP,Ekko,JUNGLE,52.38,42
Anivia,TOP,Talon,JUNGLE,52.08,48
Anivia,TOP,Diana,JUNGLE,51.79,56
Anivia,TOP,Qiyana,JUNGLE,50.91,55
Anivia,TOP,Jarvan IV,JUNGLE,50.53,95
Anivia,TOP,Elise,JUNGLE,50.0,14
Anivia,TOP,Fiddlesticks,JUNGLE,50.0,12
Anivia,TOP,Xin Zhao,JUNGLE,50.0,18
Annie,MID,Volibear,JUNGLE,69.23,13
Annie,MID,Shaco,JUNGLE,66.67,18
Annie,MID,Pantheon,JUNGLE,64.29,14
Annie,MID,Kindred,JUNGLE,62.5,16
Annie,MID,Qiyana,JUNGLE,60.0,40
Annie,MID,Rengar,JUNGLE,60.0,25
Annie,MID,Nocturne,JUNGLE,58.33,12
Annie,MID,Bel'Veth,JUNGLE,57.14,14
Annie,MID,Lillia,JUNGLE,57.14,7
Annie,MID,Talon,JUNGLE,56.25,32
Annie,MID,Master Yi,JUNGLE,54.55,33
Annie,MID,Fiddlesticks,JUNGLE,53.85,13
Annie,MID,Vi,JUNGLE,53.85,13
Annie,MID,Ekko,JUNGLE,51.35,37
Annie,MID,Dr. Mundo,JUNGLE,50.0,16
Aphelios,ADC,Taric,SUPPORT,55.86,222
Aphelios,ADC,Bard,SUPPORT,54.8,885
Aphelios,ADC,Tahm Kench,SUPPORT,54.49,156
Aphelios,ADC,Janna,SUPPORT,53.97,806
Aphelios,ADC,Thresh,SUPPORT,53.95,3983
Aphelios,ADC,Poppy,SUPPORT,53.15,222
Aphelios,ADC,Zilean,SUPPORT,52.72,294
Aphelios,ADC,Braum,SUPPORT,52.32,1812
Aphelios,ADC,Karma,SUPPORT,51.69,1064
Aphelios,ADC,Seraphine,SUPPORT,50.93,322
Ashe,ADC,Taric,SUPPORT,60.58,104
Ashe,ADC,Soraka,SUPPORT,56.48,216
Ashe,ADC,Seraphine,SUPPORT,54.79,898
Ashe,ADC,Leona,SUPPORT,54.76,210
Ashe,ADC,Morgana,SUPPORT,54.55,55
Ashe,ADC,Zyra,SUPPORT,53.33,75
Ashe,ADC,Braum,SUPPORT,52.94,1124
Ashe,ADC,Pantheon,SUPPORT,52.87,87
Ashe,ADC,Poppy,SUPPORT,51.9,79
Ashe,ADC,Pyke,SUPPORT,51.6,219
Ashe,ADC,Senna,SUPPORT,51.48,169
Ashe,ADC,Neeko,SUPPORT,51.45,138
Ashe,ADC,Janna,SUPPORT,51.34,298
Ashe,ADC,Karma,SUPPORT,51.03,435
Ashe,ADC,Thresh,SUPPORT,50.95,420
Ashe,ADC,Sona,SUPPORT,50.9,332
Ashe,ADC,Bard,SUPPORT,50.52,382
Ashe,ADC,Alistar,SUPPORT,50.42,236
Ashe,ADC,Elise,SUPPORT,50.0,72
Aurelion Sol,MID,Ivern,JUNGLE,75.0,28
Aurelion Sol,MID,Rammus,JUNGLE,70.83,24
Aurelion Sol,MID,Rek'Sai,JUNGLE,62.5,88
Aurelion Sol,MID,Fiddlesticks,JUNGLE,61.9,21
Aurelion Sol,MID,Graves,JUNGLE,60.0,60
Aurelion Sol,MID,Kayn,JUNGLE,59.62,52
Aurelion Sol,MID,Evelynn,JUNGLE,59.46,37
Aurelion Sol,MID,Kha'Zix,JUNGLE,57.41,216
Aurelion Sol,MID,Talon,JUNGLE,57.27,110
Aurelion Sol,MID,Bel'Veth,JUNGLE,57.14,35
Aurelion Sol,MID,Rengar,JUNGLE,56.52,115
Aurelion Sol,MID,Nunu & Willump,JUNGLE,55.38,65
Aurelion Sol,MID,Ekko,JUNGLE,55.24,105
Aurelion Sol,MID,Udyr,JUNGLE,55.0,20
Aurelion Sol,MID,Wukong,JUNGLE,54.35,46
Aurelion Sol,MID,Lee Sin,JUNGLE,54.27,234
Aurelion Sol,MID,Hecarim,JUNGLE,52.86,70
Aurelion Sol,MID,Jarvan IV,JUNGLE,52.45,143
Aurelion Sol,MID,Viego,JUNGLE,52.44,349
Aurelion Sol,MID,Qiyana,JUNGLE,52.43,103
Aurelion Sol,MID,Karthus,JUNGLE,51.85,27
Aurelion Sol,MID,Zac,JUNGLE,51.67,60
Aurelion Sol,MID,Briar,JUNGLE,51.43,35
Aurelion Sol,MID,Xin Zhao,JUNGLE,51.16,43
Aurelion Sol,MID,Shaco,JUNGLE,51.02,49
Aurelion Sol,MID,Diana,JUNGLE,50.0,136
Aurelion Sol,MID,Lillia,JUNGLE,50.0,24
Aurora,MID,Udyr,JUNGLE,70.37,27
Aurora,MID,Shaco,JUNGLE,55.38,65
Aurora,MID,Rek'Sai,JUNGLE,55.22,134
Aurora,MID,Naafiri,JUNGLE,55.1,49
Aurora,MID,Kindred,JUNGLE,54.55,66
Aurora,MID,Nocturne,JUNGLE,53.85,39
Aurora,MID,Bel'Veth,JUNGLE,52.38,63
Aurora,MID,Vi,JUNGLE,52.38,105
Aurora,MID,Zed,JUNGLE,52.17,138
Aurora,MID,Hecarim,JUNGLE,52.11,142
Aurora,MID,Talon,JUNGLE,51.63,153
Aurora,MID,Diana,JUNGLE,51.27,158
Aurora,MID,Dr. Mundo,JUNGLE,50.94,53
Aurora,MID,Nidalee,JUNGLE,50.82,61
Aurora,MID,Elise,JUNGLE,50.0,44
Aurora,MID,Master Yi,JUNGLE,50.0,100
Aurora,MID,Zac,JUNGLE,50.0,88
Aurora,TOP,Ivern,JUNGLE,72.73,22
Aurora,TOP,Nidalee,JUNGLE,66.67,30
Aurora,TOP,Bel'Veth,JUNGLE,65.0,20
Aurora,TOP,Dr. Mundo,JUNGLE,61.54,39
Aurora,TOP,Sejuani,JUNGLE,61.54,13
Aurora,TOP,Shaco,JUNGLE,60.98,41
Aurora,TOP,Wukong,JUNGLE,60.71,28
Aurora,TOP,Graves,JUNGLE,59.46,37
Aurora,TOP,Karthus,JUNGLE,58.82,17
Aurora,TOP,Volibear,JUNGLE,57.45,47
Aurora,TOP,Elise,JUNGLE,57.14,14
Aurora,TOP,Rengar,JUNGLE,56.25,64
Aurora,TOP,Udyr,JUNGLE,55.56,18
Aurora,TOP,Talon,JUNGLE,53.97,63
Aurora,TOP,Jayce,JUNGLE,53.96,139
Aurora,TOP,Pantheon,JUNGLE,53.85,13
Aurora,TOP,Zed,JUNGLE,53.57,56
Aurora,TOP,Kha'Zix,JUNGLE,53.33,120
Aurora,TOP,Zac,JUNGLE,53.33,30
Aurora,TOP,Nunu & Willump,JUNGLE,52.38,42
Aurora,TOP,Malphite,JUNGLE,51.61,31
Aurora,TOP,Xin Zhao,JUNGLE,51.28,39
Aurora,TOP,Qiyana,JUNGLE,51.25,80
Aurora,TOP,Hecarim,JUNGLE,50.85,59
Aurora,TOP,Fiddlesticks,JUNGLE,50.0,26
Aurora,TOP,Jarvan IV,JUNGLE,50.0,120
Aurora,TOP,Master Yi,JUNGLE,50.0,32
Aurora,TOP,Nocturne,JUNGLE,50.0,28
Azir,MID,Talon,JUNGLE,58.33,132
Azir,MID,Sylas,JUNGLE,56.06,66
Azir,MID,Kindred,JUNGLE,56.0,50
Azir,MID,Ivern,JUNGLE,55.56,54
Azir,MID,Nidalee,JUNGLE,53.57,56
Azir,MID,Udyr,JUNGLE,53.57,28
Azir,MID,Shaco,JUNGLE,51.47,68
Azir,MID,Naafiri,JUNGLE,51.02,49
Azir,MID,Lillia,JUNGLE,50.0,26
Bard,SUPPORT,Ziggs,ADC,59.55,267
Bard,SUPPORT,Zeri,ADC,57.71,227
Bard,SUPPORT,Aphelios,ADC,54.8,885
Bard,SUPPORT,Seraphine,ADC,54.63,108
Bard,SUPPORT,Varus,ADC,52.91,1168
Bard,SUPPORT,Vayne,ADC,52.75,182
Bard,SUPPORT,Miss Fortune,ADC,51.46,515
Bard,SUPPORT,Xayah,ADC,50.76,132
Bard,SUPPORT,Caitlyn,ADC,50.68,1683
Bard,SUPPORT,Ashe,ADC,50.52,382
Bard,SUPPORT,Jhin,ADC,50.07,1388
Bard,SUPPORT,Draven,ADC,50.0,156
Bard,SUPPORT,Sivir,ADC,50.0,906
Bard,SUPPORT,Twitch,ADC,50.0,326
Bel'Veth,JUNGLE,Vel'Koz,SUPPORT,66.67,18
Bel'Veth,JUNGLE,Braum,SUPPORT,60.95,210
Bel'Veth,JUNGLE,Pantheon,SUPPORT,60.0,30
Bel'Veth,JUNGLE,Pyke,SUPPORT,60.0,90
Bel'Veth,JUNGLE,Seraphine,SUPPORT,59.32,59
Bel'Veth,JUNGLE,Renata Glasc,SUPPORT,59.09,22
Bel'Veth,JUNGLE,Leona,SUPPORT,57.69,104
Bel'Veth,JUNGLE,Taric,SUPPORT,57.69,26
Bel'Veth,JUNGLE,Nami,SUPPORT,56.96,237
Bel'Veth,JUNGLE,Bard,SUPPORT,55.73,131
Bel'Veth,JUNGLE,Lux,SUPPORT,55.26,38
Bel'Veth,JUNGLE,Nautilus,SUPPORT,54.59,185
Bel'Veth,JUNGLE,Neeko,SUPPORT,53.85,65
Bel'Veth,JUNGLE,Blitzcrank,SUPPORT,53.76,93
Bel'Veth,JUNGLE,Karma,SUPPORT,52.72,184
Bel'Veth,JUNGLE,Yuumi,SUPPORT,51.56,64
Bel'Veth,JUNGLE,Lulu,SUPPORT,50.98,204
Bel'Veth,JUNGLE,Thresh,SUPPORT,50.96,157
Bel'Veth,JUNGLE,Milio,SUPPORT,50.53,95
Bel'Veth,JUNGLE,Rell,SUPPORT,50.0,74
Bel'Veth,JUNGLE,Zyra,SUPPORT,50.0,16
Blitzcrank,SUPPORT,Cassiopeia,ADC,61.29,62
Blitzcrank,SUPPORT,Yasuo,ADC,58.73,63
Blitzcrank,SUPPORT,Xayah,ADC,56.19,105
Blitzcrank,SUPPORT,Lucian,ADC,53.79,277
Blitzcrank,SUPPORT,Tristana,ADC,53.39,251
Blitzcrank,SUPPORT,Sivir,ADC,53.23,248
Blitzcrank,SUPPORT,Draven,ADC,52.96,287
Blitzcrank,SUPPORT,Jhin,ADC,52.27,419
Blitzcrank,SUPPORT,Corki,ADC,52.16,370
Blitzcrank,SUPPORT,Jinx,ADC,52.08,528
Blitzcrank,SUPPORT,Kalista,ADC,51.43,70
Blitzcrank,SUPPORT,Miss Fortune,ADC,51.25,320
Blitzcrank,SUPPORT,Varus,ADC,50.0,582
Brand,SUPPORT,Swain,ADC,66.67,18
Brand,SUPPORT,Nilah,ADC,63.64,11
Brand,SUPPORT,Tristana,ADC,62.5,16
Brand,SUPPORT,Ashe,ADC,55.56,36
Brand,SUPPORT,Jinx,ADC,54.39,57
Brand,SUPPORT,Jhin,ADC,52.63,133
Brand,SUPPORT,Vayne,ADC,50.0,16
Braum,SUPPORT,Kog'Maw,ADC,57.69,156
Braum,SUPPORT,Tristana,ADC,57.17,516
Braum,SUPPORT,Twitch,ADC,55.6,500
Braum,SUPPORT,Jinx,ADC,55.55,1442
Braum,SUPPORT,Yunara,ADC,55.19,2178
Braum,SUPPORT,Zeri,ADC,54.36,287
Braum,SUPPORT,Kalista,ADC,53.85,104
Braum,SUPPORT,Draven,ADC,53.49,215
Braum,SUPPORT,Ashe,ADC,52.94,1124
Braum,SUPPORT,Aphelios,ADC,52.32,1812
Braum,SUPPORT,Sivir,ADC,52.14,746
Braum,SUPPORT,Kai'Sa,ADC,52.1,1430
Braum,SUPPORT,Miss Fortune,ADC,51.97,533
Braum,SUPPORT,Caitlyn,ADC,51.94,1265
Braum,SUPPORT,Varus,ADC,51.85,1267
Braum,SUPPORT,Nilah,ADC,51.35,111
Braum,SUPPORT,Lucian,ADC,50.09,2264
Briar,JUNGLE,Senna,SUPPORT,60.0,45
Briar,JUNGLE,Taric,SUPPORT,58.82,17
Briar,JUNGLE,Braum,SUPPORT,57.78,135
Briar,JUNGLE,Sona,SUPPORT,54.72,106
Briar,JUNGLE,Blitzcrank,SUPPORT,52.38,63
Briar,JUNGLE,Pyke,SUPPORT,51.9,79
Briar,JUNGLE,Thresh,SUPPORT,51.52,132
Briar,JUNGLE,Janna,SUPPORT,51.16,86
Briar,JUNGLE,Seraphine,SUPPORT,50.0,32
Briar,JUNGLE,Zilean,SUPPORT,50.0,30
Caitlyn,ADC,Thresh,SUPPORT,52.74,1185
Caitlyn,ADC,Zilean,SUPPORT,52.67,300
Caitlyn,ADC,Pyke,SUPPORT,52.62,439
Caitlyn,ADC,Braum,SUPPORT,51.94,1265
Caitlyn,ADC,Morgana,SUPPORT,51.88,665
Caitlyn,ADC,Neeko,SUPPORT,51.56,799
Caitlyn,ADC,Janna,SUPPORT,51.34,711
Caitlyn,ADC,Elise,SUPPORT,51.09,368
Caitlyn,ADC,Lux,SUPPORT,50.8,996
Caitlyn,ADC,Bard,SUPPORT,50.68,1683
Caitlyn,ADC,Vel'Koz,SUPPORT,50.59,170
Caitlyn,ADC,Karma,SUPPORT,50.52,2007
Camille,TOP,Briar,JUNGLE,66.67,30
Camille,TOP,Nunu & Willump,JUNGLE,65.85,82
Camille,TOP,Master Yi,JUNGLE,62.69,67
Camille,TOP,Lillia,JUNGLE,61.54,52
Camille,TOP,Karthus,JUNGLE,60.34,58
Camille,TOP,Ivern,JUNGLE,60.0,65
Camille,TOP,Zyra,JUNGLE,57.14,35
Camille,TOP,Zed,JUNGLE,56.82,88
Camille,TOP,Volibear,JUNGLE,56.58,76
Camille,TOP,Shaco,JUNGLE,55.93,59
Camille,TOP,Xin Zhao,JUNGLE,53.85,52
Camille,TOP,Nidalee,JUNGLE,53.68,95
Camille,TOP,Kha'Zix,JUNGLE,52.86,227
Camille,TOP,Jarvan IV,JUNGLE,51.69,178
Camille,TOP,Ekko,JUNGLE,51.37,255
Camille,TOP,Sylas,JUNGLE,50.51,99
Camille,TOP,Qiyana,JUNGLE,50.42,119
Camille,TOP,Hecarim,JUNGLE,50.0,110
Camille,TOP,Rammus,JUNGLE,50.0,32
Camille,TOP,Viego,JUNGLE,50.0,382
Cassiopeia,ADC,Neeko,SUPPORT,76.47,17
Cassiopeia,ADC,Seraphine,SUPPORT,73.33,15
Cassiopeia,ADC,Bard,SUPPORT,65.57,61
Cassiopeia,ADC,Morgana,SUPPORT,63.64,11
Cassiopeia,ADC,Janna,SUPPORT,62.5,32
Cassiopeia,ADC,Poppy,SUPPORT,62.5,16
Cassiopeia,ADC,Pyke,SUPPORT,62.12,66
Cassiopeia,ADC,Blitzcrank,SUPPORT,61.29,62
Cassiopeia,ADC,Thresh,SUPPORT,59.72,72
Cassiopeia,ADC,Soraka,SUPPORT,59.09,22
Cassiopeia,ADC,Braum,SUPPORT,58.33,24
Cassiopeia,ADC,Nami,SUPPORT,58.02,81
Cassiopeia,ADC,Elise,SUPPORT,55.56,9
Cassiopeia,ADC,Leona,SUPPORT,53.47,101
Cassiopeia,ADC,Taric,SUPPORT,52.94,17
Cassiopeia,ADC,Karma,SUPPORT,52.5,40
Cassiopeia,ADC,Nautilus,SUPPORT,51.23,203
Cassiopeia,ADC,Alistar,SUPPORT,50.75,67
Cassiopeia,ADC,Milio,SUPPORT,50.0,8
Cassiopeia,MID,Pantheon,JUNGLE,75.0,12
Cassiopeia,MID,Lillia,JUNGLE,70.59,17
Cassiopeia,MID,Bel'Veth,JUNGLE,70.0,20
Cassiopeia,MID,Naafiri,JUNGLE,68.97,29
Cassiopeia,MID,Nunu & Willump,JUNGLE,63.64,33
Cassiopeia,MID,Qiyana,JUNGLE,59.09,66
Cassiopeia,MID,Sejuani,JUNGLE,58.33,12
Cassiopeia,MID,Nidalee,JUNGLE,56.67,30
Cassiopeia,MID,Rengar,JUNGLE,55.56,72
Cassiopeia,MID,Udyr,JUNGLE,55.0,20
Cassiopeia,MID,Shaco,JUNGLE,54.55,44
Cassiopeia,MID,Graves,JUNGLE,53.85,52
Cassiopeia,MID,Shyvana,JUNGLE,53.85,13
Cassiopeia,MID,Diana,JUNGLE,53.75,80
Cassiopeia,MID,Viego,JUNGLE,53.52,213
Cassiopeia,MID,Sylas,JUNGLE,52.5,40
Cassiopeia,MID,Kha'Zix,JUNGLE,52.03,123
Cassiopeia,MID,Vi,JUNGLE,51.85,27
Cassiopeia,MID,Jayce,JUNGLE,51.75,114
Cassiopeia,MID,Dr. Mundo,JUNGLE,51.11,45
Cassiopeia,MID,Hecarim,JUNGLE,51.06,47
Cassiopeia,MID,Ekko,JUNGLE,50.0,64
Cassiopeia,MID,Wukong,JUNGLE,50.0,20
Cho'Gath,TOP,Zyra,JUNGLE,75.0,20
Cho'Gath,TOP,Zac,JUNGLE,64.0,50
Cho'Gath,TOP,Ivern,JUNGLE,61.29,31
Cho'Gath,TOP,Karthus,JUNGLE,61.29,31
Cho'Gath,TOP,Bel'Veth,JUNGLE,60.71,28
Cho'Gath,TOP,Fiddlesticks,JUNGLE,60.71,28
Cho'Gath,TOP,Shaco,JUNGLE,59.02,61
Cho'Gath,TOP,Diana,JUNGLE,57.67,163
Cho'Gath,TOP,Warwick,JUNGLE,56.67,30
Cho'Gath,TOP,Rengar,JUNGLE,56.64,113
Cho'Gath,TOP,Nocturne,JUNGLE,54.76,42
Cho'Gath,TOP,Lee Sin,JUNGLE,54.33,208
Cho'Gath,TOP,Dr. Mundo,JUNGLE,52.73,55
Cho'Gath,TOP,Evelynn,JUNGLE,51.85,27
Cho'Gath,TOP,Elise,JUNGLE,51.52,33
Cho'Gath,TOP,Kindred,JUNGLE,51.02,49
Cho'Gath,TOP,Master Yi,JUNGLE,50.72,69
Cho'Gath,TOP,Lillia,JUNGLE,50.0,24
Cho'Gath,TOP,Malphite,JUNGLE,50.0,34
Cho'Gath,TOP,Nidalee,JUNGLE,50.0,54
Corki,ADC,Sona,SUPPORT,54.61,445
Corki,ADC,Pyke,SUPPORT,54.49,490
Corki,ADC,Thresh,SUPPORT,53.35,523
Corki,ADC,Nami,SUPPORT,52.85,2246
Corki,ADC,Pantheon,SUPPORT,52.85,123
Corki,ADC,Alistar,SUPPORT,52.36,487
Corki,ADC,Neeko,SUPPORT,52.19,228
Corki,ADC,Blitzcrank,SUPPORT,52.16,370
Corki,ADC,Leona,SUPPORT,52.13,470
Corki,ADC,Rell,SUPPORT,51.18,340
Corki,ADC,Elise,SUPPORT,51.03,145
Corki,ADC,Seraphine,SUPPORT,50.89,112
Corki,ADC,Soraka,SUPPORT,50.8,250
Corki,ADC,Milio,SUPPORT,50.22,223
Corki,ADC,Janna,SUPPORT,50.0,456
Corki,MID,Master Yi,JUNGLE,75.0,20
Corki,MID,Shaco,JUNGLE,73.68,19
Corki,MID,Dr. Mundo,JUNGLE,66.67,21
Corki,MID,Qiyana,JUNGLE,64.0,25
Corki,MID,Ivern,JUNGLE,63.89,36
Corki,MID,Graves,JUNGLE,62.5,16
Corki,MID,Zyra,JUNGLE,61.54,39
Corki,MID,Xin Zhao,JUNGLE,57.14,14
Corki,MID,Hecarim,JUNGLE,52.0,25
Corki,MID,Viego,JUNGLE,51.55,97
Corki,MID,Malphite,JUNGLE,50.0,18
Corki,MID,Udyr,JUNGLE,50.0,16
Darius,TOP,Rammus,JUNGLE,66.0,50
Darius,TOP,Vi,JUNGLE,60.87,92
Darius,TOP,Hecarim,JUNGLE,60.71,168
Darius,TOP,Master Yi,JUNGLE,58.27,127
Darius,TOP,Karthus,JUNGLE,58.26,115
Darius,TOP,Sylas,JUNGLE,57.45,141
Darius,TOP,Zac,JUNGLE,57.4,169
Darius,TOP,Nunu & Willump,JUNGLE,57.14,133
Darius,TOP,Evelynn,JUNGLE,55.06,89
Darius,TOP,Dr. Mundo,JUNGLE,54.26,94
Darius,TOP,Rek'Sai,JUNGLE,53.5,157
Darius,TOP,Kha'Zix,JUNGLE,53.35,373
Darius,TOP,Fiddlesticks,JUNGLE,52.87,87
Darius,TOP,Ivern,JUNGLE,52.87,87
Darius,TOP,Amumu,JUNGLE,52.63,38
Darius,TOP,Volibear,JUNGLE,52.11,142
Darius,TOP,Zed,JUNGLE,51.66,151
Darius,TOP,Lee Sin,JUNGLE,51.63,399
Darius,TOP,Nidalee,JUNGLE,51.54,130
Darius,TOP,Elise,JUNGLE,51.49,101
Darius,TOP,Jayce,JUNGLE,51.11,270
Darius,TOP,Talon,JUNGLE,50.0,186
Diana,JUNGLE,Elise,SUPPORT,57.52,113
Diana,JUNGLE,Maokai,SUPPORT,55.95,84
Diana,JUNGLE,Pantheon,SUPPORT,54.84,155
Diana,JUNGLE,Braum,SUPPORT,54.54,1014
Diana,JUNGLE,Lulu,SUPPORT,54.01,1072
Diana,JUNGLE,Renata Glasc,SUPPORT,53.72,121
Diana,JUNGLE,Rakan,SUPPORT,53.34,583
Diana,JUNGLE,Sona,SUPPORT,53.31,709
Diana,JUNGLE,Rell,SUPPORT,53.23,496
Diana,JUNGLE,Nami,SUPPORT,51.89,1405
Diana,JUNGLE,Poppy,SUPPORT,51.74,172
Diana,JUNGLE,Senna,SUPPORT,51.66,362
Diana,JUNGLE,Vel'Koz,SUPPORT,51.61,93
Diana,JUNGLE,Zilean,SUPPORT,51.47,204
Diana,JUNGLE,Bard,SUPPORT,51.44,659
Diana,JUNGLE,Pyke,SUPPORT,51.25,560
Diana,JUNGLE,Neeko,SUPPORT,50.36,280
Diana,JUNGLE,Karma,SUPPORT,50.31,982
Diana,JUNGLE,Thresh,SUPPORT,50.3,1008
Diana,JUNGLE,Tahm Kench,SUPPORT,50.0,88
Diana,MID,Graves,JUNGLE,61.87,139
Diana,MID,Dr. Mundo,JUNGLE,60.42,48
Diana,MID,Karthus,JUNGLE,56.52,23
Diana,MID,Zed,JUNGLE,55.36,112
Diana,MID,Wukong,JUNGLE,54.55,55
Diana,MID,Kha'Zix,JUNGLE,53.74,227
Diana,MID,Vi,JUNGLE,53.73,67
Diana,MID,Volibear,JUNGLE,53.19,47
Diana,MID,Rek'Sai,JUNGLE,52.94,102
Diana,MID,Shaco,JUNGLE,52.63,76
Diana,MID,Xin Zhao,JUNGLE,51.92,52
Diana,MID,Fiddlesticks,JUNGLE,51.72,29
Diana,MID,Elise,JUNGLE,51.61,31
Diana,MID,Hecarim,JUNGLE,51.14,88
Dr. Mundo,JUNGLE,Pantheon,SUPPORT,60.0,30
Dr. Mundo,JUNGLE,Pyke,SUPPORT,58.0,150
Dr. Mundo,JUNGLE,Lux,SUPPORT,56.52,46
Dr. Mundo,JUNGLE,Janna,SUPPORT,55.96,193
Dr. Mundo,JUNGLE,Elise,SUPPORT,55.32,47
Dr. Mundo,JUNGLE,Rakan,SUPPORT,55.07,138
Dr. Mundo,JUNGLE,Neeko,SUPPORT,54.72,106
Dr. Mundo,JUNGLE,Rell,SUPPORT,54.24,118
Dr. Mundo,JUNGLE,Alistar,SUPPORT,53.98,113
Dr. Mundo,JUNGLE,Thresh,SUPPORT,53.28,259
Dr. Mundo,JUNGLE,Vel'Koz,SUPPORT,53.13,32
Dr. Mundo,JUNGLE,Blitzcrank,SUPPORT,51.92,104
Dr. Mundo,JUNGLE,Sona,SUPPORT,51.85,243
Dr. Mundo,JUNGLE,Lulu,SUPPORT,51.51,299
Dr. Mundo,JUNGLE,Senna,SUPPORT,50.83,120
Dr. Mundo,JUNGLE,Milio,SUPPORT,50.76,132
Dr. Mundo,JUNGLE,Bard,SUPPORT,50.66,227
Dr. Mundo,JUNGLE,Zilean,SUPPORT,50.0,76
Dr. Mundo,TOP,Evelynn,JUNGLE,60.34,58
Dr. Mundo,TOP,Qiyana,JUNGLE,58.21,134
Dr. Mundo,TOP,Kha'Zix,JUNGLE,55.92,304
Dr. Mundo,TOP,Sylas,JUNGLE,54.03,124
Dr. Mundo,TOP,Sejuani,JUNGLE,53.33,30
Dr. Mundo,TOP,Rengar,JUNGLE,52.67,150
Dr. Mundo,TOP,Kindred,JUNGLE,52.33,86
Dr. Mundo,TOP,Rek'Sai,JUNGLE,51.61,124
Dr. Mundo,TOP,Lee Sin,JUNGLE,51.59,314
Dr. Mundo,TOP,Ekko,JUNGLE,51.26,318
Dr. Mundo,TOP,Zyra,JUNGLE,51.22,41
Dr. Mundo,TOP,Nunu & Willump,JUNGLE,51.04,96
Dr. Mundo,TOP,Talon,JUNGLE,50.85,177
Dr. Mundo,TOP,Nidalee,JUNGLE,50.55,91
Draven,ADC,Elise,SUPPORT,69.01,71
Draven,ADC,Zilean,SUPPORT,62.5,72
Draven,ADC,Taric,SUPPORT,60.66,61
Draven,ADC,Karma,SUPPORT,58.92,241
Draven,ADC,Sona,SUPPORT,56.97,165
Draven,ADC,Thresh,SUPPORT,54.9,683
Draven,ADC,Morgana,SUPPORT,54.69,64
Draven,ADC,Pyke,SUPPORT,54.08,429
Draven,ADC,Alistar,SUPPORT,53.95,228
Draven,ADC,Braum,SUPPORT,53.49,215
Draven,ADC,Blitzcrank,SUPPORT,52.96,287
Draven,ADC,Rakan,SUPPORT,52.11,142
Draven,ADC,Neeko,SUPPORT,51.76,85
Draven,ADC,Leona,SUPPORT,51.53,295
Draven,ADC,Bard,SUPPORT,50.0,156
Ekko,JUNGLE,Poppy,SUPPORT,58.9,163
Ekko,JUNGLE,Morgana,SUPPORT,55.86,145
Ekko,JUNGLE,Elise,SUPPORT,55.83,120
Ekko,JUNGLE,Leona,SUPPORT,53.8,487
Ekko,JUNGLE,Janna,SUPPORT,53.49,516
Ekko,JUNGLE,Rakan,SUPPORT,53.07,505
Ekko,JUNGLE,Alistar,SUPPORT,52.43,534
Ekko,JUNGLE,Senna,SUPPORT,52.31,281
Ekko,JUNGLE,Pyke,SUPPORT,51.74,489
Ekko,JUNGLE,Nami,SUPPORT,51.59,1101
Ekko,JUNGLE,Sona,SUPPORT,51.49,536
Ekko,JUNGLE,Thresh,SUPPORT,50.94,954
Ekko,JUNGLE,Blitzcrank,SUPPORT,50.87,401
Ekko,JUNGLE,Braum,SUPPORT,50.73,956
Ekko,JUNGLE,Nautilus,SUPPORT,50.67,971
Ekko,JUNGLE,Neeko,SUPPORT,50.55,271
Ekko,JUNGLE,Lulu,SUPPORT,50.17,869
Ekko,MID,Shaco,JUNGLE,64.52,124
Ekko,MID,Volibear,JUNGLE,59.8,102
Ekko,MID,Elise,JUNGLE,59.74,77
Ekko,MID,Kindred,JUNGLE,59.46,74
Ekko,MID,Rammus,JUNGLE,58.14,43
Ekko,MID,Nidalee,JUNGLE,55.93,59
Ekko,MID,Ivern,JUNGLE,55.56,72
Ekko,MID,Bel'Veth,JUNGLE,55.0,60
Ekko,MID,Karthus,JUNGLE,54.76,42
Ekko,MID,Graves,JUNGLE,54.49,167
Ekko,MID,Zed,JUNGLE,54.45,191
Ekko,MID,Rengar,JUNGLE,54.4,182
Ekko,MID,Jayce,JUNGLE,53.98,352
Ekko,MID,Nocturne,JUNGLE,53.85,91
Ekko,MID,Fiddlesticks,JUNGLE,53.33,60
Ekko,MID,Naafiri,JUNGLE,53.01,83
Ekko,MID,Rek'Sai,JUNGLE,52.91,206
Ekko,MID,Diana,JUNGLE,52.55,196
Ekko,MID,Master Yi,JUNGLE,52.21,136
Ekko,MID,Dr. Mundo,JUNGLE,52.17,92
Ekko,MID,Lee Sin,JUNGLE,51.93,491
Ekko,MID,Zyra,JUNGLE,51.52,33
Ekko,MID,Jarvan IV,JUNGLE,51.24,283
Ekko,MID,Malphite,JUNGLE,50.0,66
Elise,JUNGLE,Bard,SUPPORT,56.61,189
Elise,JUNGLE,Vel'Koz,SUPPORT,56.0,25
Elise,JUNGLE,Maokai,SUPPORT,55.88,34
Elise,JUNGLE,Lulu,SUPPORT,55.27,237
Elise,JUNGLE,Alistar,SUPPORT,55.23,172
Elise,JUNGLE,Neeko,SUPPORT,55.13,78
Elise,JUNGLE,Leona,SUPPORT,54.29,140
Elise,JUNGLE,Lux,SUPPORT,53.57,28
Elise,JUNGLE,Pantheon,SUPPORT,53.57,56
Elise,JUNGLE,Janna,SUPPORT,53.25,154
Elise,JUNGLE,Pyke,SUPPORT,53.23,124
Elise,JUNGLE,Blitzcrank,SUPPORT,52.63,95
Elise,JUNGLE,Thresh,SUPPORT,51.56,256
Elise,JUNGLE,Rakan,SUPPORT,51.18,127
Elise,JUNGLE,Karma,SUPPORT,50.37,270
Elise,JUNGLE,Rell,SUPPORT,50.0,110
Elise,SUPPORT,Draven,ADC,69.01,71
Elise,SUPPORT,Swain,ADC,66.67,24
Elise,SUPPORT,Yasuo,ADC,63.16,19
Elise,SUPPORT,Jinx,ADC,62.16,111
Elise,SUPPORT,Ziggs,ADC,60.61,33
Elise,SUPPORT,Yunara,ADC,59.16,191
Elise,SUPPORT,Zeri,ADC,54.29,35
Elise,SUPPORT,Sivir,ADC,53.19,94
Elise,SUPPORT,Varus,ADC,53.04,247
Elise,SUPPORT,Vayne,ADC,52.78,36
Elise,SUPPORT,Tristana,ADC,52.58,97
Elise,SUPPORT,Twitch,ADC,52.54,59
Elise,SUPPORT,Lucian,ADC,52.52,139
Elise,SUPPORT,Ezreal,ADC,52.48,242
Elise,SUPPORT,Kalista,ADC,51.72,29
Elise,SUPPORT,Caitlyn,ADC,51.09,368
Elise,SUPPORT,Corki,ADC,51.03,145
Elise,SUPPORT,Samira,ADC,50.94,53
Elise,SUPPORT,Ashe,ADC,50.0,72
Elise,SUPPORT,Nilah,ADC,50.0,24
Evelynn,JUNGLE,Poppy,SUPPORT,76.92,26
Evelynn,JUNGLE,Taric,SUPPORT,64.71,34
Evelynn,JUNGLE,Morgana,SUPPORT,61.29,31
Evelynn,JUNGLE,Rell,SUPPORT,58.41,113
Evelynn,JUNGLE,Thresh,SUPPORT,57.38,237
Evelynn,JUNGLE,Blitzcrank,SUPPORT,57.0,100
Evelynn,JUNGLE,Nautilus,SUPPORT,56.47,232
Evelynn,JUNGLE,Pantheon,SUPPORT,56.1,41
Evelynn,JUNGLE,Bard,SUPPORT,55.69,167
Evelynn,JUNGLE,Alistar,SUPPORT,53.42,146
Evelynn,JUNGLE,Karma,SUPPORT,52.13,211
Evelynn,JUNGLE,Neeko,SUPPORT,52.0,50
Evelynn,JUNGLE,Renata Glasc,SUPPORT,52.0,25
Evelynn,JUNGLE,Leona,SUPPORT,51.61,124
Evelynn,JUNGLE,Braum,SUPPORT,51.27,236
Evelynn,JUNGLE,Milio,SUPPORT,50.47,107
Evelynn,JUNGLE,Janna,SUPPORT,50.41,123
Evelynn,JUNGLE,Nami,SUPPORT,50.19,269
Ezreal,ADC,Maokai,SUPPORT,60.18,113
Ezreal,ADC,Elise,SUPPORT,52.48,242
Ezreal,ADC,Poppy,SUPPORT,52.28,241
Ezreal,ADC,Leona,SUPPORT,52.06,824
Ezreal,ADC,Zyra,SUPPORT,51.97,152
Ezreal,ADC,Zilean,SUPPORT,51.54,293
Ezreal,ADC,Alistar,SUPPORT,50.66,681
Ezreal,ADC,Janna,SUPPORT,50.38,784
Ezreal,ADC,Pantheon,SUPPORT,50.0,226
Fiddlesticks,JUNGLE,Elise,SUPPORT,68.18,22
Fiddlesticks,JUNGLE,Alistar,SUPPORT,58.4,125
Fiddlesticks,JUNGLE,Rell,SUPPORT,57.89,95
Fiddlesticks,JUNGLE,Blitzcrank,SUPPORT,57.75,71
Fiddlesticks,JUNGLE,Senna,SUPPORT,57.53,73
Fiddlesticks,JUNGLE,Vel'Koz,SUPPORT,56.52,23
Fiddlesticks,JUNGLE,Leona,SUPPORT,55.3,132
Fiddlesticks,JUNGLE,Thresh,SUPPORT,54.79,188
Fiddlesticks,JUNGLE,Neeko,SUPPORT,54.55,66
Fiddlesticks,JUNGLE,Zilean,SUPPORT,54.0,50
Fiddlesticks,JUNGLE,Karma,SUPPORT,52.43,185
Fiddlesticks,JUNGLE,Rakan,SUPPORT,52.03,123
Fiddlesticks,JUNGLE,Morgana,SUPPORT,51.85,27
Fiddlesticks,JUNGLE,Sona,SUPPORT,51.03,145
Fiddlesticks,JUNGLE,Nautilus,SUPPORT,50.49,206
Fiddlesticks,JUNGLE,Braum,SUPPORT,50.27,185
Fiddlesticks,JUNGLE,Lulu,SUPPORT,50.24,207
Fiddlesticks,JUNGLE,Maokai,SUPPORT,50.0,18
Fiddlesticks,JUNGLE,Zyra,SUPPORT,50.0,18
Fiora,TOP,Bel'Veth,JUNGLE,60.38,53
Fiora,TOP,Fiddlesticks,JUNGLE,59.0,100
Fiora,TOP,Elise,JUNGLE,57.94,107
Fiora,TOP,Ivern,JUNGLE,57.89,114
Fiora,TOP,Shaco,JUNGLE,57.24,145
Fiora,TOP,Warwick,JUNGLE,56.82,44
Fiora,TOP,Talon,JUNGLE,56.81,213
Fiora,TOP,Rengar,JUNGLE,56.78,199
Fiora,TOP,Lee Sin,JUNGLE,56.7,448
Fiora,TOP,Zyra,JUNGLE,56.58,76
Fiora,TOP,Jarvan IV,JUNGLE,56.12,294
Fiora,TOP,Kayn,JUNGLE,55.56,81
Fiora,TOP,Karthus,JUNGLE,55.1,98
Fiora,TOP,Dr. Mundo,JUNGLE,54.78,115
Fiora,TOP,Naafiri,JUNGLE,54.67,75
Fiora,TOP,Rek'Sai,JUNGLE,54.55,187
Fiora,TOP,Ekko,JUNGLE,54.37,412
Fiora,TOP,Briar,JUNGLE,54.17,72
Fiora,TOP,Zac,JUNGLE,53.29,152
Fiora,TOP,Zed,JUNGLE,52.69,186
Fiora,TOP,Jayce,JUNGLE,52.34,363
Fiora,TOP,Hecarim,JUNGLE,51.91,183
Fiora,TOP,Qiyana,JUNGLE,51.44,208
Fiora,TOP,Sejuani,JUNGLE,51.11,45
Fiora,TOP,Rammus,JUNGLE,50.98,51
Fiora,TOP,Nidalee,JUNGLE,50.69,144
Fiora,TOP,Evelynn,JUNGLE,50.38,131
Fiora,TOP,Nunu & Willump,JUNGLE,50.34,145
Fiora,TOP,Malphite,JUNGLE,50.0,90
Fizz,MID,Pantheon,JUNGLE,66.67,27
Fizz,MID,Fiddlesticks,JUNGLE,63.64,44
Fizz,MID,Nocturne,JUNGLE,60.87,46
Fizz,MID,Briar,JUNGLE,60.0,35
Fizz,MID,Ivern,JUNGLE,58.33,48
Fizz,MID,Dr. Mundo,JUNGLE,56.9,58
Fizz,MID,Xin Zhao,JUNGLE,54.69,64
Fizz,MID,Nunu & Willump,JUNGLE,54.43,79
Fizz,MID,Rengar,JUNGLE,54.39,114
Fizz,MID,Lee Sin,JUNGLE,53.9,295
Fizz,MID,Shaco,JUNGLE,53.85,91
Fizz,MID,Graves,JUNGLE,53.33,120
Fizz,MID,Rek'Sai,JUNGLE,53.15,111
Fizz,MID,Ekko,JUNGLE,52.24,134
Fizz,MID,Nidalee,JUNGLE,52.17,46
Fizz,MID,Udyr,JUNGLE,52.17,23
Fizz,MID,Master Yi,JUNGLE,52.11,71
Fizz,MID,Kha'Zix,JUNGLE,51.32,228
Fizz,MID,Hecarim,JUNGLE,51.06,94
Fizz,MID,Kindred,JUNGLE,51.02,49
Fizz,MID,Jarvan IV,JUNGLE,50.53,190
Fizz,MID,Diana,JUNGLE,50.0,140
Fizz,MID,Elise,JUNGLE,50.0,32
Fizz,MID,Talon,JUNGLE,50.0,136
Fizz,MID,Vi,JUNGLE,50.0,54
Fizz,MID,Zed,JUNGLE,50.0,124
Galio,MID,Zyra,JUNGLE,62.03,79
Galio,MID,Zac,JUNGLE,59.18,147
Galio,MID,Nocturne,JUNGLE,55.77,104
Galio,MID,Rek'Sai,JUNGLE,55.77,260
Galio,MID,Hecarim,JUNGLE,55.71,210
Galio,MID,Bel'Veth,JUNGLE,55.0,120
Galio,MID,Qiyana,JUNGLE,54.07,344
Galio,MID,Zed,JUNGLE,53.7,216
Galio,MID,Shaco,JUNGLE,53.38,148
Galio,MID,Lee Sin,JUNGLE,52.88,834
Galio,MID,Sylas,JUNGLE,52.6,192
Galio,MID,Xin Zhao,JUNGLE,52.44,164
Galio,MID,Ivern,JUNGLE,52.24,67
Galio,MID,Kha'Zix,JUNGLE,52.04,538
Galio,MID,Talon,JUNGLE,51.79,307
Galio,MID,Karthus,JUNGLE,51.11,90
Galio,MID,Diana,JUNGLE,51.06,331
Galio,MID,Jayce,JUNGLE,50.74,607
Galio,MID,Fiddlesticks,JUNGLE,50.65,77
Galio,MID,Rengar,JUNGLE,50.0,220
Gangplank,TOP,Evelynn,JUNGLE,64.22,109
Gangplank,TOP,Rek'Sai,JUNGLE,63.37,172
Gangplank,TOP,Sejuani,JUNGLE,60.47,43
Gangplank,TOP,Ivern,JUNGLE,59.74,77
Gangplank,TOP,Kayn,JUNGLE,57.78,90
Gangplank,TOP,Fiddlesticks,JUNGLE,57.69,104
Gangplank,TOP,Rammus,JUNGLE,57.45,47
Gangplank,TOP,Zac,JUNGLE,56.76,185
Gangplank,TOP,Nunu & Willump,JUNGLE,56.57,99
Gangplank,TOP,Elise,JUNGLE,56.14,114
Gangplank,TOP,Ekko,JUNGLE,56.0,425
Gangplank,TOP,Zed,JUNGLE,56.0,200
Gangplank,TOP,Kha'Zix,JUNGLE,55.73,375
Gangplank,TOP,Malphite,JUNGLE,55.32,94
Gangplank,TOP,Rengar,JUNGLE,54.71,170
Gangplank,TOP,Naafiri,JUNGLE,54.22,83
Gangplank,TOP,Master Yi,JUNGLE,54.09,159
Gangplank,TOP,Karthus,JUNGLE,53.85,104
Gangplank,TOP,Nocturne,JUNGLE,53.49,86
Gangplank,TOP,Wukong,JUNGLE,53.27,107
Gangplank,TOP,Jarvan IV,JUNGLE,53.18,299
Gangplank,TOP,Zyra,JUNGLE,52.86,70
Gangplank,TOP,Shaco,JUNGLE,52.67,131
Gangplank,TOP,Dr. Mundo,JUNGLE,52.43,103
Gangplank,TOP,Xin Zhao,JUNGLE,52.43,103
Gangplank,TOP,Diana,JUNGLE,52.04,490
Gangplank,TOP,Nidalee,JUNGLE,51.43,140
Gangplank,TOP,Lee Sin,JUNGLE,51.35,520
Gangplank,TOP,Hecarim,JUNGLE,50.57,174
Gangplank,TOP,Kindred,JUNGLE,50.57,87
Gangplank,TOP,Volibear,JUNGLE,50.38,131
Gangplank,TOP,Qiyana,JUNGLE,50.22,223
Garen,TOP,Briar,JUNGLE,59.52,42
Garen,TOP,Volibear,JUNGLE,58.1,105
Garen,TOP,Elise,JUNGLE,56.72,67
Garen,TOP,Ivern,JUNGLE,56.52,69
Garen,TOP,Rengar,JUNGLE,54.89,133
Garen,TOP,Kindred,JUNGLE,54.55,55
Garen,TOP,Nunu & Willump,JUNGLE,54.44,90
Garen,TOP,Talon,JUNGLE,54.03,124
Garen,TOP,Nidalee,JUNGLE,53.25,77
Garen,TOP,Diana,JUNGLE,52.81,303
Garen,TOP,Naafiri,JUNGLE,52.46,61
Garen,TOP,Rek'Sai,JUNGLE,51.69,89
Garen,TOP,Fiddlesticks,JUNGLE,51.67,60
Garen,TOP,Kha'Zix,JUNGLE,51.16,215
Garen,TOP,Wukong,JUNGLE,51.06,47
Garen,TOP,Jayce,JUNGLE,50.27,183
Garen,TOP,Karthus,JUNGLE,50.0,46
Garen,TOP,Udyr,JUNGLE,50.0,38
Gnar,TOP,Udyr,JUNGLE,59.09,44
Gnar,TOP,Rammus,JUNGLE,58.54,41
Gnar,TOP,Shaco,JUNGLE,57.41,108
Gnar,TOP,Naafiri,JUNGLE,57.14,63
Gnar,TOP,Evelynn,JUNGLE,55.95,84
Gnar,TOP,Malphite,JUNGLE,55.07,69
Gnar,TOP,Lillia,JUNGLE,54.67,75
Gnar,TOP,Zac,JUNGLE,54.48,145
Gnar,TOP,Diana,JUNGLE,53.15,365
Gnar,TOP,Rengar,JUNGLE,52.91,172
Gnar,TOP,Talon,JUNGLE,52.3,174
Gnar,TOP,Kha'Zix,JUNGLE,52.2,318
Gnar,TOP,Ekko,JUNGLE,51.66,362
Gnar,TOP,Karthus,JUNGLE,51.38,109
Gnar,TOP,Dr. Mundo,JUNGLE,51.16,86
Gnar,TOP,Nunu & Willump,JUNGLE,50.81,124
Gnar,TOP,Viego,JUNGLE,50.48,626
Gragas,TOP,Bel'Veth,JUNGLE,63.49,63
Gragas,TOP,Elise,JUNGLE,62.96,27
Gragas,TOP,Rammus,JUNGLE,62.96,27
Gragas,TOP,Kindred,JUNGLE,58.49,53
Gragas,TOP,Nunu & Willump,JUNGLE,57.69,52
Gragas,TOP,Master Yi,JUNGLE,57.29,96
Gragas,TOP,Qiyana,JUNGLE,56.45,124
Gragas,TOP,Evelynn,JUNGLE,56.0,25
Gragas,TOP,Ekko,JUNGLE,55.2,125
Gragas,TOP,Fiddlesticks,JUNGLE,55.17,29
Gragas,TOP,Rengar,JUNGLE,54.69,128
Gragas,TOP,Hecarim,JUNGLE,54.55,110
Gragas,TOP,Ivern,JUNGLE,54.55,33
Gragas,TOP,Nidalee,JUNGLE,54.17,48
Gragas,TOP,Naafiri,JUNGLE,53.33,60
Gragas,TOP,Xin Zhao,JUNGLE,53.03,66
Gragas,TOP,Diana,JUNGLE,52.87,174
Gragas,TOP,Sylas,JUNGLE,52.63,57
Gragas,TOP,Lee Sin,JUNGLE,52.52,318
Gragas,TOP,Rek'Sai,JUNGLE,51.25,80
Gragas,TOP,Nocturne,JUNGLE,51.02,49
Gragas,TOP,Dr. Mundo,JUNGLE,50.79,63
Gragas,TOP,Jarvan IV,JUNGLE,50.29,173
Gragas,TOP,Lillia,JUNGLE,50.0,24
Gragas,TOP,Volibear,JUNGLE,50.0,58
Graves,JUNGLE,Zilean,SUPPORT,57.58,66
Graves,JUNGLE,Rell,SUPPORT,55.88,170
Graves,JUNGLE,Neeko,SUPPORT,55.56,126
Graves,JUNGLE,Tahm Kench,SUPPORT,54.17,48
Graves,JUNGLE,Vel'Koz,SUPPORT,53.49,43
Graves,JUNGLE,Senna,SUPPORT,53.26,92
Graves,JUNGLE,Lulu,SUPPORT,53.2,359
Graves,JUNGLE,Braum,SUPPORT,53.13,352
Graves,JUNGLE,Sona,SUPPORT,52.71,258
Graves,JUNGLE,Nautilus,SUPPORT,52.63,418
Graves,JUNGLE,Pyke,SUPPORT,52.59,232
Graves,JUNGLE,Morgana,SUPPORT,52.0,75
Graves,JUNGLE,Poppy,SUPPORT,50.67,75
Graves,JUNGLE,Thresh,SUPPORT,50.33,455
Graves,JUNGLE,Leona,SUPPORT,50.23,221
Graves,JUNGLE,Blitzcrank,SUPPORT,50.0,182
Gwen,TOP,Ivern,JUNGLE,66.2,71
Gwen,TOP,Naafiri,JUNGLE,58.67,75
Gwen,TOP,Fiddlesticks,JUNGLE,57.89,57
Gwen,TOP,Nidalee,JUNGLE,57.35,68
Gwen,TOP,Dr. Mundo,JUNGLE,57.14,84
Gwen,TOP,Rengar,JUNGLE,57.06,177
Gwen,TOP,Talon,JUNGLE,55.41,231
Gwen,TOP,Kindred,JUNGLE,55.06,89
Gwen,TOP,Nocturne,JUNGLE,54.88,82
Gwen,TOP,Shaco,JUNGLE,54.46,112
Gwen,TOP,Zac,JUNGLE,54.35,92
Gwen,TOP,Volibear,JUNGLE,53.66,82
Gwen,TOP,Lee Sin,JUNGLE,53.59,502
Gwen,TOP,Elise,JUNGLE,53.19,47
Gwen,TOP,Master Yi,JUNGLE,53.15,111
Gwen,TOP,Bel'Veth,JUNGLE,53.03,66
Gwen,TOP,Rek'Sai,JUNGLE,52.84,176
Gwen,TOP,Diana,JUNGLE,52.42,227
Gwen,TOP,Sylas,JUNGLE,52.38,84
Gwen,TOP,Wukong,JUNGLE,52.38,84
Gwen,TOP,Kha'Zix,JUNGLE,52.35,361
Gwen,TOP,Jayce,JUNGLE,51.51,398
Gwen,TOP,Sejuani,JUNGLE,51.11,45
Gwen,TOP,Viego,JUNGLE,51.0,653
Gwen,TOP,Hecarim,JUNGLE,50.98,153
Gwen,TOP,Zed,JUNGLE,50.59,170
Gwen,TOP,Vi,JUNGLE,50.0,114
Hecarim,JUNGLE,Poppy,SUPPORT,61.97,71
Hecarim,JUNGLE,Lux,SUPPORT,54.84,62
Hecarim,JUNGLE,Braum,SUPPORT,52.88,399
Hecarim,JUNGLE,Morgana,SUPPORT,52.73,55
Hecarim,JUNGLE,Thresh,SUPPORT,51.94,387
Hecarim,JUNGLE,Elise,SUPPORT,51.72,58
Hecarim,JUNGLE,Janna,SUPPORT,51.66,271
Hecarim,JUNGLE,Milio,SUPPORT,51.11,225
Hecarim,JUNGLE,Pyke,SUPPORT,51.01,198
Hecarim,JUNGLE,Sona,SUPPORT,50.74,337
Hecarim,JUNGLE,Nami,SUPPORT,50.57,613
Hecarim,JUNGLE,Karma,SUPPORT,50.25,408
Hecarim,JUNGLE,Pantheon,SUPPORT,50.0,54
Heimerdinger,MID,Shaco,JUNGLE,83.33,6
Heimerdinger,MID,Xin Zhao,JUNGLE,80.0,5
Heimerdinger,MID,Diana,JUNGLE,75.0,4
Heimerdinger,MID,Kindred,JUNGLE,75.0,4
Heimerdinger,MID,Rek'Sai,JUNGLE,75.0,4
Heimerdinger,MID,Viego,JUNGLE,72.0,25
Heimerdinger,MID,Kayn,JUNGLE,66.67,3
Heimerdinger,MID,Naafiri,JUNGLE,66.67,6
Heimerdinger,MID,Vi,JUNGLE,66.67,6
Heimerdinger,MID,Kha'Zix,JUNGLE,59.09,22
Heimerdinger,MID,Nunu & Willump,JUNGLE,57.14,7
Heimerdinger,MID,Zed,JUNGLE,57.14,7
Heimerdinger,MID,Jarvan IV,JUNGLE,54.55,11
Heimerdinger,MID,Lee Sin,JUNGLE,52.94,17
Heimerdinger,MID,Bel'Veth,JUNGLE,50.0,2
Heimerdinger,MID,Dr. Mundo,JUNGLE,50.0,2
Heimerdinger,MID,Evelynn,JUNGLE,50.0,4
Heimerdinger,MID,Fiddlesticks,JUNGLE,50.0,2
Heimerdinger,MID,Hecarim,JUNGLE,50.0,6
Heimerdinger,MID,Nidalee,JUNGLE,50.0,4
Heimerdinger,MID,Olaf,JUNGLE,50.0,2
Heimerdinger,MID,Qiyana,JUNGLE,50.0,2
Heimerdinger,MID,Skarner,JUNGLE,50.0,2
Heimerdinger,MID,Sylas,JUNGLE,50.0,2
Hwei,ADC,Milio,SUPPORT,75.0,8
Hwei,ADC,Zilean,SUPPORT,75.0,8
Hwei,ADC,Soraka,SUPPORT,68.18,22
Hwei,ADC,Morgana,SUPPORT,66.67,9
Hwei,ADC,Pantheon,SUPPORT,64.71,17
Hwei,ADC,Janna,SUPPORT,62.07,29
Hwei,ADC,Seraphine,SUPPORT,60.0,20
Hwei,ADC,Alistar,SUPPORT,53.49,43
Hwei,ADC,Leona,SUPPORT,51.43,35
Hwei,ADC,Nami,SUPPORT,50.33,151
Hwei,ADC,Blitzcrank,SUPPORT,50.0,20
Hwei,ADC,Tahm Kench,SUPPORT,50.0,6
Hwei,ADC,Taric,SUPPORT,50.0,10
Hwei,ADC,Thresh,SUPPORT,50.0,38
Hwei,MID,Evelynn,JUNGLE,66.67,24
Hwei,MID,Nocturne,JUNGLE,63.27,49
Hwei,MID,Kindred,JUNGLE,61.9,42
Hwei,MID,Rammus,JUNGLE,57.14,28
Hwei,MID,Sylas,JUNGLE,56.86,51
Hwei,MID,Jarvan IV,JUNGLE,56.7,194
Hwei,MID,Talon,JUNGLE,56.03,116
Hwei,MID,Master Yi,JUNGLE,55.29,85
Hwei,MID,Hecarim,JUNGLE,54.74,95
Hwei,MID,Nidalee,JUNGLE,53.57,56
Hwei,MID,Rengar,JUNGLE,52.94,119
Hwei,MID,Vi,JUNGLE,52.63,57
Hwei,MID,Rek'Sai,JUNGLE,51.96,102
Hwei,MID,Shaco,JUNGLE,51.85,54
Hwei,MID,Elise,JUNGLE,50.0,36
Hwei,MID,Fiddlesticks,JUNGLE,50.0,32
Hwei,MID,Lillia,JUNGLE,50.0,26
Hwei,MID,Nunu & Willump,JUNGLE,50.0,58
Illaoi,TOP,Nidalee,JUNGLE,69.7,33
Illaoi,TOP,Zyra,JUNGLE,69.23,13
Illaoi,TOP,Graves,JUNGLE,65.52,29
Illaoi,TOP,Kindred,JUNGLE,64.29,14
Illaoi,TOP,Ivern,JUNGLE,63.64,22
Illaoi,TOP,Karthus,JUNGLE,63.04,46
Illaoi,TOP,Talon,JUNGLE,62.26,53
Illaoi,TOP,Fiddlesticks,JUNGLE,60.53,38
Illaoi,TOP,Bel'Veth,JUNGLE,60.0,15
Illaoi,TOP,Shaco,JUNGLE,58.54,41
Illaoi,TOP,Xin Zhao,JUNGLE,57.58,33
Illaoi,TOP,Kha'Zix,JUNGLE,54.76,84
Illaoi,TOP,Malphite,JUNGLE,54.55,22
Illaoi,TOP,Master Yi,JUNGLE,53.57,28
Illaoi,TOP,Volibear,JUNGLE,53.33,30
Illaoi,TOP,Sylas,JUNGLE,52.17,46
Illaoi,TOP,Diana,JUNGLE,51.22,82
Illaoi,TOP,Rek'Sai,JUNGLE,51.22,41
Illaoi,TOP,Elise,JUNGLE,50.0,26
Illaoi,TOP,Naafiri,JUNGLE,50.0,18
Illaoi,TOP,Warwick,JUNGLE,50.0,10
Irelia,TOP,Udyr,JUNGLE,59.72,72
Irelia,TOP,Karthus,JUNGLE,59.46,111
Irelia,TOP,Ivern,JUNGLE,59.41,101
Irelia,TOP,Zac,JUNGLE,58.39,149
Irelia,TOP,Graves,JUNGLE,56.59,182
Irelia,TOP,Elise,JUNGLE,55.96,109
Irelia,TOP,Lee Sin,JUNGLE,55.89,535
Irelia,TOP,Fiddlesticks,JUNGLE,55.36,112
Irelia,TOP,Master Yi,JUNGLE,55.32,141
Irelia,TOP,Rengar,JUNGLE,55.07,207
Irelia,TOP,Nidalee,JUNGLE,54.39,171
Irelia,TOP,Volibear,JUNGLE,53.89,167
Irelia,TOP,Vi,JUNGLE,53.39,118
Irelia,TOP,Lillia,JUNGLE,53.19,94
Irelia,TOP,Qiyana,JUNGLE,51.27,197
Irelia,TOP,Zed,JUNGLE,51.11,180
Irelia,TOP,Xin Zhao,JUNGLE,51.09,92
Irelia,TOP,Dr. Mundo,JUNGLE,50.91,110
Irelia,TOP,Kindred,JUNGLE,50.62,81
Irelia,TOP,Kha'Zix,JUNGLE,50.51,392
Irelia,TOP,Sejuani,JUNGLE,50.0,72
Ivern,JUNGLE,Taric,SUPPORT,72.97,37
Ivern,JUNGLE,Poppy,SUPPORT,63.41,41
Ivern,JUNGLE,Pantheon,SUPPORT,60.0,40
Ivern,JUNGLE,Rakan,SUPPORT,58.46,130
Ivern,JUNGLE,Rell,SUPPORT,58.12,117
Ivern,JUNGLE,Nami,SUPPORT,57.26,234
Ivern,JUNGLE,Alistar,SUPPORT,57.24,152
Ivern,JUNGLE,Nautilus,SUPPORT,56.86,299
Ivern,JUNGLE,Bard,SUPPORT,56.25,160
Ivern,JUNGLE,Braum,SUPPORT,56.21,290
Ivern,JUNGLE,Leona,SUPPORT,55.91,186
Ivern,JUNGLE,Sona,SUPPORT,55.34,103
Ivern,JUNGLE,Blitzcrank,SUPPORT,54.44,90
Ivern,JUNGLE,Pyke,SUPPORT,54.13,109
Ivern,JUNGLE,Thresh,SUPPORT,53.92,204
Ivern,JUNGLE,Seraphine,SUPPORT,53.57,56
Ivern,JUNGLE,Milio,SUPPORT,53.41,88
Ivern,JUNGLE,Lux,SUPPORT,52.94,34
Ivern,JUNGLE,Neeko,SUPPORT,50.0,88
Ivern,JUNGLE,Senna,SUPPORT,50.0,76
Janna,SUPPORT,Yasuo,ADC,58.76,177
Janna,SUPPORT,Xayah,ADC,55.65,124
Janna,SUPPORT,Samira,ADC,55.42,166
Janna,SUPPORT,Ziggs,ADC,54.78,115
Janna,SUPPORT,Aphelios,ADC,53.97,806
Janna,SUPPORT,Swain,ADC,53.85,78
Janna,SUPPORT,Mel,ADC,53.66,82
Janna,SUPPORT,Varus,ADC,52.83,761
Janna,SUPPORT,Sivir,ADC,52.54,611
Janna,SUPPORT,Jinx,ADC,52.45,713
Janna,SUPPORT,Zeri,ADC,51.91,183
Janna,SUPPORT,Tristana,ADC,51.75,228
Janna,SUPPORT,Ashe,ADC,51.34,298
Janna,SUPPORT,Caitlyn,ADC,51.34,711
Janna,SUPPORT,Yunara,ADC,51.03,682
Janna,SUPPORT,Nilah,ADC,50.98,102
Janna,SUPPORT,Smolder,ADC,50.76,463
Janna,SUPPORT,Ezreal,ADC,50.38,784
Janna,SUPPORT,Corki,ADC,50.0,456
Janna,SUPPORT,Vayne,ADC,50.0,294
Jarvan IV,JUNGLE,Taric,SUPPORT,58.45,142
Jarvan IV,JUNGLE,Zyra,SUPPORT,56.25,80
Jarvan IV,JUNGLE,Braum,SUPPORT,54.19,716
Jarvan IV,JUNGLE,Elise,SUPPORT,53.68,136
Jarvan IV,JUNGLE,Neeko,SUPPORT,53.53,312
Jarvan IV,JUNGLE,Blitzcrank,SUPPORT,53.43,335
Jarvan IV,JUNGLE,Janna,SUPPORT,52.8,483
Jarvan IV,JUNGLE,Soraka,SUPPORT,52.65,302
Jarvan IV,JUNGLE,Leona,SUPPORT,51.7,352
Jarvan IV,JUNGLE,Bard,SUPPORT,51.55,646
Jarvan IV,JUNGLE,Zilean,SUPPORT,51.39,144
Jarvan IV,JUNGLE,Vel'Koz,SUPPORT,51.33,113
Jarvan IV,JUNGLE,Senna,SUPPORT,51.02,294
Jarvan IV,JUNGLE,Lux,SUPPORT,50.79,126
Jarvan IV,JUNGLE,Karma,SUPPORT,50.63,788
Jax,TOP,Zyra,JUNGLE,62.37,93
Jax,TOP,Lillia,JUNGLE,61.8,89
Jax,TOP,Karthus,JUNGLE,61.59,151
Jax,TOP,Rek'Sai,JUNGLE,59.57,277
Jax,TOP,Kindred,JUNGLE,56.25,128
Jax,TOP,Udyr,JUNGLE,55.7,79
Jax,TOP,Nocturne,JUNGLE,55.56,126
Jax,TOP,Zac,JUNGLE,55.36,224
Jax,TOP,Vi,JUNGLE,55.26,190
Jax,TOP,Nunu & Willump,JUNGLE,54.08,196
Jax,TOP,Shaco,JUNGLE,53.99,213
Jax,TOP,Ivern,JUNGLE,53.49,129
Jax,TOP,Elise,JUNGLE,53.44,131
Jax,TOP,Naafiri,JUNGLE,53.38,133
Jax,TOP,Diana,JUNGLE,53.26,614
Jax,TOP,Rengar,JUNGLE,52.55,274
Jax,TOP,Fiddlesticks,JUNGLE,51.92,104
Jax,TOP,Xin Zhao,JUNGLE,51.63,153
Jax,TOP,Dr. Mundo,JUNGLE,51.4,179
Jax,TOP,Kha'Zix,JUNGLE,51.35,555
Jax,TOP,Jayce,JUNGLE,51.06,613
Jax,TOP,Qiyana,JUNGLE,50.84,297
Jax,TOP,Jarvan IV,JUNGLE,50.76,459
Jax,TOP,Talon,JUNGLE,50.5,299
Jayce,JUNGLE,Taric,SUPPORT,55.61,187
Jayce,JUNGLE,Morgana,SUPPORT,53.06,147
Jayce,JUNGLE,Janna,SUPPORT,52.33,451
Jayce,JUNGLE,Elise,SUPPORT,52.1,167
Jayce,JUNGLE,Maokai,SUPPORT,51.46,103
Jayce,JUNGLE,Braum,SUPPORT,51.25,1038
Jayce,JUNGLE,Leona,SUPPORT,51.13,618
Jayce,JUNGLE,Alistar,SUPPORT,50.83,661
Jayce,JUNGLE,Thresh,SUPPORT,50.8,941
Jayce,JUNGLE,Neeko,SUPPORT,50.25,396
Jayce,JUNGLE,Rell,SUPPORT,50.11,465
Jayce,JUNGLE,Nami,SUPPORT,50.05,1015
Jayce,MID,Kindred,JUNGLE,70.59,17
Jayce,MID,Shaco,JUNGLE,70.0,20
Jayce,MID,Bel'Veth,JUNGLE,66.67,18
Jayce,MID,Karthus,JUNGLE,65.75,73
Jayce,MID,Udyr,JUNGLE,61.54,13
Jayce,MID,Elise,JUNGLE,59.38,64
Jayce,MID,Ivern,JUNGLE,59.18,49
Jayce,MID,Rek'Sai,JUNGLE,59.09,44
Jayce,MID,Nocturne,JUNGLE,58.33,12
Jayce,MID,Diana,JUNGLE,58.25,194
Jayce,MID,Zyra,JUNGLE,58.14,43
Jayce,MID,Fiddlesticks,JUNGLE,58.0,50
Jayce,MID,Sylas,JUNGLE,56.0,75
Jayce,MID,Zac,JUNGLE,56.0,50
Jayce,MID,Ekko,JUNGLE,53.76,186
Jayce,MID,Nunu & Willump,JUNGLE,53.57,56
Jayce,MID,Nidalee,JUNGLE,53.42,73
Jayce,MID,Kha'Zix,JUNGLE,52.17,46
Jayce,MID,Hecarim,JUNGLE,50.0,30
Jayce,MID,Talon,JUNGLE,50.0,34
Jayce,MID,Vi,JUNGLE,50.0,14
Jayce,TOP,Rammus,JUNGLE,59.57,47
Jayce,TOP,Master Yi,JUNGLE,58.68,121
Jayce,TOP,Bel'Veth,JUNGLE,57.63,59
Jayce,TOP,Talon,JUNGLE,57.63,177
Jayce,TOP,Nocturne,JUNGLE,57.14,63
Jayce,TOP,Ekko,JUNGLE,55.95,370
Jayce,TOP,Xin Zhao,JUNGLE,55.32,94
Jayce,TOP,Elise,JUNGLE,55.24,105
Jayce,TOP,Rek'Sai,JUNGLE,55.03,169
Jayce,TOP,Hecarim,JUNGLE,54.89,133
Jayce,TOP,Jarvan IV,JUNGLE,54.55,275
Jayce,TOP,Graves,JUNGLE,54.36,149
Jayce,TOP,Dr. Mundo,JUNGLE,54.08,98
Jayce,TOP,Nidalee,JUNGLE,53.33,150
Jayce,TOP,Zed,JUNGLE,53.29,152
Jayce,TOP,Rengar,JUNGLE,53.13,160
Jayce,TOP,Sylas,JUNGLE,53.04,181
Jayce,TOP,Lillia,JUNGLE,52.78,72
Jayce,TOP,Vi,JUNGLE,52.34,128
Jayce,TOP,Pantheon,JUNGLE,52.27,44
Jayce,TOP,Kha'Zix,JUNGLE,51.46,309
Jayce,TOP,Shaco,JUNGLE,51.18,127
Jayce,TOP,Qiyana,JUNGLE,50.35,141
Jayce,TOP,Udyr,JUNGLE,50.0,44
Jhin,ADC,Poppy,SUPPORT,54.36,195
Jhin,ADC,Brand,SUPPORT,52.63,133
Jhin,ADC,Vel'Koz,SUPPORT,52.54,335
Jhin,ADC,Blitzcrank,SUPPORT,52.27,419
Jhin,ADC,Milio,SUPPORT,52.27,176
Jhin,ADC,Lux,SUPPORT,51.8,222
Jhin,ADC,Thresh,SUPPORT,51.21,746
Jhin,ADC,Sona,SUPPORT,51.15,694
Jhin,ADC,Morgana,SUPPORT,51.0,200
Jhin,ADC,Rell,SUPPORT,50.78,386
Jhin,ADC,Senna,SUPPORT,50.47,430
Jhin,ADC,Bard,SUPPORT,50.07,1388
Jinx,ADC,Elise,SUPPORT,62.16,111
Jinx,ADC,Poppy,SUPPORT,61.07,149
Jinx,ADC,Senna,SUPPORT,57.2,236
Jinx,ADC,Braum,SUPPORT,55.55,1442
Jinx,ADC,Pyke,SUPPORT,55.37,354
Jinx,ADC,Nautilus,SUPPORT,53.0,949
Jinx,ADC,Janna,SUPPORT,52.45,713
Jinx,ADC,Sona,SUPPORT,52.35,724
Jinx,ADC,Leona,SUPPORT,52.34,470
Jinx,ADC,Thresh,SUPPORT,52.14,2131
Jinx,ADC,Blitzcrank,SUPPORT,52.08,528
Jinx,ADC,Morgana,SUPPORT,52.07,169
Jinx,ADC,Lulu,SUPPORT,51.79,2879
Jinx,ADC,Alistar,SUPPORT,51.47,612
Jinx,ADC,Rakan,SUPPORT,50.93,483
Jinx,ADC,Tahm Kench,SUPPORT,50.66,152
Jinx,ADC,Nami,SUPPORT,50.58,781
Jinx,ADC,Rell,SUPPORT,50.52,386
Jinx,ADC,Zilean,SUPPORT,50.19,257
Jinx,ADC,Taric,SUPPORT,50.0,144
K'Sante,TOP,Bel'Veth,JUNGLE,62.67,75
K'Sante,TOP,Naafiri,JUNGLE,61.86,97
K'Sante,TOP,Rengar,JUNGLE,58.17,208
K'Sante,TOP,Rek'Sai,JUNGLE,55.15,194
K'Sante,TOP,Dr. Mundo,JUNGLE,54.84,93
K'Sante,TOP,Nidalee,JUNGLE,54.63,216
K'Sante,TOP,Zyra,JUNGLE,54.22,83
K'Sante,TOP,Qiyana,JUNGLE,52.99,251
K'Sante,TOP,Fiddlesticks,JUNGLE,52.69,93
K'Sante,TOP,Nunu & Willump,JUNGLE,52.34,128
K'Sante,TOP,Elise,JUNGLE,52.24,134
K'Sante,TOP,Volibear,JUNGLE,51.69,118
K'Sante,TOP,Graves,JUNGLE,50.83,240
K'Sante,TOP,Zed,JUNGLE,50.72,209
K'Sante,TOP,Talon,JUNGLE,50.41,246
K'Sante,TOP,Karthus,JUNGLE,50.0,132
Kai'Sa,ADC,Neeko,SUPPORT,55.29,1105
Kai'Sa,ADC,Taric,SUPPORT,54.88,246
Kai'Sa,ADC,Lux,SUPPORT,52.14,140
Kai'Sa,ADC,Braum,SUPPORT,52.1,1430
Kai'Sa,ADC,Leona,SUPPORT,51.77,1354
Kai'Sa,ADC,Pyke,SUPPORT,51.2,1785
Kai'Sa,ADC,Alistar,SUPPORT,50.54,1393
Kai'Sa,ADC,Zilean,SUPPORT,50.21,237
Kai'Sa,ADC,Seraphine,SUPPORT,50.0,288
Kalista,ADC,Janna,SUPPORT,72.73,22
Kalista,ADC,Zilean,SUPPORT,71.43,14
Kalista,ADC,Milio,SUPPORT,58.33,12
Kalista,ADC,Pantheon,SUPPORT,54.17,24
Kalista,ADC,Nami,SUPPORT,54.05,37
Kalista,ADC,Braum,SUPPORT,53.85,104
Kalista,ADC,Rakan,SUPPORT,53.85,26
Kalista,ADC,Taric,SUPPORT,53.77,106
Kalista,ADC,Rell,SUPPORT,53.03,66
Kalista,ADC,Thresh,SUPPORT,52.31,195
Kalista,ADC,Elise,SUPPORT,51.72,29
Kalista,ADC,Soraka,SUPPORT,51.52,33
Kalista,ADC,Blitzcrank,SUPPORT,51.43,70
Kalista,ADC,Nautilus,SUPPORT,50.0,186
Karma,SUPPORT,Draven,ADC,58.92,241
Karma,SUPPORT,Ziggs,ADC,58.29,175
Karma,SUPPORT,Swain,ADC,57.93,164
Karma,SUPPORT,Zeri,ADC,52.99,234
Karma,SUPPORT,Varus,ADC,52.18,1721
Karma,SUPPORT,Aphelios,ADC,51.69,1064
Karma,SUPPORT,Seraphine,ADC,51.68,149
Karma,SUPPORT,Ashe,ADC,51.03,435
Karma,SUPPORT,Caitlyn,ADC,50.52,2007
Karma,SUPPORT,Kog'Maw,ADC,50.0,126
Karma,SUPPORT,Mel,ADC,50.0,128
Karma,SUPPORT,Nilah,ADC,50.0,152
Karthus,JUNGLE,Pantheon,SUPPORT,68.89,45
Karthus,JUNGLE,Taric,SUPPORT,65.0,40
Karthus,JUNGLE,Morgana,SUPPORT,60.0,25
Karthus,JUNGLE,Pyke,SUPPORT,57.6,125
Karthus,JUNGLE,Alistar,SUPPORT,57.42,155
Karthus,JUNGLE,Nautilus,SUPPORT,57.32,328
Karthus,JUNGLE,Tahm Kench,SUPPORT,57.14,21
Karthus,JUNGLE,Karma,SUPPORT,56.92,195
Karthus,JUNGLE,Janna,SUPPORT,56.9,116
Karthus,JUNGLE,Lux,SUPPORT,56.52,23
Karthus,JUNGLE,Blitzcrank,SUPPORT,55.81,129
Karthus,JUNGLE,Leona,SUPPORT,55.09,167
Karthus,JUNGLE,Rakan,SUPPORT,54.87,113
Karthus,JUNGLE,Rell,SUPPORT,54.47,123
Karthus,JUNGLE,Lulu,SUPPORT,54.13,218
Karthus,JUNGLE,Neeko,SUPPORT,53.95,76
Karthus,JUNGLE,Milio,SUPPORT,53.19,94
Karthus,JUNGLE,Zilean,SUPPORT,52.78,36
Karthus,JUNGLE,Thresh,SUPPORT,52.07,242
Karthus,JUNGLE,Braum,SUPPORT,50.88,226
Karthus,JUNGLE,Elise,SUPPORT,50.0,36
Kassadin,MID,Malphite,JUNGLE,64.47,76
Kassadin,MID,Udyr,JUNGLE,61.9,84
Kassadin,MID,Dr. Mundo,JUNGLE,59.09,176
Kassadin,MID,Graves,JUNGLE,57.39,176
Kassadin,MID,Zed,JUNGLE,57.38,244
Kassadin,MID,Shaco,JUNGLE,56.41,195
Kassadin,MID,Xin Zhao,JUNGLE,55.83,120
Kassadin,MID,Qiyana,JUNGLE,55.09,285
Kassadin,MID,Rengar,JUNGLE,54.93,335
Kassadin,MID,Master Yi,JUNGLE,54.19,203
Kassadin,MID,Zac,JUNGLE,54.17,216
Kassadin,MID,Nunu & Willump,JUNGLE,54.07,172
Kassadin,MID,Kha'Zix,JUNGLE,53.82,550
Kassadin,MID,Briar,JUNGLE,53.77,106
Kassadin,MID,Volibear,JUNGLE,53.74,227
Kassadin,MID,Rek'Sai,JUNGLE,53.66,205
Kassadin,MID,Lee Sin,JUNGLE,53.04,494
Kassadin,MID,Fiddlesticks,JUNGLE,52.56,78
Kassadin,MID,Talon,JUNGLE,52.22,383
Kassadin,MID,Elise,JUNGLE,51.95,77
Kassadin,MID,Diana,JUNGLE,51.62,370
Kassadin,MID,Ivern,JUNGLE,51.61,124
Kassadin,MID,Naafiri,JUNGLE,51.61,124
Kassadin,MID,Hecarim,JUNGLE,51.39,251
Kassadin,MID,Jarvan IV,JUNGLE,51.13,397
Kassadin,MID,Vi,JUNGLE,51.09,92
Kassadin,MID,Nocturne,JUNGLE,50.76,132
Kassadin,MID,Kindred,JUNGLE,50.0,84
Katarina,MID,Rammus,JUNGLE,64.06,64
Katarina,MID,Shaco,JUNGLE,61.62,198
Katarina,MID,Zac,JUNGLE,58.69,259
Katarina,MID,Rengar,JUNGLE,58.2,366
Katarina,MID,Karthus,JUNGLE,57.58,99
Katarina,MID,Bel'Veth,JUNGLE,57.5,120
Katarina,MID,Dr. Mundo,JUNGLE,57.5,200
Katarina,MID,Elise,JUNGLE,57.14,119
Katarina,MID,Rek'Sai,JUNGLE,56.85,343
Katarina,MID,Volibear,JUNGLE,56.31,222
Katarina,MID,Zyra,JUNGLE,55.93,59
Katarina,MID,Nunu & Willump,JUNGLE,55.84,197
Katarina,MID,Qiyana,JUNGLE,55.37,307
Katarina,MID,Xin Zhao,JUNGLE,55.0,160
Katarina,MID,Ivern,JUNGLE,54.86,144
Katarina,MID,Master Yi,JUNGLE,54.75,179
Katarina,MID,Sejuani,JUNGLE,54.29,140
Katarina,MID,Nidalee,JUNGLE,53.28,137
Katarina,MID,Malphite,JUNGLE,53.21,156
Katarina,MID,Fiddlesticks,JUNGLE,53.1,113
Katarina,MID,Kindred,JUNGLE,53.04,115
Katarina,MID,Jayce,JUNGLE,52.73,550
Katarina,MID,Zed,JUNGLE,52.69,279
Katarina,MID,Diana,JUNGLE,51.97,456
Katarina,MID,Graves,JUNGLE,51.97,229
Katarina,MID,Nocturne,JUNGLE,51.35,148
Katarina,MID,Kayn,JUNGLE,51.27,158
Katarina,MID,Jarvan IV,JUNGLE,51.22,533
Katarina,MID,Ekko,JUNGLE,50.59,425
Katarina,MID,Kha'Zix,JUNGLE,50.17,586
Katarina,MID,Udyr,JUNGLE,50.0,74
Katarina,MID,Vi,JUNGLE,50.0,186
Kayle,MID,Diana,JUNGLE,70.65,92
Kayle,MID,Rengar,JUNGLE,62.82,78
Kayle,MID,Kindred,JUNGLE,61.9,21
Kayle,MID,Bel'Veth,JUNGLE,61.54,13
Kayle,MID,Rek'Sai,JUNGLE,60.0,50
Kayle,MID,Karthus,JUNGLE,57.14,14
Kayle,MID,Master Yi,JUNGLE,57.14,42
Kayle,MID,Zac,JUNGLE,57.14,21
Kayle,MID,Kha'Zix,JUNGLE,55.91,127
Kayle,MID,Ivern,JUNGLE,55.56,27
Kayle,MID,Shaco,JUNGLE,55.26,38
Kayle,MID,Ekko,JUNGLE,55.06,89
Kayle,MID,Amumu,JUNGLE,54.55,11
Kayle,MID,Volibear,JUNGLE,54.39,57
Kayle,MID,Qiyana,JUNGLE,53.85,39
Kayle,MID,Rammus,JUNGLE,53.85,13
Kayle,MID,Nocturne,JUNGLE,53.57,28
Kayle,MID,Nunu & Willump,JUNGLE,53.49,43
Kayle,MID,Lee Sin,JUNGLE,53.41,88
Kayle,MID,Viego,JUNGLE,52.43,185
Kayle,MID,Elise,JUNGLE,52.38,21
Kayle,MID,Lillia,JUNGLE,50.0,14
Kayle,MID,Sylas,JUNGLE,50.0,26
Kayle,MID,Udyr,JUNGLE,50.0,16
Kayle,TOP,Kindred,JUNGLE,63.27,49
Kayle,TOP,Shaco,JUNGLE,60.47,86
Kayle,TOP,Qiyana,JUNGLE,60.36,111
Kayle,TOP,Diana,JUNGLE,58.97,195
Kayle,TOP,Rengar,JUNGLE,57.98,119
Kayle,TOP,Lillia,JUNGLE,57.14,28
Kayle,TOP,Lee Sin,JUNGLE,57.09,268
Kayle,TOP,Rammus,JUNGLE,56.67,30
Kayle,TOP,Zac,JUNGLE,55.1,98
Kayle,TOP,Master Yi,JUNGLE,54.32,81
Kayle,TOP,Zed,JUNGLE,53.78,119
Kayle,TOP,Vi,JUNGLE,53.7,54
Kayle,TOP,Xin Zhao,JUNGLE,53.7,54
Kayle,TOP,Nocturne,JUNGLE,53.45,58
Kayle,TOP,Kha'Zix,JUNGLE,53.27,214
Kayle,TOP,Naafiri,JUNGLE,53.23,62
Kayle,TOP,Nunu & Willump,JUNGLE,52.7,74
Kayle,TOP,Kayn,JUNGLE,52.31,65
Kayle,TOP,Rek'Sai,JUNGLE,52.17,92
Kayle,TOP,Wukong,JUNGLE,52.17,69
Kayle,TOP,Ekko,JUNGLE,52.0,150
Kayle,TOP,Graves,JUNGLE,52.0,100
Kayle,TOP,Warwick,JUNGLE,52.0,25
Kayle,TOP,Nidalee,JUNGLE,51.16,43
Kayle,TOP,Dr. Mundo,JUNGLE,51.14,88
Kayle,TOP,Ivern,JUNGLE,51.11,45
Kayle,TOP,Jarvan IV,JUNGLE,50.67,223
Kayle,TOP,Viego,JUNGLE,50.5,398
Kayle,TOP,Briar,JUNGLE,50.0,38
Kayle,TOP,Evelynn,JUNGLE,50.0,28
Kayle,TOP,Karthus,JUNGLE,50.0,46
Kayle,TOP,Malphite,JUNGLE,50.0,58
Kayn,JUNGLE,Brand,SUPPORT,57.14,21
Kayn,JUNGLE,Braum,SUPPORT,53.27,199
Kayn,JUNGLE,Alistar,SUPPORT,53.15,111
Kayn,JUNGLE,Sona,SUPPORT,52.73,220
Kayn,JUNGLE,Morgana,SUPPORT,52.5,40
Kayn,JUNGLE,Poppy,SUPPORT,52.17,23
Kayn,JUNGLE,Karma,SUPPORT,51.95,231
Kayn,JUNGLE,Elise,SUPPORT,51.28,39
Kayn,JUNGLE,Janna,SUPPORT,50.83,120
Kayn,JUNGLE,Leona,SUPPORT,50.83,120
Kayn,JUNGLE,Bard,SUPPORT,50.0,158
Kayn,JUNGLE,Nautilus,SUPPORT,50.0,204
Kennen,TOP,Naafiri,JUNGLE,60.32,63
Kennen,TOP,Lillia,JUNGLE,59.46,37
Kennen,TOP,Zyra,JUNGLE,58.33,48
Kennen,TOP,Rek'Sai,JUNGLE,57.77,206
Kennen,TOP,Sylas,JUNGLE,57.73,97
Kennen,TOP,Zed,JUNGLE,56.97,165
Kennen,TOP,Ekko,JUNGLE,56.28,183
Kennen,TOP,Bel'Veth,JUNGLE,56.1,82
Kennen,TOP,Kindred,JUNGLE,56.1,82
Kennen,TOP,Hecarim,JUNGLE,55.56,189
Kennen,TOP,Briar,JUNGLE,55.32,47
Kennen,TOP,Udyr,JUNGLE,55.0,40
Kennen,TOP,Xin Zhao,JUNGLE,54.62,119
Kennen,TOP,Volibear,JUNGLE,54.55,110
Kennen,TOP,Karthus,JUNGLE,54.17,48
Kennen,TOP,Graves,JUNGLE,54.0,150
Kennen,TOP,Lee Sin,JUNGLE,53.98,615
Kennen,TOP,Diana,JUNGLE,53.85,208
Kennen,TOP,Zac,JUNGLE,53.57,112
Kennen,TOP,Kha'Zix,JUNGLE,53.56,351
Kennen,TOP,Pantheon,JUNGLE,52.78,36
Kennen,TOP,Nunu & Willump,JUNGLE,52.63,95
Kennen,TOP,Rammus,JUNGLE,52.63,38
Kennen,TOP,Vi,JUNGLE,52.49,181
Kennen,TOP,Nocturne,JUNGLE,52.48,101
Kennen,TOP,Malphite,JUNGLE,52.46,61
Kennen,TOP,Shaco,JUNGLE,52.34,107
Kennen,TOP,Wukong,JUNGLE,52.33,86
Kennen,TOP,Jarvan IV,JUNGLE,52.01,298
Kennen,TOP,Dr. Mundo,JUNGLE,51.65,91
Kennen,TOP,Jayce,JUNGLE,51.49,402
Kennen,TOP,Ivern,JUNGLE,51.43,70
Kennen,TOP,Viego,JUNGLE,51.4,788
Kennen,TOP,Qiyana,JUNGLE,50.65,231
Kennen,TOP,Master Yi,JUNGLE,50.0,160
Kha'Zix,JUNGLE,Vel'Koz,SUPPORT,56.73,104
Kha'Zix,JUNGLE,Poppy,SUPPORT,56.45,186
Kha'Zix,JUNGLE,Zyra,SUPPORT,56.07,107
Kha'Zix,JUNGLE,Elise,SUPPORT,55.09,167
Kha'Zix,JUNGLE,Taric,SUPPORT,54.6,174
Kha'Zix,JUNGLE,Nami,SUPPORT,54.56,1239
Kha'Zix,JUNGLE,Bard,SUPPORT,54.42,792
Kha'Zix,JUNGLE,Milio,SUPPORT,53.32,482
Kha'Zix,JUNGLE,Janna,SUPPORT,53.29,608
Kha'Zix,JUNGLE,Leona,SUPPORT,53.21,545
Kha'Zix,JUNGLE,Thresh,SUPPORT,53.11,964
Kha'Zix,JUNGLE,Braum,SUPPORT,52.95,882
Kha'Zix,JUNGLE,Blitzcrank,SUPPORT,52.84,405
Kha'Zix,JUNGLE,Seraphine,SUPPORT,52.21,272
Kha'Zix,JUNGLE,Sona,SUPPORT,51.75,657
Kha'Zix,JUNGLE,Rell,SUPPORT,51.21,371
Kha'Zix,JUNGLE,Zilean,SUPPORT,50.75,201
Kha'Zix,JUNGLE,Alistar,SUPPORT,50.47,529
Kha'Zix,JUNGLE,Karma,SUPPORT,50.46,969
Kha'Zix,JUNGLE,Neeko,SUPPORT,50.29,340
Kindred,JUNGLE,Elise,SUPPORT,60.98,41
Kindred,JUNGLE,Thresh,SUPPORT,58.99,217
Kindred,JUNGLE,Seraphine,SUPPORT,57.81,64
Kindred,JUNGLE,Poppy,SUPPORT,57.5,40
Kindred,JUNGLE,Milio,SUPPORT,55.93,118
Kindred,JUNGLE,Braum,SUPPORT,55.6,250
Kindred,JUNGLE,Bard,SUPPORT,55.56,171
Kindred,JUNGLE,Leona,SUPPORT,55.33,150
Kindred,JUNGLE,Alistar,SUPPORT,54.68,139
Kindred,JUNGLE,Pantheon,SUPPORT,53.85,39
Kindred,JUNGLE,Nautilus,SUPPORT,53.71,229
Kindred,JUNGLE,Soraka,SUPPORT,53.61,97
Kindred,JUNGLE,Rakan,SUPPORT,52.46,122
Kindred,JUNGLE,Maokai,SUPPORT,52.38,21
Kindred,JUNGLE,Pyke,SUPPORT,52.29,109
Kindred,JUNGLE,Rell,SUPPORT,52.13,94
Kindred,JUNGLE,Lulu,SUPPORT,51.93,233
Kindred,JUNGLE,Morgana,SUPPORT,51.43,35
Kindred,JUNGLE,Nami,SUPPORT,50.2,253
Kled,TOP,Zyra,JUNGLE,67.86,28
Kled,TOP,Ivern,JUNGLE,65.71,35
Kled,TOP,Karthus,JUNGLE,61.11,36
Kled,TOP,Elise,JUNGLE,59.46,37
Kled,TOP,Nidalee,JUNGLE,57.81,64
Kled,TOP,Nunu & Willump,JUNGLE,57.63,59
Kled,TOP,Dr. Mundo,JUNGLE,56.67,30
Kled,TOP,Vi,JUNGLE,56.41,39
Kled,TOP,Nocturne,JUNGLE,56.25,32
Kled,TOP,Naafiri,JUNGLE,55.56,27
Kled,TOP,Jarvan IV,JUNGLE,55.26,114
Kled,TOP,Xin Zhao,JUNGLE,55.26,38
Kled,TOP,Rammus,JUNGLE,55.0,20
Kled,TOP,Kha'Zix,JUNGLE,54.97,151
Kled,TOP,Qiyana,JUNGLE,54.05,74
Kled,TOP,Zac,JUNGLE,53.45,58
Kled,TOP,Kindred,JUNGLE,51.85,27
Kled,TOP,Ekko,JUNGLE,51.45,138
Kled,TOP,Talon,JUNGLE,50.85,59
Kled,TOP,Lee Sin,JUNGLE,50.27,185
Kled,TOP,Shaco,JUNGLE,50.0,36
Kled,TOP,Warwick,JUNGLE,50.0,16
Kog'Maw,ADC,Neeko,SUPPORT,69.57,23
Kog'Maw,ADC,Lux,SUPPORT,60.0,15
Kog'Maw,ADC,Braum,SUPPORT,57.69,156
Kog'Maw,ADC,Leona,SUPPORT,55.81,43
Kog'Maw,ADC,Rakan,SUPPORT,55.32,47
Kog'Maw,ADC,Alistar,SUPPORT,54.55,66
Kog'Maw,ADC,Lulu,SUPPORT,54.27,691
Kog'Maw,ADC,Poppy,SUPPORT,52.94,17
Kog'Maw,ADC,Milio,SUPPORT,52.59,232
Kog'Maw,ADC,Pyke,SUPPORT,52.54,59
Kog'Maw,ADC,Blitzcrank,SUPPORT,52.5,40
Kog'Maw,ADC,Sona,SUPPORT,52.33,86
Kog'Maw,ADC,Seraphine,SUPPORT,51.52,33
Kog'Maw,ADC,Karma,SUPPORT,50.0,126
Kog'Maw,ADC,Senna,SUPPORT,50.0,44
Kog'Maw,ADC,Soraka,SUPPORT,50.0,48
LeBlanc,MID,Ivern,JUNGLE,67.27,55
LeBlanc,MID,Karthus,JUNGLE,62.96,54
LeBlanc,MID,Briar,JUNGLE,54.9,51
LeBlanc,MID,Kindred,JUNGLE,54.55,88
LeBlanc,MID,Zed,JUNGLE,53.92,204
LeBlanc,MID,Zac,JUNGLE,53.47,101
LeBlanc,MID,Graves,JUNGLE,52.94,187
LeBlanc,MID,Naafiri,JUNGLE,52.87,87
LeBlanc,MID,Lee Sin,JUNGLE,52.04,711
LeBlanc,MID,Fiddlesticks,JUNGLE,52.0,50
LeBlanc,MID,Zyra,JUNGLE,52.0,50
LeBlanc,MID,Rek'Sai,JUNGLE,51.46,171
LeBlanc,MID,Rengar,JUNGLE,51.1,182
LeBlanc,MID,Volibear,JUNGLE,50.81,124
LeBlanc,MID,Elise,JUNGLE,50.79,63
LeBlanc,MID,Ekko,JUNGLE,50.7,215
LeBlanc,MID,Jarvan IV,JUNGLE,50.56,269
LeBlanc,MID,Diana,JUNGLE,50.22,225
LeBlanc,MID,Kha'Zix,JUNGLE,50.13,387
LeBlanc,MID,Bel'Veth,JUNGLE,50.0,78
LeBlanc,MID,Evelynn,JUNGLE,50.0,60
LeBlanc,MID,Hecarim,JUNGLE,50.0,180
LeBlanc,MID,Lillia,JUNGLE,50.0,38
LeBlanc,MID,Master Yi,JUNGLE,50.0,124
Lee Sin,JUNGLE,Renata Glasc,SUPPORT,55.38,130
Lee Sin,JUNGLE,Elise,SUPPORT,55.28,246
Lee Sin,JUNGLE,Poppy,SUPPORT,55.05,218
Lee Sin,JUNGLE,Leona,SUPPORT,54.81,863
Lee Sin,JUNGLE,Thresh,SUPPORT,54.44,1429
Lee Sin,JUNGLE,Seraphine,SUPPORT,54.05,370
Lee Sin,JUNGLE,Neeko,SUPPORT,53.91,562
Lee Sin,JUNGLE,Senna,SUPPORT,53.35,373
Lee Sin,JUNGLE,Rakan,SUPPORT,53.28,792
Lee Sin,JUNGLE,Alistar,SUPPORT,53.1,840
Lee Sin,JUNGLE,Lux,SUPPORT,52.97,219
Lee Sin,JUNGLE,Sona,SUPPORT,52.58,698
Lee Sin,JUNGLE,Janna,SUPPORT,52.28,526
Lee Sin,JUNGLE,Zilean,SUPPORT,52.28,241
Lee Sin,JUNGLE,Maokai,SUPPORT,51.95,154
Lee Sin,JUNGLE,Braum,SUPPORT,51.74,1409
Lee Sin,JUNGLE,Pyke,SUPPORT,51.15,782
Lee Sin,JUNGLE,Morgana,SUPPORT,50.93,214
Lee Sin,JUNGLE,Taric,SUPPORT,50.76,264
Lee Sin,JUNGLE,Bard,SUPPORT,50.43,1156
Lee Sin,JUNGLE,Milio,SUPPORT,50.3,501
Leona,SUPPORT,Swain,ADC,59.92,237
Leona,SUPPORT,Nilah,ADC,58.33,108
Leona,SUPPORT,Zeri,ADC,56.45,124
Leona,SUPPORT,Mel,ADC,55.95,84
Leona,SUPPORT,Miss Fortune,ADC,55.1,608
Leona,SUPPORT,Ashe,ADC,54.76,210
Leona,SUPPORT,Samira,ADC,54.58,491
Leona,SUPPORT,Cassiopeia,ADC,53.47,101
Leona,SUPPORT,Sivir,ADC,53.13,335
Leona,SUPPORT,Seraphine,ADC,53.09,81
Leona,SUPPORT,Ziggs,ADC,52.48,202
Leona,SUPPORT,Jinx,ADC,52.34,470
Leona,SUPPORT,Corki,ADC,52.13,470
Leona,SUPPORT,Ezreal,ADC,52.06,824
Leona,SUPPORT,Kai'Sa,ADC,51.77,1354
Leona,SUPPORT,Draven,ADC,51.53,295
Leona,SUPPORT,Veigar,ADC,50.85,59
Lillia,JUNGLE,Zilean,SUPPORT,66.67,36
Lillia,JUNGLE,Blitzcrank,SUPPORT,58.44,77
Lillia,JUNGLE,Soraka,SUPPORT,56.25,64
Lillia,JUNGLE,Pyke,SUPPORT,56.12,98
Lillia,JUNGLE,Maokai,SUPPORT,55.56,18
Lillia,JUNGLE,Milio,SUPPORT,54.9,102
Lillia,JUNGLE,Janna,SUPPORT,54.29,105
Lillia,JUNGLE,Taric,SUPPORT,54.29,35
Lillia,JUNGLE,Alistar,SUPPORT,54.13,109
Lillia,JUNGLE,Rakan,SUPPORT,53.85,104
Lillia,JUNGLE,Renata Glasc,SUPPORT,53.33,15
Lillia,JUNGLE,Sona,SUPPORT,53.27,107
Lillia,JUNGLE,Rell,SUPPORT,52.7,74
Lillia,JUNGLE,Morgana,SUPPORT,52.63,19
Lillia,JUNGLE,Lux,SUPPORT,50.0,22
Lillia,JUNGLE,Poppy,SUPPORT,50.0,34
Lissandra,MID,Bel'Veth,JUNGLE,58.82,34
Lissandra,MID,Nunu & Willump,JUNGLE,58.06,62
Lissandra,MID,Rek'Sai,JUNGLE,56.12,98
Lissandra,MID,Master Yi,JUNGLE,55.86,111
Lissandra,MID,Evelynn,JUNGLE,55.81,43
Lissandra,MID,Talon,JUNGLE,55.56,135
Lissandra,MID,Hecarim,JUNGLE,54.39,114
Lissandra,MID,Jarvan IV,JUNGLE,53.66,164
Lissandra,MID,Karthus,JUNGLE,52.0,25
Lissandra,MID,Zac,JUNGLE,52.0,75
Lissandra,MID,Graves,JUNGLE,51.92,104
Lissandra,MID,Kindred,JUNGLE,51.85,54
Lissandra,MID,Kha'Zix,JUNGLE,51.82,220
Lissandra,MID,Xin Zhao,JUNGLE,51.67,60
Lissandra,MID,Qiyana,JUNGLE,51.24,121
Lissandra,MID,Viego,JUNGLE,50.96,571
Lissandra,MID,Elise,JUNGLE,50.0,34
Lissandra,MID,Kayn,JUNGLE,50.0,54
Lucian,ADC,Yuumi,SUPPORT,54.31,882
Lucian,ADC,Blitzcrank,SUPPORT,53.79,277
Lucian,ADC,Taric,SUPPORT,53.78,344
Lucian,ADC,Zilean,SUPPORT,52.69,93
Lucian,ADC,Elise,SUPPORT,52.52,139
Lucian,ADC,Lulu,SUPPORT,51.0,200
Lucian,ADC,Soraka,SUPPORT,50.68,219
Lucian,ADC,Sona,SUPPORT,50.48,622
Lucian,ADC,Thresh,SUPPORT,50.37,540
Lucian,ADC,Alistar,SUPPORT,50.31,324
Lucian,ADC,Braum,SUPPORT,50.09,2264
Lucian,ADC,Rell,SUPPORT,50.0,270
Lulu,SUPPORT,Yasuo,ADC,60.19,108
Lulu,SUPPORT,Kog'Maw,ADC,54.27,691
Lulu,SUPPORT,Xayah,ADC,53.98,176
Lulu,SUPPORT,Tristana,ADC,53.61,638
Lulu,SUPPORT,Twitch,ADC,53.36,1818
Lulu,SUPPORT,Zeri,ADC,52.41,809
Lulu,SUPPORT,Jinx,ADC,51.79,2879
Lulu,SUPPORT,Sivir,ADC,51.04,868
Lulu,SUPPORT,Lucian,ADC,51.0,200
Lulu,SUPPORT,Varus,ADC,50.51,891
Lux,MID,Warwick,JUNGLE,66.67,21
Lux,MID,Master Yi,JUNGLE,65.06,83
Lux,MID,Nunu & Willump,JUNGLE,61.54,52
Lux,MID,Rammus,JUNGLE,60.0,40
Lux,MID,Shaco,JUNGLE,59.62,52
Lux,MID,Dr. Mundo,JUNGLE,58.73,63
Lux,MID,Bel'Veth,JUNGLE,58.62,29
Lux,MID,Nidalee,JUNGLE,56.1,41
Lux,MID,Malphite,JUNGLE,55.36,56
Lux,MID,Vi,JUNGLE,54.72,53
Lux,MID,Graves,JUNGLE,54.08,98
Lux,MID,Evelynn,JUNGLE,54.02,87
Lux,MID,Kha'Zix,JUNGLE,53.6,222
Lux,MID,Elise,JUNGLE,53.49,43
Lux,MID,Fiddlesticks,JUNGLE,52.94,34
Lux,MID,Rengar,JUNGLE,52.53,99
Lux,MID,Sejuani,JUNGLE,52.38,21
Lux,MID,Zed,JUNGLE,52.34,107
Lux,MID,Lee Sin,JUNGLE,51.59,252
Lux,MID,Udyr,JUNGLE,51.43,35
Lux,MID,Rek'Sai,JUNGLE,51.35,74
Lux,MID,Hecarim,JUNGLE,50.0,76
Lux,MID,Naafiri,JUNGLE,50.0,28
Lux,MID,Sylas,JUNGLE,50.0,60
Lux,SUPPORT,Vayne,ADC,66.67,21
Lux,SUPPORT,Samira,ADC,62.5,24
Lux,SUPPORT,Kog'Maw,ADC,60.0,15
Lux,SUPPORT,Zeri,ADC,57.14,21
Lux,SUPPORT,Ziggs,ADC,56.0,25
Lux,SUPPORT,Twitch,ADC,52.94,34
Lux,SUPPORT,Tristana,ADC,52.17,23
Lux,SUPPORT,Kai'Sa,ADC,52.14,140
Lux,SUPPORT,Jhin,ADC,51.8,222
Lux,SUPPORT,Caitlyn,ADC,50.8,996
Malphite,JUNGLE,Zilean,SUPPORT,58.62,58
Malphite,JUNGLE,Soraka,SUPPORT,57.41,108
Malphite,JUNGLE,Pantheon,SUPPORT,56.67,30
Malphite,JUNGLE,Rell,SUPPORT,54.35,92
Malphite,JUNGLE,Janna,SUPPORT,52.71,129
Malphite,JUNGLE,Bard,SUPPORT,52.59,135
Malphite,JUNGLE,Taric,SUPPORT,51.85,27
Malphite,JUNGLE,Elise,SUPPORT,51.35,37
Malphite,JUNGLE,Alistar,SUPPORT,50.0,104
Malphite,TOP,Karthus,JUNGLE,55.86,111
Malphite,TOP,Xin Zhao,JUNGLE,53.57,112
Malphite,TOP,Nunu & Willump,JUNGLE,52.47,162
Malphite,TOP,Lillia,JUNGLE,51.95,77
Malphite,TOP,Rek'Sai,JUNGLE,51.38,181
Malphite,TOP,Bel'Veth,JUNGLE,51.02,98
Malphite,TOP,Kha'Zix,JUNGLE,50.82,486
Malphite,TOP,Lee Sin,JUNGLE,50.38,661
Malphite,TOP,Diana,JUNGLE,50.0,542
Malphite,TOP,Elise,JUNGLE,50.0,134
Malphite,TOP,Master Yi,JUNGLE,50.0,190
Malphite,TOP,Nocturne,JUNGLE,50.0,118
Malzahar,MID,Rek'Sai,JUNGLE,58.7,92
Malzahar,MID,Bel'Veth,JUNGLE,57.78,45
Malzahar,MID,Rammus,JUNGLE,57.14,28
Malzahar,MID,Wukong,JUNGLE,57.14,56
Malzahar,MID,Zed,JUNGLE,56.2,137
Malzahar,MID,Zac,JUNGLE,55.56,90
Malzahar,MID,Fiddlesticks,JUNGLE,55.26,38
Malzahar,MID,Qiyana,JUNGLE,54.81,135
Malzahar,MID,Volibear,JUNGLE,53.26,92
Malzahar,MID,Kha'Zix,JUNGLE,52.65,245
Malzahar,MID,Nidalee,JUNGLE,52.54,59
Malzahar,MID,Lee Sin,JUNGLE,51.74,317
Malzahar,MID,Kindred,JUNGLE,51.72,58
Malzahar,MID,Naafiri,JUNGLE,51.52,66
Malzahar,MID,Talon,JUNGLE,51.52,165
Malzahar,MID,Rengar,JUNGLE,51.02,147
Malzahar,MID,Ekko,JUNGLE,50.7,142
Malzahar,MID,Diana,JUNGLE,50.53,188
Maokai,SUPPORT,Swain,ADC,75.0,24
Maokai,SUPPORT,Vayne,ADC,63.64,22
Maokai,SUPPORT,Yunara,ADC,60.71,112
Maokai,SUPPORT,Ezreal,ADC,60.18,113
Maokai,SUPPORT,Miss Fortune,ADC,58.02,81
Maokai,SUPPORT,Smolder,ADC,57.45,47
Maokai,SUPPORT,Yasuo,ADC,57.14,35
Maokai,SUPPORT,Ziggs,ADC,55.56,27
Maokai,SUPPORT,Samira,ADC,54.24,59
Maokai,SUPPORT,Jinx,ADC,53.85,78
Maokai,SUPPORT,Ashe,ADC,52.38,42
Master Yi,JUNGLE,Poppy,SUPPORT,62.5,56
Master Yi,JUNGLE,Elise,SUPPORT,60.71,56
Master Yi,JUNGLE,Senna,SUPPORT,58.0,100
Master Yi,JUNGLE,Braum,SUPPORT,56.55,435
Master Yi,JUNGLE,Karma,SUPPORT,56.19,299
Master Yi,JUNGLE,Neeko,SUPPORT,54.55,121
Master Yi,JUNGLE,Vel'Koz,SUPPORT,54.0,50
Master Yi,JUNGLE,Leona,SUPPORT,53.77,199
Master Yi,JUNGLE,Sona,SUPPORT,53.25,246
Master Yi,JUNGLE,Pantheon,SUPPORT,52.27,44
Master Yi,JUNGLE,Lulu,SUPPORT,52.04,465
Master Yi,JUNGLE,Maokai,SUPPORT,51.52,33
Master Yi,JUNGLE,Pyke,SUPPORT,51.52,165
Master Yi,JUNGLE,Seraphine,SUPPORT,51.38,109
Master Yi,JUNGLE,Rakan,SUPPORT,51.35,222
Master Yi,JUNGLE,Soraka,SUPPORT,50.97,155
Master Yi,JUNGLE,Milio,SUPPORT,50.31,163
Master Yi,JUNGLE,Morgana,SUPPORT,50.0,56
Mel,ADC,Yuumi,SUPPORT,73.68,19
Mel,ADC,Poppy,SUPPORT,73.08,26
Mel,ADC,Neeko,SUPPORT,71.05,38
Mel,ADC,Sona,SUPPORT,60.82,97
Mel,ADC,Zyra,SUPPORT,60.0,15
Mel,ADC,Milio,SUPPORT,56.25,16
Mel,ADC,Taric,SUPPORT,56.25,16
Mel,ADC,Leona,SUPPORT,55.95,84
Mel,ADC,Alistar,SUPPORT,55.71,70
Mel,ADC,Seraphine,SUPPORT,54.72,53
Mel,ADC,Morgana,SUPPORT,54.55,22
Mel,ADC,Pantheon,SUPPORT,54.17,24
Mel,ADC,Janna,SUPPORT,53.66,82
Mel,ADC,Soraka,SUPPORT,53.13,64
Mel,ADC,Nami,SUPPORT,50.6,332
Mel,ADC,Karma,SUPPORT,50.0,128
Mel,MID,Evelynn,JUNGLE,54.29,35
Mel,MID,Amumu,JUNGLE,52.17,23
Mel,MID,Kindred,JUNGLE,51.56,64
Mel,MID,Bel'Veth,JUNGLE,50.98,51
Mel,MID,Lillia,JUNGLE,50.0,32
Mel,MID,Rengar,JUNGLE,50.0,120
Mel,MID,Xin Zhao,JUNGLE,50.0,56
Milio,SUPPORT,Tristana,ADC,57.49,167
Milio,SUPPORT,Kog'Maw,ADC,52.59,232
Milio,SUPPORT,Jhin,ADC,52.27,176
Milio,SUPPORT,Vayne,ADC,51.06,282
Milio,SUPPORT,Zeri,ADC,50.78,128
Milio,SUPPORT,Corki,ADC,50.22,223
Miss Fortune,ADC,Maokai,SUPPORT,58.02,81
Miss Fortune,ADC,Zilean,SUPPORT,57.25,138
Miss Fortune,ADC,Poppy,SUPPORT,56.14,114
Miss Fortune,ADC,Soraka,SUPPORT,56.12,196
Miss Fortune,ADC,Rakan,SUPPORT,56.11,401
Miss Fortune,ADC,Taric,SUPPORT,55.56,81
Miss Fortune,ADC,Leona,SUPPORT,55.1,608
Miss Fortune,ADC,Zyra,SUPPORT,54.72,53
Miss Fortune,ADC,Pantheon,SUPPORT,52.04,98
Miss Fortune,ADC,Braum,SUPPORT,51.97,533
Miss Fortune,ADC,Pyke,SUPPORT,51.97,304
Miss Fortune,ADC,Rell,SUPPORT,51.75,742
Miss Fortune,ADC,Bard,SUPPORT,51.46,515
Miss Fortune,ADC,Blitzcrank,SUPPORT,51.25,320
Miss Fortune,ADC,Morgana,SUPPORT,50.0,94
Mordekaiser,TOP,Karthus,JUNGLE,62.96,27
Mordekaiser,TOP,Bel'Veth,JUNGLE,60.38,53
Mordekaiser,TOP,Shaco,JUNGLE,59.76,82
Mordekaiser,TOP,Rengar,JUNGLE,59.31,145
Mordekaiser,TOP,Briar,JUNGLE,57.89,57
Mordekaiser,TOP,Graves,JUNGLE,57.42,155
Mordekaiser,TOP,Rek'Sai,JUNGLE,57.02,114
Mordekaiser,TOP,Ekko,JUNGLE,56.77,155
Mordekaiser,TOP,Volibear,JUNGLE,55.41,74
Mordekaiser,TOP,Kindred,JUNGLE,55.36,56
Mordekaiser,TOP,Kayn,JUNGLE,54.22,83
Mordekaiser,TOP,Kha'Zix,JUNGLE,53.02,232
Mordekaiser,TOP,Naafiri,JUNGLE,50.98,51
Mordekaiser,TOP,Jarvan IV,JUNGLE,50.8,187
Mordekaiser,TOP,Nunu & Willump,JUNGLE,50.75,67
Mordekaiser,TOP,Diana,JUNGLE,50.31,159
Mordekaiser,TOP,Nidalee,JUNGLE,50.0,50
Mordekaiser,TOP,Sejuani,JUNGLE,50.0,30
Mordekaiser,TOP,Warwick,JUNGLE,50.0,26
Morgana,SUPPORT,Seraphine,ADC,66.67,36
Morgana,SUPPORT,Nilah,ADC,64.71,17
Morgana,SUPPORT,Xayah,ADC,60.0,30
Morgana,SUPPORT,Draven,ADC,54.69,64
Morgana,SUPPORT,Ashe,ADC,54.55,55
Morgana,SUPPORT,Mel,ADC,54.55,22
Morgana,SUPPORT,Yunara,ADC,53.8,171
Morgana,SUPPORT,Smolder,ADC,53.15,111
Morgana,SUPPORT,Jinx,ADC,52.07,169
Morgana,SUPPORT,Caitlyn,ADC,51.88,665
Morgana,SUPPORT,Swain,ADC,51.85,27
Morgana,SUPPORT,Jhin,ADC,51.0,200
Morgana,SUPPORT,Sivir,ADC,50.59,85
Morgana,SUPPORT,Miss Fortune,ADC,50.0,94
Morgana,SUPPORT,Twitch,ADC,50.0,66
Morgana,SUPPORT,Zeri,ADC,50.0,38
Naafiri,JUNGLE,Taric,SUPPORT,66.67,33
Naafiri,JUNGLE,Zyra,SUPPORT,64.71,17
Naafiri,JUNGLE,Zilean,SUPPORT,60.47,43
Naafiri,JUNGLE,Thresh,SUPPORT,58.43,178
Naafiri,JUNGLE,Elise,SUPPORT,55.56,36
Naafiri,JUNGLE,Morgana,SUPPORT,55.56,27
Naafiri,JUNGLE,Sona,SUPPORT,54.61,152
Naafiri,JUNGLE,Vel'Koz,SUPPORT,54.17,24
Naafiri,JUNGLE,Alistar,SUPPORT,53.91,115
Naafiri,JUNGLE,Pyke,SUPPORT,52.58,97
Naafiri,JUNGLE,Nami,SUPPORT,52.0,275
Naafiri,JUNGLE,Neeko,SUPPORT,51.9,79
Naafiri,JUNGLE,Janna,SUPPORT,51.75,114
Naafiri,JUNGLE,Lux,SUPPORT,51.72,29
Naafiri,JUNGLE,Karma,SUPPORT,50.25,201
Naafiri,JUNGLE,Leona,SUPPORT,50.0,100
Nami,SUPPORT,Veigar,ADC,59.33,150
Nami,SUPPORT,Swain,ADC,55.28,284
Nami,SUPPORT,Seraphine,ADC,52.98,285
Nami,SUPPORT,Tristana,ADC,52.96,372
Nami,SUPPORT,Ziggs,ADC,52.94,340
Nami,SUPPORT,Corki,ADC,52.85,2246
Nami,SUPPORT,Twitch,ADC,52.24,626
Nami,SUPPORT,Varus,ADC,52.21,1153
Nami,SUPPORT,Mel,ADC,50.6,332
Nami,SUPPORT,Jinx,ADC,50.58,781
Nami,SUPPORT,Nilah,ADC,50.49,206
Nami,SUPPORT,Hwei,ADC,50.33,151
Nasus,TOP,Nidalee,JUNGLE,64.1,39
Nasus,TOP,Udyr,JUNGLE,63.89,36
Nasus,TOP,Graves,JUNGLE,60.61,66
Nasus,TOP,Lillia,JUNGLE,57.14,35
Nasus,TOP,Jarvan IV,JUNGLE,55.8,138
Nasus,TOP,Rengar,JUNGLE,54.64,97
Nasus,TOP,Zac,JUNGLE,53.57,56
Nasus,TOP,Malphite,JUNGLE,52.5,40
Nasus,TOP,Lee Sin,JUNGLE,52.04,196
Nasus,TOP,Zed,JUNGLE,52.0,75
Nasus,TOP,Diana,JUNGLE,51.56,225
Nasus,TOP,Evelynn,JUNGLE,51.35,37
Nasus,TOP,Ivern,JUNGLE,51.11,45
Nasus,TOP,Ekko,JUNGLE,50.0,192
Nasus,TOP,Naafiri,JUNGLE,50.0,40
Nasus,TOP,Xin Zhao,JUNGLE,50.0,40
Nautilus,SUPPORT,Jinx,ADC,53.0,949
Nautilus,SUPPORT,Samira,ADC,52.67,1086
Nautilus,SUPPORT,Cassiopeia,ADC,51.23,203
Nautilus,SUPPORT,Seraphine,ADC,51.2,125
Nautilus,SUPPORT,Nilah,ADC,51.04,192
Nautilus,SUPPORT,Kalista,ADC,50.0,186
Nautilus,SUPPORT,Yasuo,ADC,50.0,196
Neeko,MID,Fiddlesticks,JUNGLE,81.82,11
Neeko,MID,Shaco,JUNGLE,75.0,20
Neeko,MID,Naafiri,JUNGLE,71.43,7
Neeko,MID,Graves,JUNGLE,64.29,28
Neeko,MID,Zac,JUNGLE,63.64,22
Neeko,MID,Talon,JUNGLE,63.16,38
Neeko,MID,Rek'Sai,JUNGLE,62.96,27
Neeko,MID,Zed,JUNGLE,61.29,31
Neeko,MID,Nunu & Willump,JUNGLE,60.87,23
Neeko,MID,Rengar,JUNGLE,60.0,30
Neeko,MID,Master Yi,JUNGLE,59.09,22
Neeko,MID,Sylas,JUNGLE,59.09,22
Neeko,MID,Kha'Zix,JUNGLE,57.14,70
Neeko,MID,Trundle,JUNGLE,57.14,7
Neeko,MID,Diana,JUNGLE,56.86,51
Neeko,MID,Malphite,JUNGLE,56.25,16
Neeko,MID,Lillia,JUNGLE,55.56,9
Neeko,MID,Volibear,JUNGLE,55.56,18
Neeko,MID,Jayce,JUNGLE,54.43,79
Neeko,MID,Vi,JUNGLE,54.17,24
Neeko,MID,Nocturne,JUNGLE,53.85,13
Neeko,MID,Viego,JUNGLE,53.24,139
Neeko,MID,Ekko,JUNGLE,52.83,53
Neeko,MID,Jarvan IV,JUNGLE,51.16,43
Neeko,MID,Briar,JUNGLE,50.0,16
Neeko,MID,Dr. Mundo,JUNGLE,50.0,20
Neeko,SUPPORT,Mel,ADC,71.05,38
Neeko,SUPPORT,Tristana,ADC,63.03,119
Neeko,SUPPORT,Yunara,ADC,58.11,475
Neeko,SUPPORT,Kai'Sa,ADC,55.29,1105
Neeko,SUPPORT,Vayne,ADC,53.85,52
Neeko,SUPPORT,Sivir,ADC,53.21,280
Neeko,SUPPORT,Samira,ADC,52.86,70
Neeko,SUPPORT,Yasuo,ADC,52.73,55
Neeko,SUPPORT,Varus,ADC,52.29,742
Neeko,SUPPORT,Corki,ADC,52.19,228
Neeko,SUPPORT,Draven,ADC,51.76,85
Neeko,SUPPORT,Caitlyn,ADC,51.56,799
Neeko,SUPPORT,Ashe,ADC,51.45,138
Neeko,SUPPORT,Nilah,ADC,51.16,43
Neeko,SUPPORT,Xayah,ADC,50.0,50
Nidalee,JUNGLE,Lux,SUPPORT,64.86,37
Nidalee,JUNGLE,Leona,SUPPORT,59.12,318
Nidalee,JUNGLE,Thresh,SUPPORT,56.95,367
Nidalee,JUNGLE,Elise,SUPPORT,56.0,50
Nidalee,JUNGLE,Janna,SUPPORT,55.56,126
Nidalee,JUNGLE,Blitzcrank,SUPPORT,54.94,162
Nidalee,JUNGLE,Pyke,SUPPORT,54.84,186
Nidalee,JUNGLE,Alistar,SUPPORT,54.33,254
Nidalee,JUNGLE,Lulu,SUPPORT,54.14,290
Nidalee,JUNGLE,Soraka,SUPPORT,53.76,93
Nidalee,JUNGLE,Poppy,SUPPORT,53.73,67
Nidalee,JUNGLE,Zilean,SUPPORT,53.45,58
Nidalee,JUNGLE,Sona,SUPPORT,53.33,135
Nidalee,JUNGLE,Bard,SUPPORT,53.1,258
Nidalee,JUNGLE,Neeko,SUPPORT,52.83,106
Nidalee,JUNGLE,Braum,SUPPORT,51.86,430
Nidalee,JUNGLE,Rakan,SUPPORT,51.46,171
Nidalee,JUNGLE,Vel'Koz,SUPPORT,51.43,35
Nidalee,JUNGLE,Taric,SUPPORT,51.11,45
Nidalee,JUNGLE,Pantheon,SUPPORT,50.65,77
Nidalee,JUNGLE,Nami,SUPPORT,50.63,316
Nidalee,JUNGLE,Nautilus,SUPPORT,50.31,491
Nidalee,JUNGLE,Renata Glasc,SUPPORT,50.0,30
Nilah,ADC,Morgana,SUPPORT,64.71,17
Nilah,ADC,Rakan,SUPPORT,59.52,126
Nilah,ADC,Senna,SUPPORT,59.0,200
Nilah,ADC,Leona,SUPPORT,58.33,108
Nilah,ADC,Thresh,SUPPORT,57.06,170
Nilah,ADC,Taric,SUPPORT,55.66,106
Nilah,ADC,Sona,SUPPORT,54.92,244
Nilah,ADC,Seraphine,SUPPORT,54.55,66
Nilah,ADC,Pyke,SUPPORT,53.85,117
Nilah,ADC,Vel'Koz,SUPPORT,52.63,19
Nilah,ADC,Braum,SUPPORT,51.35,111
Nilah,ADC,Neeko,SUPPORT,51.16,43
Nilah,ADC,Nautilus,SUPPORT,51.04,192
Nilah,ADC,Janna,SUPPORT,50.98,102
Nilah,ADC,Nami,SUPPORT,50.49,206
Nilah,ADC,Rell,SUPPORT,50.45,111
Nilah,ADC,Elise,SUPPORT,50.0,24
Nilah,ADC,Karma,SUPPORT,50.0,152
Nilah,ADC,Poppy,SUPPORT,50.0,18
Nocturne,JUNGLE,Zyra,SUPPORT,69.23,26
Nocturne,JUNGLE,Vel'Koz,SUPPORT,60.71,28
Nocturne,JUNGLE,Poppy,SUPPORT,58.62,29
Nocturne,JUNGLE,Senna,SUPPORT,56.72,67
Nocturne,JUNGLE,Nami,SUPPORT,55.67,282
Nocturne,JUNGLE,Lulu,SUPPORT,54.17,216
Nocturne,JUNGLE,Milio,SUPPORT,53.54,99
Nocturne,JUNGLE,Maokai,SUPPORT,52.38,21
Nocturne,JUNGLE,Renata Glasc,SUPPORT,52.38,21
Nocturne,JUNGLE,Blitzcrank,SUPPORT,51.76,85
Nocturne,JUNGLE,Yuumi,SUPPORT,51.61,62
Nocturne,JUNGLE,Rakan,SUPPORT,51.15,131
Nocturne,JUNGLE,Leona,SUPPORT,51.05,143
Nocturne,JUNGLE,Alistar,SUPPORT,50.43,115
Nocturne,JUNGLE,Janna,SUPPORT,50.35,141
Nocturne,JUNGLE,Bard,SUPPORT,50.0,154
Nocturne,JUNGLE,Pantheon,SUPPORT,50.0,30
Nocturne,JUNGLE,Rell,SUPPORT,50.0,84
Nunu & Willump,JUNGLE,Renata Glasc,SUPPORT,62.07,29
Nunu & Willump,JUNGLE,Yuumi,SUPPORT,58.54,82
Nunu & Willump,JUNGLE,Seraphine,SUPPORT,56.44,101
Nunu & Willump,JUNGLE,Leona,SUPPORT,55.56,171
Nunu & Willump,JUNGLE,Alistar,SUPPORT,55.19,183
Nunu & Willump,JUNGLE,Taric,SUPPORT,54.1,61
Nunu & Willump,JUNGLE,Blitzcrank,SUPPORT,53.95,152
Nunu & Willump,JUNGLE,Poppy,SUPPORT,53.45,58
Nunu & Willump,JUNGLE,Senna,SUPPORT,53.03,132
Nunu & Willump,JUNGLE,Bard,SUPPORT,52.65,245
Nunu & Willump,JUNGLE,Pyke,SUPPORT,52.55,196
Nunu & Willump,JUNGLE,Lulu,SUPPORT,52.42,351
Nunu & Willump,JUNGLE,Rell,SUPPORT,51.97,152
Nunu & Willump,JUNGLE,Rakan,SUPPORT,51.72,174
Nunu & Willump,JUNGLE,Neeko,SUPPORT,51.55,97
Nunu & Willump,JUNGLE,Nami,SUPPORT,51.01,494
Nunu & Willump,JUNGLE,Zilean,SUPPORT,50.65,77
Nunu & Willump,JUNGLE,Lux,SUPPORT,50.0,46
Nunu & Willump,JUNGLE,Morgana,SUPPORT,50.0,52
Nunu & Willump,JUNGLE,Vel'Koz,SUPPORT,50.0,38
Olaf,JUNGLE,Janna,SUPPORT,73.33,15
Olaf,JUNGLE,Alistar,SUPPORT,70.0,10
Olaf,JUNGLE,Braum,SUPPORT,66.67,12
Olaf,JUNGLE,Soraka,SUPPORT,66.67,6
Olaf,JUNGLE,Blitzcrank,SUPPORT,60.0,5
Olaf,JUNGLE,Leona,SUPPORT,60.0,10
Olaf,JUNGLE,Bard,SUPPORT,57.14,14
Olaf,JUNGLE,Yuumi,SUPPORT,57.14,7
Olaf,JUNGLE,Nami,SUPPORT,56.0,25
Olaf,JUNGLE,Thresh,SUPPORT,54.55,22
Olaf,JUNGLE,Elise,SUPPORT,50.0,4
Olaf,JUNGLE,Pantheon,SUPPORT,50.0,4
Olaf,JUNGLE,Poppy,SUPPORT,50.0,2
Olaf,JUNGLE,Pyke,SUPPORT,50.0,6
Olaf,JUNGLE,Renata Glasc,SUPPORT,50.0,2
Olaf,JUNGLE,Taric,SUPPORT,50.0,4
Olaf,JUNGLE,Vel'Koz,SUPPORT,50.0,2
Olaf,JUNGLE,Zyra,SUPPORT,50.0,4
Orianna,MID,Rengar,JUNGLE,55.96,327
Orianna,MID,Elise,JUNGLE,55.13,78
Orianna,MID,Rek'Sai,JUNGLE,54.78,314
Orianna,MID,Pantheon,JUNGLE,53.52,71
Orianna,MID,Ivern,JUNGLE,53.41,88
Orianna,MID,Ekko,JUNGLE,53.35,373
Orianna,MID,Kayn,JUNGLE,53.17,126
Orianna,MID,Kindred,JUNGLE,53.06,147
Orianna,MID,Talon,JUNGLE,52.16,324
Orianna,MID,Jarvan IV,JUNGLE,52.02,792
Orianna,MID,Nunu & Willump,JUNGLE,51.96,179
Orianna,MID,Xin Zhao,JUNGLE,51.82,247
Orianna,MID,Lee Sin,JUNGLE,51.77,958
Orianna,MID,Diana,JUNGLE,51.36,403
Orianna,MID,Qiyana,JUNGLE,51.19,379
Orianna,MID,Shaco,JUNGLE,51.13,266
Orianna,MID,Bel'Veth,JUNGLE,50.96,104
Orianna,MID,Zed,JUNGLE,50.78,256
Orianna,MID,Nidalee,JUNGLE,50.43,117
Orianna,MID,Briar,JUNGLE,50.0,70
Ornn,TOP,Xin Zhao,JUNGLE,58.33,72
Ornn,TOP,Hecarim,JUNGLE,56.86,153
Ornn,TOP,Kindred,JUNGLE,56.47,85
Ornn,TOP,Sylas,JUNGLE,56.07,107
Ornn,TOP,Rengar,JUNGLE,54.11,231
Ornn,TOP,Talon,JUNGLE,53.7,216
Ornn,TOP,Zac,JUNGLE,53.47,101
Ornn,TOP,Shaco,JUNGLE,53.28,122
Ornn,TOP,Dr. Mundo,JUNGLE,52.94,68
Ornn,TOP,Bel'Veth,JUNGLE,52.78,72
Ornn,TOP,Jayce,JUNGLE,52.59,367
Ornn,TOP,Kha'Zix,JUNGLE,52.57,350
Ornn,TOP,Evelynn,JUNGLE,51.25,80
Ornn,TOP,Malphite,JUNGLE,51.16,43
Ornn,TOP,Kayn,JUNGLE,50.63,79
Ornn,TOP,Elise,JUNGLE,50.0,86
Ornn,TOP,Fiddlesticks,JUNGLE,50.0,70
Ornn,TOP,Lee Sin,JUNGLE,50.0,418
Ornn,TOP,Rek'Sai,JUNGLE,50.0,126
Pantheon,JUNGLE,Vel'Koz,SUPPORT,80.0,10
Pantheon,JUNGLE,Janna,SUPPORT,69.7,33
Pantheon,JUNGLE,Zyra,SUPPORT,66.67,9
Pantheon,JUNGLE,Poppy,SUPPORT,61.11,18
Pantheon,JUNGLE,Taric,SUPPORT,60.0,15
Pantheon,JUNGLE,Seraphine,SUPPORT,58.33,24
Pantheon,JUNGLE,Blitzcrank,SUPPORT,56.1,41
Pantheon,JUNGLE,Alistar,SUPPORT,56.0,50
Pantheon,JUNGLE,Thresh,SUPPORT,55.7,79
Pantheon,JUNGLE,Lulu,SUPPORT,55.56,72
Pantheon,JUNGLE,Renata Glasc,SUPPORT,55.56,9
Pantheon,JUNGLE,Sona,SUPPORT,54.72,53
Pantheon,JUNGLE,Braum,SUPPORT,51.25,80
Pantheon,JUNGLE,Soraka,SUPPORT,50.0,42
Pantheon,SUPPORT,Veigar,ADC,68.0,25
Pantheon,SUPPORT,Ziggs,ADC,64.91,57
Pantheon,SUPPORT,Hwei,ADC,64.71,17
Pantheon,SUPPORT,Swain,ADC,63.77,69
Pantheon,SUPPORT,Kalista,ADC,54.17,24
Pantheon,SUPPORT,Mel,ADC,54.17,24
Pantheon,SUPPORT,Seraphine,ADC,53.13,32
Pantheon,SUPPORT,Ashe,ADC,52.87,87
Pantheon,SUPPORT,Corki,ADC,52.85,123
Pantheon,SUPPORT,Miss Fortune,ADC,52.04,98
Pantheon,SUPPORT,Ezreal,ADC,50.0,226
Pantheon,SUPPORT,Tristana,ADC,50.0,92
Poppy,SUPPORT,Mel,ADC,73.08,26
Poppy,SUPPORT,Veigar,ADC,68.63,51
Poppy,SUPPORT,Yasuo,ADC,61.9,21
Poppy,SUPPORT,Jinx,ADC,61.07,149
Poppy,SUPPORT,Miss Fortune,ADC,56.14,114
Poppy,SUPPORT,Smolder,ADC,55.79,95
Poppy,SUPPORT,Jhin,ADC,54.36,195
Poppy,SUPPORT,Seraphine,ADC,53.85,26
Poppy,SUPPORT,Aphelios,ADC,53.15,222
Poppy,SUPPORT,Kog'Maw,ADC,52.94,17
Poppy,SUPPORT,Zeri,ADC,52.83,53
Poppy,SUPPORT,Xayah,ADC,52.78,36
Poppy,SUPPORT,Varus,ADC,52.55,255
Poppy,SUPPORT,Ezreal,ADC,52.28,241
Poppy,SUPPORT,Ashe,ADC,51.9,79
Poppy,SUPPORT,Ziggs,ADC,51.02,49
Poppy,SUPPORT,Yunara,ADC,50.36,274
Poppy,SUPPORT,Sivir,ADC,50.28,181
Poppy,SUPPORT,Nilah,ADC,50.0,18
Poppy,SUPPORT,Swain,ADC,50.0,44
Poppy,SUPPORT,Twitch,ADC,50.0,74
Poppy,TOP,Kayn,JUNGLE,75.0,24
Poppy,TOP,Volibear,JUNGLE,67.57,37
Poppy,TOP,Rek'Sai,JUNGLE,62.5,32
Poppy,TOP,Graves,JUNGLE,61.7,47
Poppy,TOP,Lillia,JUNGLE,59.26,27
Poppy,TOP,Shaco,JUNGLE,58.82,34
Poppy,TOP,Ivern,JUNGLE,58.33,24
Poppy,TOP,Nocturne,JUNGLE,57.89,19
Poppy,TOP,Karthus,JUNGLE,56.67,30
Poppy,TOP,Bel'Veth,JUNGLE,55.56,18
Poppy,TOP,Ekko,JUNGLE,54.95,111
Poppy,TOP,Rammus,JUNGLE,54.55,11
Poppy,TOP,Vi,JUNGLE,54.55,33
Poppy,TOP,Nidalee,JUNGLE,53.85,26
Poppy,TOP,Zac,JUNGLE,53.85,39
Poppy,TOP,Nunu & Willump,JUNGLE,53.57,28
Poppy,TOP,Diana,JUNGLE,52.53,99
Poppy,TOP,Fiddlesticks,JUNGLE,52.38,21
Poppy,TOP,Jarvan IV,JUNGLE,52.38,63
Poppy,TOP,Naafiri,JUNGLE,52.38,21
Poppy,TOP,Dr. Mundo,JUNGLE,52.0,25
Poppy,TOP,Evelynn,JUNGLE,52.0,25
Poppy,TOP,Sylas,JUNGLE,51.92,52
Poppy,TOP,Viego,JUNGLE,51.45,173
Poppy,TOP,Elise,JUNGLE,50.0,26
Poppy,TOP,Jayce,JUNGLE,50.0,92
Pyke,SUPPORT,Cassiopeia,ADC,62.12,66
Pyke,SUPPORT,Ziggs,ADC,56.91,123
Pyke,SUPPORT,Jinx,ADC,55.37,354
Pyke,SUPPORT,Twitch,ADC,54.95,273
Pyke,SUPPORT,Vayne,ADC,54.76,168
Pyke,SUPPORT,Swain,ADC,54.55,143
Pyke,SUPPORT,Corki,ADC,54.49,490
Pyke,SUPPORT,Seraphine,ADC,54.39,57
Pyke,SUPPORT,Yasuo,ADC,54.24,59
Pyke,SUPPORT,Draven,ADC,54.08,429
Pyke,SUPPORT,Nilah,ADC,53.85,117
Pyke,SUPPORT,Caitlyn,ADC,52.62,439
Pyke,SUPPORT,Kog'Maw,ADC,52.54,59
Pyke,SUPPORT,Miss Fortune,ADC,51.97,304
Pyke,SUPPORT,Sivir,ADC,51.74,288
Pyke,SUPPORT,Ashe,ADC,51.6,219
Pyke,SUPPORT,Yunara,ADC,51.3,653
Pyke,SUPPORT,Kai'Sa,ADC,51.2,1785
Qiyana,JUNGLE,Morgana,SUPPORT,59.52,84
Qiyana,JUNGLE,Janna,SUPPORT,57.3,267
Qiyana,JUNGLE,Pantheon,SUPPORT,55.91,93
Qiyana,JUNGLE,Bard,SUPPORT,55.61,446
Qiyana,JUNGLE,Maokai,SUPPORT,55.56,54
Qiyana,JUNGLE,Pyke,SUPPORT,54.7,234
Qiyana,JUNGLE,Thresh,SUPPORT,54.28,514
Qiyana,JUNGLE,Alistar,SUPPORT,54.26,352
Qiyana,JUNGLE,Rell,SUPPORT,53.88,245
Qiyana,JUNGLE,Senna,SUPPORT,53.85,130
Qiyana,JUNGLE,Lux,SUPPORT,53.57,84
Qiyana,JUNGLE,Taric,SUPPORT,53.33,120
Qiyana,JUNGLE,Tahm Kench,SUPPORT,53.06,49
Qiyana,JUNGLE,Sona,SUPPORT,52.84,299
Qiyana,JUNGLE,Nami,SUPPORT,52.81,534
Qiyana,JUNGLE,Soraka,SUPPORT,52.27,176
Qiyana,JUNGLE,Rakan,SUPPORT,51.94,310
Qiyana,JUNGLE,Neeko,SUPPORT,51.87,241
Qiyana,JUNGLE,Lulu,SUPPORT,51.7,441
Qiyana,JUNGLE,Yuumi,SUPPORT,51.33,150
Qiyana,JUNGLE,Zilean,SUPPORT,51.0,100
Qiyana,JUNGLE,Blitzcrank,SUPPORT,50.94,212
Qiyana,JUNGLE,Poppy,SUPPORT,50.0,94
Qiyana,MID,Evelynn,JUNGLE,63.64,154
Qiyana,MID,Kindred,JUNGLE,63.64,44
Qiyana,MID,Ivern,JUNGLE,63.04,92
Qiyana,MID,Naafiri,JUNGLE,61.9,42
Qiyana,MID,Rek'Sai,JUNGLE,60.4,101
Qiyana,MID,Karthus,JUNGLE,59.49,195
Qiyana,MID,Ekko,JUNGLE,58.1,630
Qiyana,MID,Bel'Veth,JUNGLE,58.06,62
Qiyana,MID,Zac,JUNGLE,57.32,157
Qiyana,MID,Diana,JUNGLE,56.91,666
Qiyana,MID,Talon,JUNGLE,56.44,101
Qiyana,MID,Elise,JUNGLE,56.4,172
Qiyana,MID,Malphite,JUNGLE,56.34,71
Qiyana,MID,Fiddlesticks,JUNGLE,56.0,125
Qiyana,MID,Lillia,JUNGLE,55.56,144
Qiyana,MID,Zyra,JUNGLE,55.0,100
Qiyana,MID,Xin Zhao,JUNGLE,54.9,51
Qiyana,MID,Jayce,JUNGLE,54.71,170
Qiyana,MID,Nocturne,JUNGLE,53.85,39
Qiyana,MID,Shaco,JUNGLE,53.4,103
Qiyana,MID,Udyr,JUNGLE,53.23,62
Qiyana,MID,Nunu & Willump,JUNGLE,53.05,164
Qiyana,MID,Volibear,JUNGLE,52.86,140
Qiyana,MID,Nidalee,JUNGLE,52.61,230
Qiyana,MID,Wukong,JUNGLE,52.17,46
Qiyana,MID,Lee Sin,JUNGLE,52.06,267
Qiyana,MID,Rengar,JUNGLE,51.94,129
Qiyana,MID,Master Yi,JUNGLE,51.76,85
Qiyana,MID,Kha'Zix,JUNGLE,50.28,177
Quinn,TOP,Evelynn,JUNGLE,75.0,20
Quinn,TOP,Rammus,JUNGLE,66.67,9
Quinn,TOP,Zed,JUNGLE,66.67,30
Quinn,TOP,Shaco,JUNGLE,65.71,35
Quinn,TOP,Bel'Veth,JUNGLE,63.64,11
Quinn,TOP,Sylas,JUNGLE,63.16,38
Quinn,TOP,Fiddlesticks,JUNGLE,60.87,23
Quinn,TOP,Lillia,JUNGLE,60.0,15
Quinn,TOP,Master Yi,JUNGLE,59.26,27
Quinn,TOP,Nidalee,JUNGLE,59.26,27
Quinn,TOP,Elise,JUNGLE,58.33,24
Quinn,TOP,Jarvan IV,JUNGLE,57.14,56
Quinn,TOP,Dr. Mundo,JUNGLE,55.56,27
Quinn,TOP,Kindred,JUNGLE,55.56,9
Quinn,TOP,Hecarim,JUNGLE,53.85,39
Quinn,TOP,Diana,JUNGLE,53.66,123
Quinn,TOP,Lee Sin,JUNGLE,53.4,103
Quinn,TOP,Zac,JUNGLE,52.78,36
Quinn,TOP,Wukong,JUNGLE,52.63,19
Quinn,TOP,Nocturne,JUNGLE,52.38,21
Quinn,TOP,Ekko,JUNGLE,52.27,88
Quinn,TOP,Graves,JUNGLE,52.17,23
Quinn,TOP,Karthus,JUNGLE,50.0,18
Quinn,TOP,Zyra,JUNGLE,50.0,10
Rakan,SUPPORT,Seraphine,ADC,59.6,99
Rakan,SUPPORT,Nilah,ADC,59.52,126
Rakan,SUPPORT,Yasuo,ADC,56.65,173
Rakan,SUPPORT,Miss Fortune,ADC,56.11,401
Rakan,SUPPORT,Tristana,ADC,55.76,321
Rakan,SUPPORT,Zeri,ADC,55.02,209
Rakan,SUPPORT,Samira,ADC,53.22,171
Rakan,SUPPORT,Twitch,ADC,53.03,396
Rakan,SUPPORT,Varus,ADC,52.36,699
Rakan,SUPPORT,Draven,ADC,52.11,142
Rakan,SUPPORT,Yunara,ADC,52.08,843
Rakan,SUPPORT,Jinx,ADC,50.93,483
Rakan,SUPPORT,Xayah,ADC,50.65,851
Rakan,SUPPORT,Swain,ADC,50.0,118
Rakan,SUPPORT,Ziggs,ADC,50.0,154
Rammus,JUNGLE,Sona,SUPPORT,64.29,98
Rammus,JUNGLE,Senna,SUPPORT,63.89,36
Rammus,JUNGLE,Pyke,SUPPORT,62.71,59
Rammus,JUNGLE,Taric,SUPPORT,61.11,18
Rammus,JUNGLE,Tahm Kench,SUPPORT,60.0,10
Rammus,JUNGLE,Nami,SUPPORT,59.51,163
Rammus,JUNGLE,Bard,SUPPORT,56.47,85
Rammus,JUNGLE,Neeko,SUPPORT,54.55,33
Rammus,JUNGLE,Rakan,SUPPORT,54.55,44
Rammus,JUNGLE,Blitzcrank,SUPPORT,54.39,57
Rammus,JUNGLE,Thresh,SUPPORT,54.02,87
Rammus,JUNGLE,Elise,SUPPORT,53.33,15
Rammus,JUNGLE,Janna,SUPPORT,52.46,61
Rammus,JUNGLE,Lulu,SUPPORT,52.27,88
Rammus,JUNGLE,Braum,SUPPORT,51.32,76
Rammus,JUNGLE,Alistar,SUPPORT,50.0,44
Rek'Sai,JUNGLE,Maokai,SUPPORT,63.27,49
Rek'Sai,JUNGLE,Zyra,SUPPORT,61.54,39
Rek'Sai,JUNGLE,Elise,SUPPORT,60.32,63
Rek'Sai,JUNGLE,Taric,SUPPORT,59.76,82
Rek'Sai,JUNGLE,Braum,SUPPORT,57.7,435
Rek'Sai,JUNGLE,Janna,SUPPORT,57.26,234
Rek'Sai,JUNGLE,Soraka,SUPPORT,56.69,157
Rek'Sai,JUNGLE,Renata Glasc,SUPPORT,56.52,46
Rek'Sai,JUNGLE,Leona,SUPPORT,56.18,251
Rek'Sai,JUNGLE,Lulu,SUPPORT,56.01,441
Rek'Sai,JUNGLE,Pantheon,SUPPORT,55.84,77
Rek'Sai,JUNGLE,Thresh,SUPPORT,54.67,450
Rek'Sai,JUNGLE,Neeko,SUPPORT,54.55,187
Rek'Sai,JUNGLE,Bard,SUPPORT,54.26,352
Rek'Sai,JUNGLE,Poppy,SUPPORT,54.26,94
Rek'Sai,JUNGLE,Zilean,SUPPORT,53.85,78
Rek'Sai,JUNGLE,Vel'Koz,SUPPORT,53.66,41
Rek'Sai,JUNGLE,Rell,SUPPORT,53.45,174
Rek'Sai,JUNGLE,Nautilus,SUPPORT,53.37,489
Rek'Sai,JUNGLE,Alistar,SUPPORT,53.36,283
Rek'Sai,JUNGLE,Seraphine,SUPPORT,53.17,126
Rek'Sai,JUNGLE,Pyke,SUPPORT,53.14,207
Rek'Sai,JUNGLE,Nami,SUPPORT,52.76,525
Rek'Sai,JUNGLE,Blitzcrank,SUPPORT,52.31,195
Rek'Sai,JUNGLE,Karma,SUPPORT,52.26,442
Rek'Sai,JUNGLE,Lux,SUPPORT,52.11,71
Rek'Sai,JUNGLE,Rakan,SUPPORT,51.71,263
Rek'Sai,TOP,Evelynn,JUNGLE,90.0,10
Rek'Sai,TOP,Master Yi,JUNGLE,81.82,11
Rek'Sai,TOP,Nocturne,JUNGLE,80.0,10
Rek'Sai,TOP,Bel'Veth,JUNGLE,72.73,11
Rek'Sai,TOP,Zyra,JUNGLE,71.43,7
Rek'Sai,TOP,Shaco,JUNGLE,68.75,16
Rek'Sai,TOP,Ivern,JUNGLE,66.67,9
Rek'Sai,TOP,Kindred,JUNGLE,66.67,6
Rek'Sai,TOP,Lillia,JUNGLE,66.67,9
Rek'Sai,TOP,Karthus,JUNGLE,63.64,11
Rek'Sai,TOP,Dr. Mundo,JUNGLE,61.54,13
Rek'Sai,TOP,Naafiri,JUNGLE,60.0,10
Rek'Sai,TOP,Sejuani,JUNGLE,60.0,5
Rek'Sai,TOP,Sylas,JUNGLE,60.0,30
Rek'Sai,TOP,Vi,JUNGLE,60.0,10
Rek'Sai,TOP,Wukong,JUNGLE,60.0,5
Rek'Sai,TOP,Qiyana,JUNGLE,59.26,27
Rek'Sai,TOP,Hecarim,JUNGLE,57.89,19
Rek'Sai,TOP,Lee Sin,JUNGLE,57.14,63
Rek'Sai,TOP,Jarvan IV,JUNGLE,56.67,30
Rek'Sai,TOP,Ekko,JUNGLE,56.0,50
Rek'Sai,TOP,Jayce,JUNGLE,55.56,63
Rek'Sai,TOP,Zac,JUNGLE,53.33,15
Rek'Sai,TOP,Rengar,JUNGLE,52.94,17
Rek'Sai,TOP,Zed,JUNGLE,52.94,17
Rek'Sai,TOP,Graves,JUNGLE,50.0,14
Rek'Sai,TOP,Kha'Zix,JUNGLE,50.0,38
Rek'Sai,TOP,Nidalee,JUNGLE,50.0,22
Rek'Sai,TOP,Udyr,JUNGLE,50.0,6
Rell,SUPPORT,Swain,ADC,60.0,105
Rell,SUPPORT,Vayne,ADC,56.73,104
Rell,SUPPORT,Tristana,ADC,56.28,231
Rell,SUPPORT,Yasuo,ADC,53.91,115
Rell,SUPPORT,Samira,ADC,53.83,457
Rell,SUPPORT,Yunara,ADC,53.42,599
Rell,SUPPORT,Ziggs,ADC,53.27,107
Rell,SUPPORT,Kalista,ADC,53.03,66
Rell,SUPPORT,Sivir,ADC,52.24,268
Rell,SUPPORT,Miss Fortune,ADC,51.75,742
Rell,SUPPORT,Corki,ADC,51.18,340
Rell,SUPPORT,Jhin,ADC,50.78,386
Rell,SUPPORT,Seraphine,ADC,50.75,67
Rell,SUPPORT,Jinx,ADC,50.52,386
Rell,SUPPORT,Nilah,ADC,50.45,111
Rell,SUPPORT,Varus,ADC,50.18,550
Rell,SUPPORT,Lucian,ADC,50.0,270
Renata Glasc,SUPPORT,Swain,ADC,75.0,12
Renata Glasc,SUPPORT,Lucian,ADC,67.86,28
Renata Glasc,SUPPORT,Veigar,ADC,66.67,12
Renata Glasc,SUPPORT,Zeri,ADC,63.41,41
Renata Glasc,SUPPORT,Caitlyn,ADC,55.42,83
Renata Glasc,SUPPORT,Yunara,ADC,55.37,121
Renata Glasc,SUPPORT,Twitch,ADC,52.5,80
Renata Glasc,SUPPORT,Kai'Sa,ADC,52.17,138
Renata Glasc,SUPPORT,Miss Fortune,ADC,52.08,48
Renata Glasc,SUPPORT,Xayah,ADC,52.0,25
Renata Glasc,SUPPORT,Tristana,ADC,51.35,37
Renata Glasc,SUPPORT,Nilah,ADC,50.0,16
Renekton,TOP,Vi,JUNGLE,56.76,148
Renekton,TOP,Evelynn,JUNGLE,55.91,127
Renekton,TOP,Ivern,JUNGLE,54.24,118
Renekton,TOP,Rengar,JUNGLE,53.51,228
Renekton,TOP,Dr. Mundo,JUNGLE,53.28,137
Renekton,TOP,Udyr,JUNGLE,53.16,79
Renekton,TOP,Zyra,JUNGLE,53.13,96
Renekton,TOP,Volibear,JUNGLE,52.79,197
Renekton,TOP,Zac,JUNGLE,52.71,203
Renekton,TOP,Lee Sin,JUNGLE,52.11,735
Renekton,TOP,Rek'Sai,JUNGLE,51.69,207
Renekton,TOP,Jarvan IV,JUNGLE,51.56,353
Renekton,TOP,Kindred,JUNGLE,51.15,131
Renekton,TOP,Nidalee,JUNGLE,50.58,346
Renekton,TOP,Elise,JUNGLE,50.26,191
Rengar,JUNGLE,Taric,SUPPORT,65.85,82
Rengar,JUNGLE,Neeko,SUPPORT,59.14,186
Rengar,JUNGLE,Leona,SUPPORT,58.7,247
Rengar,JUNGLE,Janna,SUPPORT,57.11,401
Rengar,JUNGLE,Brand,SUPPORT,56.82,44
Rengar,JUNGLE,Elise,SUPPORT,56.79,81
Rengar,JUNGLE,Bard,SUPPORT,56.78,391
Rengar,JUNGLE,Pantheon,SUPPORT,56.52,69
Rengar,JUNGLE,Braum,SUPPORT,55.76,425
Rengar,JUNGLE,Poppy,SUPPORT,55.56,63
Rengar,JUNGLE,Nami,SUPPORT,55.34,730
Rengar,JUNGLE,Thresh,SUPPORT,54.12,449
Rengar,JUNGLE,Renata Glasc,SUPPORT,53.85,52
Rengar,JUNGLE,Blitzcrank,SUPPORT,53.76,186
Rengar,JUNGLE,Lulu,SUPPORT,53.74,454
Rengar,JUNGLE,Alistar,SUPPORT,53.54,297
Rengar,JUNGLE,Sona,SUPPORT,53.25,400
Rengar,JUNGLE,Rakan,SUPPORT,53.21,265
Rengar,JUNGLE,Zyra,SUPPORT,53.19,47
Rengar,JUNGLE,Lux,SUPPORT,51.76,85
Rengar,JUNGLE,Milio,SUPPORT,51.71,292
Rengar,JUNGLE,Nautilus,SUPPORT,51.49,470
Rengar,JUNGLE,Vel'Koz,SUPPORT,51.02,49
Rengar,JUNGLE,Karma,SUPPORT,50.74,471
Rengar,JUNGLE,Soraka,SUPPORT,50.65,231
Rengar,JUNGLE,Morgana,SUPPORT,50.53,95
Rengar,JUNGLE,Zilean,SUPPORT,50.35,141
Rengar,JUNGLE,Senna,SUPPORT,50.0,194
Rengar,JUNGLE,Seraphine,SUPPORT,50.0,128
Rengar,TOP,Briar,JUNGLE,80.0,10
Rengar,TOP,Sejuani,JUNGLE,75.0,8
Rengar,TOP,Skarner,JUNGLE,71.43,7
Rengar,TOP,Elise,JUNGLE,68.75,16
Rengar,TOP,Zyra,JUNGLE,66.67,21
Rengar,TOP,Zac,JUNGLE,64.29,14
Rengar,TOP,Rek'Sai,JUNGLE,62.96,27
Rengar,TOP,Karthus,JUNGLE,62.5,16
Rengar,TOP,Kayn,JUNGLE,60.0,10
Rengar,TOP,Kindred,JUNGLE,60.0,10
Rengar,TOP,Nidalee,JUNGLE,60.0,35
Rengar,TOP,Talon,JUNGLE,58.82,17
Rengar,TOP,Qiyana,JUNGLE,58.06,31
Rengar,TOP,Ekko,JUNGLE,57.38,61
Rengar,TOP,Ivern,JUNGLE,56.67,30
Rengar,TOP,Bel'Veth,JUNGLE,55.56,9
Rengar,TOP,Hecarim,JUNGLE,55.0,20
Rengar,TOP,Jarvan IV,JUNGLE,54.29,35
Rengar,TOP,Dr. Mundo,JUNGLE,53.85,13
Rengar,TOP,Lee Sin,JUNGLE,53.49,86
Rengar,TOP,Kha'Zix,JUNGLE,50.0,38
Rengar,TOP,Xin Zhao,JUNGLE,50.0,12
Riven,TOP,Kha'Zix,JUNGLE,60.49,405
Riven,TOP,Udyr,JUNGLE,60.26,78
Riven,TOP,Rammus,JUNGLE,59.62,52
Riven,TOP,Fiddlesticks,JUNGLE,57.8,109
Riven,TOP,Nidalee,JUNGLE,57.58,132
Riven,TOP,Dr. Mundo,JUNGLE,57.55,139
Riven,TOP,Volibear,JUNGLE,57.14,147
Riven,TOP,Warwick,JUNGLE,56.52,46
Riven,TOP,Shaco,JUNGLE,56.25,144
Riven,TOP,Rek'Sai,JUNGLE,56.1,205
Riven,TOP,Evelynn,JUNGLE,55.77,104
Riven,TOP,Qiyana,JUNGLE,55.45,202
Riven,TOP,Bel'Veth,JUNGLE,55.29,85
Riven,TOP,Kindred,JUNGLE,54.74,95
Riven,TOP,Zyra,JUNGLE,54.72,53
Riven,TOP,Rengar,JUNGLE,54.05,259
Riven,TOP,Sylas,JUNGLE,53.67,177
Riven,TOP,Wukong,JUNGLE,53.19,94
Riven,TOP,Diana,JUNGLE,53.12,561
Riven,TOP,Lillia,JUNGLE,52.88,104
Riven,TOP,Xin Zhao,JUNGLE,52.75,91
Riven,TOP,Malphite,JUNGLE,52.63,76
Riven,TOP,Zac,JUNGLE,52.57,175
Riven,TOP,Elise,JUNGLE,52.1,119
Riven,TOP,Lee Sin,JUNGLE,52.05,415
Riven,TOP,Vi,JUNGLE,52.04,98
Riven,TOP,Karthus,JUNGLE,51.96,102
Riven,TOP,Talon,JUNGLE,51.63,215
Riven,TOP,Naafiri,JUNGLE,51.32,76
Riven,TOP,Jayce,JUNGLE,51.31,343
Riven,TOP,Nocturne,JUNGLE,50.6,83
Riven,TOP,Nunu & Willump,JUNGLE,50.55,182
Rumble,TOP,Ivern,JUNGLE,64.81,54
Rumble,TOP,Sylas,JUNGLE,61.9,84
Rumble,TOP,Rengar,JUNGLE,60.78,255
Rumble,TOP,Rek'Sai,JUNGLE,60.61,264
Rumble,TOP,Bel'Veth,JUNGLE,58.43,89
Rumble,TOP,Nidalee,JUNGLE,58.33,84
Rumble,TOP,Zyra,JUNGLE,58.33,48
Rumble,TOP,Sejuani,JUNGLE,56.25,48
Rumble,TOP,Zac,JUNGLE,56.19,105
Rumble,TOP,Elise,JUNGLE,55.77,52
Rumble,TOP,Master Yi,JUNGLE,54.71,170
Rumble,TOP,Shaco,JUNGLE,54.46,112
Rumble,TOP,Kayn,JUNGLE,54.22,83
Rumble,TOP,Briar,JUNGLE,53.45,58
Rumble,TOP,Kha'Zix,JUNGLE,52.83,477
Rumble,TOP,Hecarim,JUNGLE,52.78,180
Rumble,TOP,Graves,JUNGLE,52.58,194
Rumble,TOP,Qiyana,JUNGLE,52.17,345
Rumble,TOP,Jayce,JUNGLE,51.74,603
Rumble,TOP,Xin Zhao,JUNGLE,51.38,181
Rumble,TOP,Viego,JUNGLE,51.27,868
Rumble,TOP,Ekko,JUNGLE,51.14,176
Rumble,TOP,Volibear,JUNGLE,50.54,93
Rumble,TOP,Lee Sin,JUNGLE,50.33,757
Rumble,TOP,Malphite,JUNGLE,50.0,70
Rumble,TOP,Nunu & Willump,JUNGLE,50.0,88
Ryze,MID,Rek'Sai,JUNGLE,55.06,474
Ryze,MID,Nidalee,JUNGLE,54.55,242
Ryze,MID,Shaco,JUNGLE,54.1,268
Ryze,MID,Kindred,JUNGLE,52.61,211
Ryze,MID,Hecarim,JUNGLE,52.53,375
Ryze,MID,Evelynn,JUNGLE,52.34,128
Ryze,MID,Ivern,JUNGLE,51.81,166
Ryze,MID,Jarvan IV,JUNGLE,51.73,721
Ryze,MID,Qiyana,JUNGLE,51.56,640
Ryze,MID,Nunu & Willump,JUNGLE,51.38,218
Ryze,MID,Rengar,JUNGLE,51.35,446
Ryze,MID,Dr. Mundo,JUNGLE,50.8,250
Ryze,MID,Zac,JUNGLE,50.77,260
Ryze,MID,Volibear,JUNGLE,50.63,239
Ryze,MID,Lee Sin,JUNGLE,50.0,1568
Ryze,MID,Wukong,JUNGLE,50.0,156
Samira,ADC,Taric,SUPPORT,62.86,70
Samira,ADC,Vel'Koz,SUPPORT,59.38,32
Samira,ADC,Zilean,SUPPORT,58.97,39
Samira,ADC,Janna,SUPPORT,55.42,166
Samira,ADC,Alistar,SUPPORT,55.01,349
Samira,ADC,Leona,SUPPORT,54.58,491
Samira,ADC,Thresh,SUPPORT,54.44,417
Samira,ADC,Maokai,SUPPORT,54.24,59
Samira,ADC,Rell,SUPPORT,53.83,457
Samira,ADC,Rakan,SUPPORT,53.22,171
Samira,ADC,Neeko,SUPPORT,52.86,70
Samira,ADC,Nautilus,SUPPORT,52.67,1086
Samira,ADC,Elise,SUPPORT,50.94,53
Sejuani,JUNGLE,Zyra,SUPPORT,66.67,12
Sejuani,JUNGLE,Soraka,SUPPORT,64.44,45
Sejuani,JUNGLE,Senna,SUPPORT,62.07,29
Sejuani,JUNGLE,Alistar,SUPPORT,60.0,50
Sejuani,JUNGLE,Pantheon,SUPPORT,60.0,15
Sejuani,JUNGLE,Sona,SUPPORT,59.7,67
Sejuani,JUNGLE,Lux,SUPPORT,52.94,17
Sejuani,JUNGLE,Blitzcrank,SUPPORT,52.17,46
Sejuani,JUNGLE,Lulu,SUPPORT,52.07,121
Sejuani,JUNGLE,Karma,SUPPORT,51.55,97
Sejuani,JUNGLE,Pyke,SUPPORT,51.06,47
Sejuani,JUNGLE,Milio,SUPPORT,51.02,49
Sejuani,JUNGLE,Thresh,SUPPORT,50.94,106
Sejuani,JUNGLE,Poppy,SUPPORT,50.0,12
Sejuani,JUNGLE,Vel'Koz,SUPPORT,50.0,12
Senna,ADC,Taric,SUPPORT,75.0,8
Senna,ADC,Milio,SUPPORT,66.67,15
Senna,ADC,Leona,SUPPORT,65.0,20
Senna,ADC,Karma,SUPPORT,61.29,31
Senna,ADC,Thresh,SUPPORT,61.11,18
Senna,ADC,Lux,SUPPORT,60.0,5
Senna,ADC,Nami,SUPPORT,55.17,29
Senna,ADC,Janna,SUPPORT,55.0,20
Senna,ADC,Braum,SUPPORT,54.55,33
Senna,ADC,Blitzcrank,SUPPORT,53.85,13
Senna,ADC,Rell,SUPPORT,53.85,13
Senna,ADC,Tahm Kench,SUPPORT,53.85,13
Senna,ADC,Alistar,SUPPORT,50.0,20
Senna,ADC,Elise,SUPPORT,50.0,4
Senna,ADC,Zilean,SUPPORT,50.0,10
Senna,SUPPORT,Yasuo,ADC,61.76,68
Senna,SUPPORT,Xayah,ADC,60.98,41
Senna,SUPPORT,Nilah,ADC,59.0,200
Senna,SUPPORT,Jinx,ADC,57.2,236
Senna,SUPPORT,Tristana,ADC,56.1,82
Senna,SUPPORT,Swain,ADC,55.66,221
Senna,SUPPORT,Veigar,ADC,55.56,90
Senna,SUPPORT,Varus,ADC,54.14,399
Senna,SUPPORT,Ziggs,ADC,53.19,141
Senna,SUPPORT,Ashe,ADC,51.48,169
Senna,SUPPORT,Vayne,ADC,50.96,104
Senna,SUPPORT,Yunara,ADC,50.51,295
Senna,SUPPORT,Jhin,ADC,50.47,430
Senna,SUPPORT,Kog'Maw,ADC,50.0,44
Seraphine,ADC,Taric,SUPPORT,73.08,26
Seraphine,ADC,Morgana,SUPPORT,66.67,36
Seraphine,ADC,Blitzcrank,SUPPORT,62.96,27
Seraphine,ADC,Zilean,SUPPORT,60.53,38
Seraphine,ADC,Braum,SUPPORT,60.0,55
Seraphine,ADC,Rakan,SUPPORT,59.6,99
Seraphine,ADC,Thresh,SUPPORT,56.63,83
Seraphine,ADC,Bard,SUPPORT,54.63,108
Seraphine,ADC,Pyke,SUPPORT,54.39,57
Seraphine,ADC,Alistar,SUPPORT,54.32,81
Seraphine,ADC,Poppy,SUPPORT,53.85,26
Seraphine,ADC,Neeko,SUPPORT,53.13,32
Seraphine,ADC,Pantheon,SUPPORT,53.13,32
Seraphine,ADC,Leona,SUPPORT,53.09,81
Seraphine,ADC,Nami,SUPPORT,52.98,285
Seraphine,ADC,Zyra,SUPPORT,52.94,17
Seraphine,ADC,Sona,SUPPORT,51.87,482
Seraphine,ADC,Karma,SUPPORT,51.68,149
Seraphine,ADC,Nautilus,SUPPORT,51.2,125
Seraphine,ADC,Rell,SUPPORT,50.75,67
Seraphine,ADC,Tahm Kench,SUPPORT,50.0,16
Seraphine,SUPPORT,Tristana,ADC,62.16,74
Seraphine,SUPPORT,Twitch,ADC,59.26,108
Seraphine,SUPPORT,Ziggs,ADC,55.07,69
Seraphine,SUPPORT,Ashe,ADC,54.79,898
Seraphine,SUPPORT,Mel,ADC,54.72,53
Seraphine,SUPPORT,Nilah,ADC,54.55,66
Seraphine,SUPPORT,Kog'Maw,ADC,51.52,33
Seraphine,SUPPORT,Swain,ADC,51.19,84
Seraphine,SUPPORT,Sivir,ADC,51.02,245
Seraphine,SUPPORT,Aphelios,ADC,50.93,322
Seraphine,SUPPORT,Corki,ADC,50.89,112
Seraphine,SUPPORT,Lucian,ADC,50.62,81
Seraphine,SUPPORT,Kai'Sa,ADC,50.0,288
Sett,TOP,Amumu,JUNGLE,69.57,23
Sett,TOP,Elise,JUNGLE,64.91,57
Sett,TOP,Warwick,JUNGLE,59.09,22
Sett,TOP,Kindred,JUNGLE,55.56,45
Sett,TOP,Nidalee,JUNGLE,55.36,56
Sett,TOP,Ekko,JUNGLE,55.04,238
Sett,TOP,Udyr,JUNGLE,54.55,33
Sett,TOP,Graves,JUNGLE,52.63,76
Sett,TOP,Evelynn,JUNGLE,52.08,48
Sett,TOP,Volibear,JUNGLE,51.85,81
Sett,TOP,Jarvan IV,JUNGLE,51.66,151
Sett,TOP,Vi,JUNGLE,51.61,62
Sett,TOP,Rek'Sai,JUNGLE,51.35,74
Sett,TOP,Ivern,JUNGLE,50.77,65
Sett,TOP,Rengar,JUNGLE,50.48,105
Sett,TOP,Master Yi,JUNGLE,50.0,78
Sett,TOP,Nunu & Willump,JUNGLE,50.0,66
Sett,TOP,Qiyana,JUNGLE,50.0,102
Shaco,JUNGLE,Renata Glasc,SUPPORT,62.86,35
Shaco,JUNGLE,Vel'Koz,SUPPORT,61.54,39
Shaco,JUNGLE,Morgana,SUPPORT,60.66,61
Shaco,JUNGLE,Tahm Kench,SUPPORT,60.61,33
Shaco,JUNGLE,Neeko,SUPPORT,59.43,106
Shaco,JUNGLE,Soraka,SUPPORT,59.4,133
Shaco,JUNGLE,Elise,SUPPORT,58.33,48
Shaco,JUNGLE,Sona,SUPPORT,57.14,245
Shaco,JUNGLE,Rell,SUPPORT,55.56,144
Shaco,JUNGLE,Nami,SUPPORT,54.4,443
Shaco,JUNGLE,Karma,SUPPORT,54.19,310
Shaco,JUNGLE,Seraphine,SUPPORT,54.1,61
Shaco,JUNGLE,Blitzcrank,SUPPORT,53.57,140
Shaco,JUNGLE,Alistar,SUPPORT,53.49,172
Shaco,JUNGLE,Rakan,SUPPORT,53.3,182
Shaco,JUNGLE,Zilean,SUPPORT,53.13,64
Shaco,JUNGLE,Thresh,SUPPORT,53.01,332
Shaco,JUNGLE,Leona,SUPPORT,51.59,157
Shaco,JUNGLE,Braum,SUPPORT,51.43,315
Shaco,JUNGLE,Lulu,SUPPORT,51.26,318
Shaco,JUNGLE,Nautilus,SUPPORT,51.07,327
Shaco,JUNGLE,Poppy,SUPPORT,50.94,53
Shaco,JUNGLE,Lux,SUPPORT,50.0,54
Shaco,JUNGLE,Taric,SUPPORT,50.0,62
Shen,TOP,Zyra,JUNGLE,66.67,45
Shen,TOP,Zac,JUNGLE,65.45,110
Shen,TOP,Nocturne,JUNGLE,60.47,86
Shen,TOP,Hecarim,JUNGLE,60.29,136
Shen,TOP,Kindred,JUNGLE,59.74,77
Shen,TOP,Rek'Sai,JUNGLE,58.97,117
Shen,TOP,Dr. Mundo,JUNGLE,58.33,84
Shen,TOP,Rengar,JUNGLE,56.65,173
Shen,TOP,Lee Sin,JUNGLE,56.1,385
Shen,TOP,Shaco,JUNGLE,55.67,97
Shen,TOP,Fiddlesticks,JUNGLE,55.56,72
Shen,TOP,Talon,JUNGLE,55.42,166
Shen,TOP,Wukong,JUNGLE,55.17,58
Shen,TOP,Master Yi,JUNGLE,54.89,133
Shen,TOP,Diana,JUNGLE,54.22,308
Shen,TOP,Bel'Veth,JUNGLE,53.7,54
Shen,TOP,Qiyana,JUNGLE,53.61,166
Shen,TOP,Volibear,JUNGLE,53.0,100
Shen,TOP,Sylas,JUNGLE,52.63,114
Shen,TOP,Nidalee,JUNGLE,52.53,99
Shen,TOP,Ekko,JUNGLE,51.75,286
Shen,TOP,Jarvan IV,JUNGLE,51.67,209
Shen,TOP,Vi,JUNGLE,51.32,76
Shen,TOP,Xin Zhao,JUNGLE,51.25,80
Shen,TOP,Nunu & Willump,JUNGLE,50.54,93
Shyvana,JUNGLE,Morgana,SUPPORT,83.33,6
Shyvana,JUNGLE,Elise,SUPPORT,80.0,5
Shyvana,JUNGLE,Neeko,SUPPORT,66.67,12
Shyvana,JUNGLE,Zilean,SUPPORT,66.67,9
Shyvana,JUNGLE,Alistar,SUPPORT,58.33,24
Shyvana,JUNGLE,Blitzcrank,SUPPORT,57.89,19
Shyvana,JUNGLE,Rakan,SUPPORT,55.56,9
Shyvana,JUNGLE,Rell,SUPPORT,55.56,18
Shyvana,JUNGLE,Pyke,SUPPORT,52.94,17
Shyvana,JUNGLE,Milio,SUPPORT,50.0,20
Shyvana,JUNGLE,Sona,SUPPORT,50.0,32
Shyvana,JUNGLE,Taric,SUPPORT,50.0,12
Singed,TOP,Evelynn,JUNGLE,66.67,36
Singed,TOP,Fiddlesticks,JUNGLE,66.0,50
Singed,TOP,Nidalee,JUNGLE,61.29,62
Singed,TOP,Vi,JUNGLE,61.18,85
Singed,TOP,Rammus,JUNGLE,60.61,33
Singed,TOP,Kayn,JUNGLE,58.82,85
Singed,TOP,Shaco,JUNGLE,58.21,67
Singed,TOP,Rek'Sai,JUNGLE,57.55,106
Singed,TOP,Master Yi,JUNGLE,55.95,84
Singed,TOP,Ivern,JUNGLE,55.32,47
Singed,TOP,Diana,JUNGLE,54.74,190
Singed,TOP,Jarvan IV,JUNGLE,53.89,193
Singed,TOP,Graves,JUNGLE,52.38,105
Singed,TOP,Dr. Mundo,JUNGLE,52.24,67
Singed,TOP,Lee Sin,JUNGLE,52.19,389
Singed,TOP,Rengar,JUNGLE,51.85,162
Singed,TOP,Qiyana,JUNGLE,51.72,116
Singed,TOP,Talon,JUNGLE,51.67,120
Singed,TOP,Naafiri,JUNGLE,51.16,43
Singed,TOP,Kindred,JUNGLE,50.91,55
Singed,TOP,Kha'Zix,JUNGLE,50.38,266
Singed,TOP,Briar,JUNGLE,50.0,34
Singed,TOP,Lillia,JUNGLE,50.0,34
Singed,TOP,Udyr,JUNGLE,50.0,42
Singed,TOP,Volibear,JUNGLE,50.0,88
Sion,TOP,Volibear,JUNGLE,55.12,127
Sion,TOP,Rengar,JUNGLE,54.79,188
Sion,TOP,Zyra,JUNGLE,53.33,75
Sion,TOP,Nunu & Willump,JUNGLE,53.21,109
Sion,TOP,Karthus,JUNGLE,52.83,106
Sion,TOP,Evelynn,JUNGLE,52.5,80
Sion,TOP,Shaco,JUNGLE,52.0,125
Sion,TOP,Elise,JUNGLE,51.89,106
Sion,TOP,Diana,JUNGLE,51.18,422
Sion,TOP,Talon,JUNGLE,50.5,202
Sion,TOP,Zed,JUNGLE,50.26,189
Sion,TOP,Lillia,JUNGLE,50.0,76
Sivir,ADC,Vel'Koz,SUPPORT,53.68,95
Sivir,ADC,Blitzcrank,SUPPORT,53.23,248
Sivir,ADC,Neeko,SUPPORT,53.21,280
Sivir,ADC,Elise,SUPPORT,53.19,94
Sivir,ADC,Leona,SUPPORT,53.13,335
Sivir,ADC,Janna,SUPPORT,52.54,611
Sivir,ADC,Rell,SUPPORT,52.24,268
Sivir,ADC,Braum,SUPPORT,52.14,746
Sivir,ADC,Taric,SUPPORT,51.97,127
Sivir,ADC,Pyke,SUPPORT,51.74,288
Sivir,ADC,Sona,SUPPORT,51.41,782
Sivir,ADC,Lulu,SUPPORT,51.04,868
Sivir,ADC,Seraphine,SUPPORT,51.02,245
Sivir,ADC,Alistar,SUPPORT,50.96,469
Sivir,ADC,Morgana,SUPPORT,50.59,85
Sivir,ADC,Thresh,SUPPORT,50.52,572
Sivir,ADC,Poppy,SUPPORT,50.28,181
Sivir,ADC,Bard,SUPPORT,50.0,906
Skarner,JUNGLE,Poppy,SUPPORT,77.78,9
Skarner,JUNGLE,Zyra,SUPPORT,75.0,8
Skarner,JUNGLE,Neeko,SUPPORT,69.57,23
Skarner,JUNGLE,Seraphine,SUPPORT,69.23,26
Skarner,JUNGLE,Senna,SUPPORT,67.74,31
Skarner,JUNGLE,Pyke,SUPPORT,63.33,30
Skarner,JUNGLE,Renata Glasc,SUPPORT,62.5,8
Skarner,JUNGLE,Karma,SUPPORT,59.38,64
Skarner,JUNGLE,Nautilus,SUPPORT,58.33,60
Skarner,JUNGLE,Zilean,SUPPORT,57.14,14
Skarner,JUNGLE,Lux,SUPPORT,54.55,11
Skarner,JUNGLE,Janna,SUPPORT,54.35,46
Skarner,JUNGLE,Milio,SUPPORT,53.85,39
Skarner,JUNGLE,Braum,SUPPORT,53.75,80
Skarner,JUNGLE,Soraka,SUPPORT,52.0,25
Skarner,JUNGLE,Bard,SUPPORT,50.0,58
Skarner,JUNGLE,Leona,SUPPORT,50.0,18
Skarner,JUNGLE,Pantheon,SUPPORT,50.0,6
Skarner,JUNGLE,Rakan,SUPPORT,50.0,50
Skarner,JUNGLE,Taric,SUPPORT,50.0,16
Smolder,ADC,Maokai,SUPPORT,57.45,47
Smolder,ADC,Poppy,SUPPORT,55.79,95
Smolder,ADC,Morgana,SUPPORT,53.15,111
Smolder,ADC,Thresh,SUPPORT,52.28,394
Smolder,ADC,Tahm Kench,SUPPORT,52.0,50
Smolder,ADC,Taric,SUPPORT,51.14,88
Smolder,ADC,Janna,SUPPORT,50.76,463
Smolder,ADC,Alistar,SUPPORT,50.0,320
Smolder,ADC,Zyra,SUPPORT,50.0,56
Sona,SUPPORT,Veigar,ADC,65.52,87
Sona,SUPPORT,Mel,ADC,60.82,97
Sona,SUPPORT,Zeri,ADC,59.57,235
Sona,SUPPORT,Vayne,ADC,58.76,274
Sona,SUPPORT,Draven,ADC,56.97,165
Sona,SUPPORT,Tristana,ADC,56.68,187
Sona,SUPPORT,Ziggs,ADC,56.68,277
Sona,SUPPORT,Nilah,ADC,54.92,244
Sona,SUPPORT,Corki,ADC,54.61,445
Sona,SUPPORT,Yasuo,ADC,54.29,105
Sona,SUPPORT,Jinx,ADC,52.35,724
Sona,SUPPORT,Kog'Maw,ADC,52.33,86
Sona,SUPPORT,Swain,ADC,52.11,142
Sona,SUPPORT,Seraphine,ADC,51.87,482
Sona,SUPPORT,Sivir,ADC,51.41,782
Sona,SUPPORT,Jhin,ADC,51.15,694
Sona,SUPPORT,Varus,ADC,51.03,774
Sona,SUPPORT,Ashe,ADC,50.9,332
Sona,SUPPORT,Lucian,ADC,50.48,622
Sona,SUPPORT,Yunara,ADC,50.38,790
Soraka,SUPPORT,Twitch,ADC,56.52,230
Soraka,SUPPORT,Ashe,ADC,56.48,216
Soraka,SUPPORT,Miss Fortune,ADC,56.12,196
Soraka,SUPPORT,Swain,ADC,55.22,67
Soraka,SUPPORT,Mel,ADC,53.13,64
Soraka,SUPPORT,Yasuo,ADC,52.86,70
Soraka,SUPPORT,Vayne,ADC,52.74,201
Soraka,SUPPORT,Varus,ADC,52.51,518
Soraka,SUPPORT,Corki,ADC,50.8,250
Soraka,SUPPORT,Lucian,ADC,50.68,219
Soraka,SUPPORT,Kog'Maw,ADC,50.0,48
Soraka,SUPPORT,Tristana,ADC,50.0,130
Swain,ADC,Maokai,SUPPORT,75.0,24
Swain,ADC,Brand,SUPPORT,66.67,18
Swain,ADC,Elise,SUPPORT,66.67,24
Swain,ADC,Taric,SUPPORT,65.0,80
Swain,ADC,Pantheon,SUPPORT,63.77,69
Swain,ADC,Rell,SUPPORT,60.0,105
Swain,ADC,Leona,SUPPORT,59.92,237
Swain,ADC,Thresh,SUPPORT,59.23,130
Swain,ADC,Milio,SUPPORT,58.82,17
Swain,ADC,Karma,SUPPORT,57.93,164
Swain,ADC,Zilean,SUPPORT,57.14,56
Swain,ADC,Alistar,SUPPORT,56.83,139
Swain,ADC,Senna,SUPPORT,55.66,221
Swain,ADC,Nami,SUPPORT,55.28,284
Swain,ADC,Soraka,SUPPORT,55.22,67
Swain,ADC,Pyke,SUPPORT,54.55,143
Swain,ADC,Janna,SUPPORT,53.85,78
Swain,ADC,Sona,SUPPORT,52.11,142
Swain,ADC,Morgana,SUPPORT,51.85,27
Swain,ADC,Braum,SUPPORT,51.43,70
Swain,ADC,Seraphine,SUPPORT,51.19,84
Swain,ADC,Poppy,SUPPORT,50.0,44
Swain,ADC,Rakan,SUPPORT,50.0,118
Swain,MID,Fiddlesticks,JUNGLE,64.29,14
Swain,MID,Briar,JUNGLE,60.87,23
Swain,MID,Zed,JUNGLE,59.02,61
Swain,MID,Evelynn,JUNGLE,58.82,17
Swain,MID,Zac,JUNGLE,58.82,34
Swain,MID,Kindred,JUNGLE,58.33,36
Swain,MID,Rek'Sai,JUNGLE,57.89,57
Swain,MID,Rengar,JUNGLE,57.63,59
Swain,MID,Kayn,JUNGLE,57.58,33
Swain,MID,Volibear,JUNGLE,56.41,39
Swain,MID,Qiyana,JUNGLE,55.36,56
Swain,MID,Kha'Zix,JUNGLE,55.17,145
Swain,MID,Diana,JUNGLE,53.19,94
Swain,MID,Bel'Veth,JUNGLE,52.0,25
Swain,MID,Dr. Mundo,JUNGLE,51.61,31
Swain,MID,Naafiri,JUNGLE,51.52,33
Swain,MID,Lee Sin,JUNGLE,50.37,135
Swain,MID,Shaco,JUNGLE,50.0,38
Swain,MID,Skarner,JUNGLE,50.0,14
Swain,MID,Wukong,JUNGLE,50.0,26
Sylas,JUNGLE,Lux,SUPPORT,65.85,41
Sylas,JUNGLE,Zilean,SUPPORT,59.74,77
Sylas,JUNGLE,Bard,SUPPORT,57.23,311
Sylas,JUNGLE,Maokai,SUPPORT,54.29,35
Sylas,JUNGLE,Braum,SUPPORT,53.71,458
Sylas,JUNGLE,Morgana,SUPPORT,53.62,69
Sylas,JUNGLE,Sona,SUPPORT,53.2,203
Sylas,JUNGLE,Soraka,SUPPORT,52.86,140
Sylas,JUNGLE,Janna,SUPPORT,52.13,211
Sylas,JUNGLE,Alistar,SUPPORT,51.9,289
Sylas,JUNGLE,Senna,SUPPORT,51.52,132
Sylas,JUNGLE,Nami,SUPPORT,50.86,464
Sylas,JUNGLE,Elise,SUPPORT,50.0,60
Sylas,JUNGLE,Pantheon,SUPPORT,50.0,84
Sylas,JUNGLE,Rakan,SUPPORT,50.0,216
Sylas,JUNGLE,Taric,SUPPORT,50.0,80
Sylas,MID,Karthus,JUNGLE,63.75,80
Sylas,MID,Elise,JUNGLE,58.18,110
Sylas,MID,Kindred,JUNGLE,56.21,153
Sylas,MID,Talon,JUNGLE,54.19,382
Sylas,MID,Udyr,JUNGLE,53.95,76
Sylas,MID,Shaco,JUNGLE,53.81,197
Sylas,MID,Volibear,JUNGLE,53.59,181
Sylas,MID,Rengar,JUNGLE,53.33,315
Sylas,MID,Nunu & Willump,JUNGLE,52.6,154
Sylas,MID,Rek'Sai,JUNGLE,51.94,310
Sylas,MID,Dr. Mundo,JUNGLE,51.8,139
Sylas,MID,Qiyana,JUNGLE,51.63,337
Sylas,MID,Kayn,JUNGLE,51.11,135
Sylas,MID,Ivern,JUNGLE,50.91,110
Sylas,MID,Zac,JUNGLE,50.84,179
Sylas,MID,Naafiri,JUNGLE,50.69,144
Sylas,MID,Zyra,JUNGLE,50.57,87
Sylas,MID,Master Yi,JUNGLE,50.21,243
Sylas,MID,Nocturne,JUNGLE,50.0,120
Syndra,MID,Rek'Sai,JUNGLE,57.4,277
Syndra,MID,Briar,JUNGLE,56.7,97
Syndra,MID,Vi,JUNGLE,56.07,173
Syndra,MID,Ivern,JUNGLE,55.77,104
Syndra,MID,Bel'Veth,JUNGLE,54.7,117
Syndra,MID,Dr. Mundo,JUNGLE,54.11,207
Syndra,MID,Rengar,JUNGLE,52.65,340
Syndra,MID,Pantheon,JUNGLE,52.54,59
Syndra,MID,Sejuani,JUNGLE,52.54,59
Syndra,MID,Warwick,JUNGLE,52.54,59
Syndra,MID,Nunu & Willump,JUNGLE,52.32,151
Syndra,MID,Shaco,JUNGLE,51.89,185
Syndra,MID,Kayn,JUNGLE,51.82,137
Syndra,MID,Master Yi,JUNGLE,51.53,196
Syndra,MID,Ekko,JUNGLE,51.08,415
Syndra,MID,Kha'Zix,JUNGLE,50.8,687
Syndra,MID,Diana,JUNGLE,50.66,452
Syndra,MID,Jayce,JUNGLE,50.63,638
Syndra,MID,Lee Sin,JUNGLE,50.62,810
Syndra,MID,Nidalee,JUNGLE,50.41,123
Tahm Kench,SUPPORT,Nilah,ADC,58.33,12
Tahm Kench,SUPPORT,Xayah,ADC,56.25,16
Tahm Kench,SUPPORT,Ashe,ADC,55.81,43
Tahm Kench,SUPPORT,Samira,ADC,54.55,22
Tahm Kench,SUPPORT,Aphelios,ADC,54.49,156
Tahm Kench,SUPPORT,Senna,ADC,53.85,13
Tahm Kench,SUPPORT,Miss Fortune,ADC,53.33,45
Tahm Kench,SUPPORT,Sivir,ADC,53.06,49
Tahm Kench,SUPPORT,Ziggs,ADC,52.38,21
Tahm Kench,SUPPORT,Smolder,ADC,52.0,50
Tahm Kench,SUPPORT,Jinx,ADC,50.66,152
Tahm Kench,SUPPORT,Seraphine,ADC,50.0,16
Tahm Kench,SUPPORT,Varus,ADC,50.0,88
Tahm Kench,SUPPORT,Vayne,ADC,50.0,22
Taliyah,MID,Zyra,JUNGLE,63.89,36
Taliyah,MID,Zac,JUNGLE,60.82,97
Taliyah,MID,Malphite,JUNGLE,60.53,76
Taliyah,MID,Rengar,JUNGLE,60.24,166
Taliyah,MID,Evelynn,JUNGLE,58.82,51
Taliyah,MID,Nidalee,JUNGLE,55.71,70
Taliyah,MID,Talon,JUNGLE,55.38,186
Taliyah,MID,Jarvan IV,JUNGLE,54.51,277
Taliyah,MID,Xin Zhao,JUNGLE,53.54,127
Taliyah,MID,Nunu & Willump,JUNGLE,53.33,90
Taliyah,MID,Shaco,JUNGLE,52.94,102
Taliyah,MID,Kindred,JUNGLE,52.33,86
Taliyah,MID,Elise,JUNGLE,52.24,67
Taliyah,MID,Rek'Sai,JUNGLE,51.96,179
Taliyah,MID,Wukong,JUNGLE,51.35,74
Taliyah,MID,Jayce,JUNGLE,51.18,422
Taliyah,MID,Pantheon,JUNGLE,51.06,94
Taliyah,MID,Volibear,JUNGLE,50.77,130
Taliyah,MID,Diana,JUNGLE,50.49,206
Taliyah,MID,Master Yi,JUNGLE,50.45,111
Taliyah,MID,Lee Sin,JUNGLE,50.39,516
Taliyah,MID,Ekko,JUNGLE,50.0,228
Taliyah,MID,Naafiri,JUNGLE,50.0,64
Taliyah,MID,Udyr,JUNGLE,50.0,46
Taliyah,MID,Warwick,JUNGLE,50.0,40
Talon,JUNGLE,Taric,SUPPORT,58.16,98
Talon,JUNGLE,Elise,SUPPORT,55.56,117
Talon,JUNGLE,Senna,SUPPORT,55.19,183
Talon,JUNGLE,Soraka,SUPPORT,55.16,223
Talon,JUNGLE,Janna,SUPPORT,54.1,366
Talon,JUNGLE,Poppy,SUPPORT,53.33,90
Talon,JUNGLE,Nami,SUPPORT,53.21,654
Talon,JUNGLE,Yuumi,SUPPORT,53.07,179
Talon,JUNGLE,Blitzcrank,SUPPORT,52.82,248
Talon,JUNGLE,Lulu,SUPPORT,52.17,552
Talon,JUNGLE,Rakan,SUPPORT,52.0,325
Talon,JUNGLE,Braum,SUPPORT,51.64,519
Talon,JUNGLE,Sona,SUPPORT,51.47,375
Talon,JUNGLE,Nautilus,SUPPORT,51.23,570
Talon,JUNGLE,Leona,SUPPORT,50.71,280
Talon,JUNGLE,Thresh,SUPPORT,50.63,474
Talon,JUNGLE,Vel'Koz,SUPPORT,50.55,91
Talon,JUNGLE,Morgana,SUPPORT,50.0,82
Talon,MID,Bel'Veth,JUNGLE,68.0,25
Talon,MID,Karthus,JUNGLE,64.71,187
Talon,MID,Dr. Mundo,JUNGLE,62.71,59
Talon,MID,Evelynn,JUNGLE,60.53,76
Talon,MID,Qiyana,JUNGLE,59.32,59
Talon,MID,Kayn,JUNGLE,59.26,27
Talon,MID,Zyra,JUNGLE,59.18,98
Talon,MID,Nidalee,JUNGLE,58.33,204
Talon,MID,Nunu & Willump,JUNGLE,57.69,78
Talon,MID,Wukong,JUNGLE,57.14,28
Talon,MID,Kindred,JUNGLE,56.67,30
Talon,MID,Jarvan IV,JUNGLE,55.56,81
Talon,MID,Elise,JUNGLE,55.15,136
Talon,MID,Zac,JUNGLE,54.9,102
Talon,MID,Kha'Zix,JUNGLE,54.78,115
Talon,MID,Xin Zhao,JUNGLE,54.55,33
Talon,MID,Graves,JUNGLE,54.17,48
Talon,MID,Zed,JUNGLE,53.19,47
Talon,MID,Lee Sin,JUNGLE,52.82,195
Talon,MID,Sejuani,JUNGLE,52.0,25
Talon,MID,Udyr,JUNGLE,51.85,27
Talon,MID,Ivern,JUNGLE,51.22,41
Talon,MID,Lillia,JUNGLE,51.06,94
Talon,MID,Viego,JUNGLE,50.68,219
Talon,MID,Fiddlesticks,JUNGLE,50.57,87
Talon,MID,Rek'Sai,JUNGLE,50.0,60
Taric,SUPPORT,Seraphine,ADC,73.08,26
Taric,SUPPORT,Ziggs,ADC,65.79,38
Taric,SUPPORT,Swain,ADC,65.0,80
Taric,SUPPORT,Samira,ADC,62.86,70
Taric,SUPPORT,Draven,ADC,60.66,61
Taric,SUPPORT,Ashe,ADC,60.58,104
Taric,SUPPORT,Xayah,ADC,58.06,31
Taric,SUPPORT,Yasuo,ADC,56.72,67
Taric,SUPPORT,Zeri,ADC,56.41,39
Taric,SUPPORT,Aphelios,ADC,55.86,222
Taric,SUPPORT,Nilah,ADC,55.66,106
Taric,SUPPORT,Miss Fortune,ADC,55.56,81
Taric,SUPPORT,Twitch,ADC,55.36,168
Taric,SUPPORT,Kai'Sa,ADC,54.88,246
Taric,SUPPORT,Varus,ADC,54.63,205
Taric,SUPPORT,Tristana,ADC,54.48,134
Taric,SUPPORT,Lucian,ADC,53.78,344
Taric,SUPPORT,Kalista,ADC,53.77,106
Taric,SUPPORT,Yunara,ADC,53.57,252
Taric,SUPPORT,Sivir,ADC,51.97,127
Taric,SUPPORT,Smolder,ADC,51.14,88
Taric,SUPPORT,Jinx,ADC,50.0,144
Teemo,TOP,Elise,JUNGLE,81.25,16
Teemo,TOP,Nidalee,JUNGLE,66.67,21
Teemo,TOP,Nocturne,JUNGLE,64.71,17
Teemo,TOP,Rammus,JUNGLE,63.64,11
Teemo,TOP,Talon,JUNGLE,62.35,85
Teemo,TOP,Fiddlesticks,JUNGLE,58.33,12
Teemo,TOP,Sejuani,JUNGLE,58.33,12
Teemo,TOP,Ivern,JUNGLE,57.89,38
Teemo,TOP,Xin Zhao,JUNGLE,57.14,28
Teemo,TOP,Udyr,JUNGLE,56.52,23
Teemo,TOP,Master Yi,JUNGLE,55.56,36
Teemo,TOP,Jayce,JUNGLE,55.21,96
Teemo,TOP,Rek'Sai,JUNGLE,55.0,40
Teemo,TOP,Diana,JUNGLE,54.44,90
Teemo,TOP,Nunu & Willump,JUNGLE,54.29,35
Teemo,TOP,Lee Sin,JUNGLE,53.61,166
Teemo,TOP,Jarvan IV,JUNGLE,51.76,85
Teemo,TOP,Volibear,JUNGLE,51.43,35
Teemo,TOP,Bel'Veth,JUNGLE,50.0,28
Teemo,TOP,Dr. Mundo,JUNGLE,50.0,32
Teemo,TOP,Evelynn,JUNGLE,50.0,16
Teemo,TOP,Rengar,JUNGLE,50.0,66
Teemo,TOP,Wukong,JUNGLE,50.0,24
Thresh,SUPPORT,Swain,ADC,59.23,130
Thresh,SUPPORT,Nilah,ADC,57.06,170
Thresh,SUPPORT,Draven,ADC,54.9,683
Thresh,SUPPORT,Samira,ADC,54.44,417
Thresh,SUPPORT,Aphelios,ADC,53.95,3983
Thresh,SUPPORT,Twitch,ADC,53.42,365
Thresh,SUPPORT,Corki,ADC,53.35,523
Thresh,SUPPORT,Ziggs,ADC,53.28,137
Thresh,SUPPORT,Caitlyn,ADC,52.74,1185
Thresh,SUPPORT,Kalista,ADC,52.31,195
Thresh,SUPPORT,Smolder,ADC,52.28,394
Thresh,SUPPORT,Jinx,ADC,52.14,2131
Thresh,SUPPORT,Xayah,ADC,51.72,232
Thresh,SUPPORT,Jhin,ADC,51.21,746
Thresh,SUPPORT,Ashe,ADC,50.95,420
Thresh,SUPPORT,Varus,ADC,50.85,1062
Thresh,SUPPORT,Sivir,ADC,50.52,572
Thresh,SUPPORT,Lucian,ADC,50.37,540
Tristana,ADC,Neeko,SUPPORT,63.03,119
Tristana,ADC,Seraphine,SUPPORT,62.16,74
Tristana,ADC,Milio,SUPPORT,57.49,167
Tristana,ADC,Braum,SUPPORT,57.17,516
Tristana,ADC,Sona,SUPPORT,56.68,187
Tristana,ADC,Rell,SUPPORT,56.28,231
Tristana,ADC,Senna,SUPPORT,56.1,82
Tristana,ADC,Rakan,SUPPORT,55.76,321
Tristana,ADC,Taric,SUPPORT,54.48,134
Tristana,ADC,Lulu,SUPPORT,53.61,638
Tristana,ADC,Alistar,SUPPORT,53.57,308
Tristana,ADC,Blitzcrank,SUPPORT,53.39,251
Tristana,ADC,Nami,SUPPORT,52.96,372
Tristana,ADC,Elise,SUPPORT,52.58,97
Tristana,ADC,Janna,SUPPORT,51.75,228
Tristana,ADC,Renata Glasc,SUPPORT,51.35,37
Tristana,ADC,Pantheon,SUPPORT,50.0,92
Tristana,ADC,Soraka,SUPPORT,50.0,130
Tristana,MID,Wukong,JUNGLE,70.0,10
Tristana,MID,Rammus,JUNGLE,66.67,9
Tristana,MID,Zac,JUNGLE,62.79,43
Tristana,MID,Xin Zhao,JUNGLE,61.54,13
Tristana,MID,Rengar,JUNGLE,59.09,22
Tristana,MID,Talon,JUNGLE,58.82,17
Tristana,MID,Jarvan IV,JUNGLE,58.7,46
Tristana,MID,Dr. Mundo,JUNGLE,57.89,19
Tristana,MID,Zyra,JUNGLE,57.69,26
Tristana,MID,Elise,JUNGLE,57.14,28
Tristana,MID,Shaco,JUNGLE,53.57,28
Tristana,MID,Lillia,JUNGLE,52.94,17
Tristana,MID,Diana,JUNGLE,52.21,113
Tristana,MID,Nunu & Willump,JUNGLE,52.08,48
Tristana,MID,Evelynn,JUNGLE,51.35,37
Tristana,MID,Nocturne,JUNGLE,50.0,8
Tristana,MID,Qiyana,JUNGLE,50.0,16
Trundle,JUNGLE,Morgana,SUPPORT,75.0,8
Trundle,JUNGLE,Leona,SUPPORT,61.9,21
Trundle,JUNGLE,Sona,SUPPORT,58.97,39
Trundle,JUNGLE,Braum,SUPPORT,58.06,31
Trundle,JUNGLE,Thresh,SUPPORT,56.52,46
Trundle,JUNGLE,Soraka,SUPPORT,54.55,11
Trundle,JUNGLE,Pyke,SUPPORT,53.85,26
Trundle,JUNGLE,Milio,SUPPORT,52.63,19
Trundle,JUNGLE,Pantheon,SUPPORT,50.0,4
Tryndamere,TOP,Karthus,JUNGLE,74.55,55
Tryndamere,TOP,Fiddlesticks,JUNGLE,63.64,33
Tryndamere,TOP,Amumu,JUNGLE,62.5,16
Tryndamere,TOP,Volibear,JUNGLE,62.5,48
Tryndamere,TOP,Graves,JUNGLE,61.02,59
Tryndamere,TOP,Rengar,JUNGLE,58.49,53
Tryndamere,TOP,Sylas,JUNGLE,56.96,79
Tryndamere,TOP,Ivern,JUNGLE,55.88,34
Tryndamere,TOP,Diana,JUNGLE,55.09,167
Tryndamere,TOP,Elise,JUNGLE,54.55,33
Tryndamere,TOP,Nocturne,JUNGLE,54.29,35
Tryndamere,TOP,Zyra,JUNGLE,53.57,28
Tryndamere,TOP,Pantheon,JUNGLE,53.33,15
Tryndamere,TOP,Zed,JUNGLE,52.0,75
Tryndamere,TOP,Malphite,JUNGLE,51.85,27
Tryndamere,TOP,Xin Zhao,JUNGLE,51.52,33
Tryndamere,TOP,Qiyana,JUNGLE,50.65,77
Tryndamere,TOP,Lillia,JUNGLE,50.0,26
Tryndamere,TOP,Talon,JUNGLE,50.0,68
Tryndamere,TOP,Vi,JUNGLE,50.0,32
Twisted Fate,MID,Udyr,JUNGLE,57.89,57
Twisted Fate,MID,Naafiri,JUNGLE,57.45,94
Twisted Fate,MID,Pantheon,JUNGLE,57.41,54
Twisted Fate,MID,Rek'Sai,JUNGLE,56.89,225
Twisted Fate,MID,Kindred,JUNGLE,56.72,134
Twisted Fate,MID,Nocturne,JUNGLE,56.31,103
Twisted Fate,MID,Master Yi,JUNGLE,55.72,201
Twisted Fate,MID,Briar,JUNGLE,55.36,56
Twisted Fate,MID,Lee Sin,JUNGLE,55.26,941
Twisted Fate,MID,Jarvan IV,JUNGLE,54.88,328
Twisted Fate,MID,Shaco,JUNGLE,54.88,164
Twisted Fate,MID,Elise,JUNGLE,54.76,84
Twisted Fate,MID,Qiyana,JUNGLE,54.52,310
Twisted Fate,MID,Kayn,JUNGLE,54.37,103
Twisted Fate,MID,Nidalee,JUNGLE,54.21,190
Twisted Fate,MID,Zyra,JUNGLE,53.85,52
Twisted Fate,MID,Bel'Veth,JUNGLE,53.06,98
Twisted Fate,MID,Rengar,JUNGLE,53.03,198
Twisted Fate,MID,Ekko,JUNGLE,52.92,325
Twisted Fate,MID,Jayce,JUNGLE,52.1,643
Twisted Fate,MID,Karthus,JUNGLE,52.05,73
Twisted Fate,MID,Lillia,JUNGLE,52.0,50
Twisted Fate,MID,Talon,JUNGLE,51.9,289
Twisted Fate,MID,Kha'Zix,JUNGLE,51.66,511
Twisted Fate,MID,Evelynn,JUNGLE,51.04,96
Twisted Fate,MID,Zac,JUNGLE,50.76,132
Twisted Fate,MID,Ivern,JUNGLE,50.75,67
Twitch,ADC,Seraphine,SUPPORT,59.26,108
Twitch,ADC,Zilean,SUPPORT,59.26,108
Twitch,ADC,Soraka,SUPPORT,56.52,230
Twitch,ADC,Braum,SUPPORT,55.6,500
Twitch,ADC,Taric,SUPPORT,55.36,168
Twitch,ADC,Pyke,SUPPORT,54.95,273
Twitch,ADC,Thresh,SUPPORT,53.42,365
Twitch,ADC,Lulu,SUPPORT,53.36,1818
Twitch,ADC,Rakan,SUPPORT,53.03,396
Twitch,ADC,Elise,SUPPORT,52.54,59
Twitch,ADC,Renata Glasc,SUPPORT,52.5,80
Twitch,ADC,Nami,SUPPORT,52.24,626
Twitch,ADC,Alistar,SUPPORT,50.0,202
Twitch,ADC,Bard,SUPPORT,50.0,326
Twitch,ADC,Morgana,SUPPORT,50.0,66
Twitch,ADC,Poppy,SUPPORT,50.0,74
Udyr,JUNGLE,Pantheon,SUPPORT,63.16,19
Udyr,JUNGLE,Rell,SUPPORT,62.75,51
Udyr,JUNGLE,Taric,SUPPORT,58.82,17
Udyr,JUNGLE,Sona,SUPPORT,57.34,143
Udyr,JUNGLE,Zilean,SUPPORT,55.81,43
Udyr,JUNGLE,Soraka,SUPPORT,53.85,65
Udyr,JUNGLE,Vel'Koz,SUPPORT,53.85,13
Udyr,JUNGLE,Pyke,SUPPORT,53.49,86
Udyr,JUNGLE,Nami,SUPPORT,53.14,207
Udyr,JUNGLE,Renata Glasc,SUPPORT,52.94,17
Udyr,JUNGLE,Blitzcrank,SUPPORT,52.73,55
Udyr,JUNGLE,Janna,SUPPORT,52.08,96
Udyr,JUNGLE,Thresh,SUPPORT,52.03,123
Udyr,JUNGLE,Karma,SUPPORT,51.83,164
Udyr,JUNGLE,Braum,SUPPORT,50.44,113
Udyr,JUNGLE,Elise,SUPPORT,50.0,12
Urgot,TOP,Vi,JUNGLE,65.52,58
Urgot,TOP,Lee Sin,JUNGLE,59.2,299
Urgot,TOP,Rek'Sai,JUNGLE,58.72,109
Urgot,TOP,Shaco,JUNGLE,57.69,78
Urgot,TOP,Karthus,JUNGLE,57.58,66
Urgot,TOP,Nidalee,JUNGLE,57.14,77
Urgot,TOP,Zac,JUNGLE,56.55,145
Urgot,TOP,Master Yi,JUNGLE,56.18,89
Urgot,TOP,Qiyana,JUNGLE,56.1,123
Urgot,TOP,Dr. Mundo,JUNGLE,55.41,74
Urgot,TOP,Talon,JUNGLE,54.7,117
Urgot,TOP,Ekko,JUNGLE,54.22,249
Urgot,TOP,Fiddlesticks,JUNGLE,54.1,61
Urgot,TOP,Evelynn,JUNGLE,53.52,71
Urgot,TOP,Kayn,JUNGLE,52.94,51
Urgot,TOP,Rammus,JUNGLE,52.94,34
Urgot,TOP,Zyra,JUNGLE,52.94,51
Urgot,TOP,Bel'Veth,JUNGLE,52.38,42
Urgot,TOP,Graves,JUNGLE,51.85,108
Urgot,TOP,Nocturne,JUNGLE,51.35,37
Urgot,TOP,Jayce,JUNGLE,51.16,215
Urgot,TOP,Viego,JUNGLE,51.16,346
Urgot,TOP,Rengar,JUNGLE,50.86,116
Urgot,TOP,Ivern,JUNGLE,50.85,59
Urgot,TOP,Volibear,JUNGLE,50.78,128
Urgot,TOP,Udyr,JUNGLE,50.65,77
Urgot,TOP,Diana,JUNGLE,50.64,312
Urgot,TOP,Lillia,JUNGLE,50.0,50
Varus,ADC,Taric,SUPPORT,54.63,205
Varus,ADC,Senna,SUPPORT,54.14,399
Varus,ADC,Elise,SUPPORT,53.04,247
Varus,ADC,Bard,SUPPORT,52.91,1168
Varus,ADC,Janna,SUPPORT,52.83,761
Varus,ADC,Poppy,SUPPORT,52.55,255
Varus,ADC,Soraka,SUPPORT,52.51,518
Varus,ADC,Alistar,SUPPORT,52.42,908
Varus,ADC,Rakan,SUPPORT,52.36,699
Varus,ADC,Neeko,SUPPORT,52.29,742
Varus,ADC,Nami,SUPPORT,52.21,1153
Varus,ADC,Karma,SUPPORT,52.18,1721
Varus,ADC,Vel'Koz,SUPPORT,52.02,198
Varus,ADC,Braum,SUPPORT,51.85,1267
Varus,ADC,Zilean,SUPPORT,51.31,267
Varus,ADC,Sona,SUPPORT,51.03,774
Varus,ADC,Thresh,SUPPORT,50.85,1062
Varus,ADC,Lulu,SUPPORT,50.51,891
Varus,ADC,Rell,SUPPORT,50.18,550
Varus,ADC,Blitzcrank,SUPPORT,50.0,582
Vayne,ADC,Sona,SUPPORT,58.76,274
Vayne,ADC,Rell,SUPPORT,56.73,104
Vayne,ADC,Alistar,SUPPORT,56.47,170
Vayne,ADC,Pyke,SUPPORT,54.76,168
Vayne,ADC,Neeko,SUPPORT,53.85,52
Vayne,ADC,Elise,SUPPORT,52.78,36
Vayne,ADC,Bard,SUPPORT,52.75,182
Vayne,ADC,Soraka,SUPPORT,52.74,201
Vayne,ADC,Milio,SUPPORT,51.06,282
Vayne,ADC,Senna,SUPPORT,50.96,104
Vayne,ADC,Janna,SUPPORT,50.0,294
Veigar,ADC,Zyra,SUPPORT,75.0,8
Veigar,ADC,Janna,SUPPORT,69.81,53
Veigar,ADC,Poppy,SUPPORT,68.63,51
Veigar,ADC,Pantheon,SUPPORT,68.0,25
Veigar,ADC,Renata Glasc,SUPPORT,66.67,12
Veigar,ADC,Sona,SUPPORT,65.52,87
Veigar,ADC,Morgana,SUPPORT,61.54,13
Veigar,ADC,Blitzcrank,SUPPORT,60.61,33
Veigar,ADC,Vel'Koz,SUPPORT,60.0,20
Veigar,ADC,Nami,SUPPORT,59.33,150
Veigar,ADC,Zilean,SUPPORT,58.62,29
Veigar,ADC,Alistar,SUPPORT,56.25,128
Veigar,ADC,Nautilus,SUPPORT,55.56,81
Veigar,ADC,Senna,SUPPORT,55.56,90
Veigar,ADC,Rell,SUPPORT,54.84,31
Veigar,ADC,Milio,SUPPORT,54.17,24
Veigar,ADC,Pyke,SUPPORT,53.06,49
Veigar,ADC,Karma,SUPPORT,52.86,70
Veigar,ADC,Lulu,SUPPORT,52.63,19
Veigar,ADC,Rakan,SUPPORT,50.94,53
Veigar,ADC,Leona,SUPPORT,50.85,59
Veigar,ADC,Thresh,SUPPORT,50.0,72
Veigar,MID,Karthus,JUNGLE,63.16,19
Veigar,MID,Zac,JUNGLE,61.54,65
Veigar,MID,Lillia,JUNGLE,60.0,30
Veigar,MID,Nidalee,JUNGLE,60.0,30
Veigar,MID,Ivern,JUNGLE,59.26,27
Veigar,MID,Jarvan IV,JUNGLE,57.25,131
Veigar,MID,Zed,JUNGLE,54.64,97
Veigar,MID,Kindred,JUNGLE,54.0,50
Veigar,MID,Kha'Zix,JUNGLE,53.97,189
Veigar,MID,Shaco,JUNGLE,53.85,65
Veigar,MID,Nunu & Willump,JUNGLE,52.46,61
Veigar,MID,Volibear,JUNGLE,52.44,82
Veigar,MID,Fiddlesticks,JUNGLE,52.38,21
Veigar,MID,Lee Sin,JUNGLE,52.24,201
Veigar,MID,Rengar,JUNGLE,51.96,102
Veigar,MID,Evelynn,JUNGLE,51.85,27
Veigar,MID,Talon,JUNGLE,51.46,103
Veigar,MID,Graves,JUNGLE,50.68,73
Veigar,MID,Bel'Veth,JUNGLE,50.0,42
Veigar,MID,Briar,JUNGLE,50.0,24
Veigar,MID,Nocturne,JUNGLE,50.0,50
Vel'Koz,MID,Bel'Veth,JUNGLE,78.57,14
Vel'Koz,MID,Elise,JUNGLE,72.73,22
Vel'Koz,MID,Rengar,JUNGLE,71.64,67
Vel'Koz,MID,Fiddlesticks,JUNGLE,71.43,14
Vel'Koz,MID,Xin Zhao,JUNGLE,69.23,26
Vel'Koz,MID,Zac,JUNGLE,64.0,25
Vel'Koz,MID,Skarner,JUNGLE,63.64,11
Vel'Koz,MID,Nidalee,JUNGLE,61.54,26
Vel'Koz,MID,Qiyana,JUNGLE,61.54,52
Vel'Koz,MID,Kindred,JUNGLE,59.26,27
Vel'Koz,MID,Wukong,JUNGLE,59.26,27
Vel'Koz,MID,Jarvan IV,JUNGLE,59.09,88
Vel'Koz,MID,Nocturne,JUNGLE,59.09,22
Vel'Koz,MID,Kha'Zix,JUNGLE,58.18,110
Vel'Koz,MID,Dr. Mundo,JUNGLE,58.14,43
Vel'Koz,MID,Malphite,JUNGLE,57.14,14
Vel'Koz,MID,Volibear,JUNGLE,57.14,42
Vel'Koz,MID,Graves,JUNGLE,56.41,39
Vel'Koz,MID,Ivern,JUNGLE,56.25,16
Vel'Koz,MID,Master Yi,JUNGLE,55.56,36
Vel'Koz,MID,Evelynn,JUNGLE,54.55,22
Vel'Koz,MID,Viego,JUNGLE,52.85,193
Vel'Koz,MID,Vi,JUNGLE,52.0,25
Vel'Koz,MID,Ekko,JUNGLE,50.85,59
Vel'Koz,MID,Talon,JUNGLE,50.77,65
Vel'Koz,MID,Karthus,JUNGLE,50.0,10
Vel'Koz,MID,Lee Sin,JUNGLE,50.0,76
Vel'Koz,MID,Warwick,JUNGLE,50.0,12
Vel'Koz,SUPPORT,Veigar,ADC,60.0,20
Vel'Koz,SUPPORT,Samira,ADC,59.38,32
Vel'Koz,SUPPORT,Jinx,ADC,57.14,84
Vel'Koz,SUPPORT,Kai'Sa,ADC,54.26,129
Vel'Koz,SUPPORT,Sivir,ADC,53.68,95
Vel'Koz,SUPPORT,Nilah,ADC,52.63,19
Vel'Koz,SUPPORT,Jhin,ADC,52.54,335
Vel'Koz,SUPPORT,Varus,ADC,52.02,198
Vel'Koz,SUPPORT,Caitlyn,ADC,50.59,170
Vel'Koz,SUPPORT,Tristana,ADC,50.0,34
Vex,MID,Naafiri,JUNGLE,68.29,41
Vex,MID,Ivern,JUNGLE,66.67,18
Vex,MID,Zac,JUNGLE,63.16,38
Vex,MID,Elise,JUNGLE,60.87,23
Vex,MID,Evelynn,JUNGLE,60.71,28
Vex,MID,Briar,JUNGLE,60.61,33
Vex,MID,Dr. Mundo,JUNGLE,60.53,38
Vex,MID,Shaco,JUNGLE,60.38,53
Vex,MID,Master Yi,JUNGLE,59.02,61
Vex,MID,Zed,JUNGLE,57.14,98
Vex,MID,Lee Sin,JUNGLE,56.62,272
Vex,MID,Ekko,JUNGLE,55.83,120
Vex,MID,Graves,JUNGLE,55.41,74
Vex,MID,Warwick,JUNGLE,55.0,20
Vex,MID,Kha'Zix,JUNGLE,54.88,164
Vex,MID,Xin Zhao,JUNGLE,54.17,48
Vex,MID,Jarvan IV,JUNGLE,54.14,133
Vex,MID,Qiyana,JUNGLE,53.13,96
Vex,MID,Rek'Sai,JUNGLE,52.94,68
Vex,MID,Rengar,JUNGLE,52.7,74
Vex,MID,Diana,JUNGLE,51.97,127
Vex,MID,Sylas,JUNGLE,51.92,52
Vex,MID,Wukong,JUNGLE,51.61,31
Vex,MID,Nunu & Willump,JUNGLE,51.28,39
Vex,MID,Viego,JUNGLE,51.04,335
Vex,MID,Kayn,JUNGLE,50.0,50
Vex,MID,Kindred,JUNGLE,50.0,38
Vex,MID,Volibear,JUNGLE,50.0,64
Vi,JUNGLE,Seraphine,SUPPORT,60.0,75
Vi,JUNGLE,Taric,SUPPORT,57.58,66
Vi,JUNGLE,Alistar,SUPPORT,56.02,191
Vi,JUNGLE,Janna,SUPPORT,54.81,104
Vi,JUNGLE,Poppy,SUPPORT,54.69,64
Vi,JUNGLE,Elise,SUPPORT,53.85,52
Vi,JUNGLE,Rakan,SUPPORT,53.36,238
Vi,JUNGLE,Rell,SUPPORT,52.5,120
Vi,JUNGLE,Lux,SUPPORT,51.16,43
Viego,JUNGLE,Zilean,SUPPORT,54.69,373
Viego,JUNGLE,Taric,SUPPORT,52.15,303
Viego,JUNGLE,Renata Glasc,SUPPORT,51.98,202
Viego,JUNGLE,Elise,SUPPORT,51.12,313
Viego,JUNGLE,Braum,SUPPORT,50.82,1944
Viego,JUNGLE,Neeko,SUPPORT,50.36,689
Viego,JUNGLE,Leona,SUPPORT,50.27,1112
Viktor,MID,Rammus,JUNGLE,67.31,52
Viktor,MID,Ivern,JUNGLE,63.04,92
Viktor,MID,Rek'Sai,JUNGLE,58.69,213
Viktor,MID,Sylas,JUNGLE,58.65,133
Viktor,MID,Talon,JUNGLE,56.44,264
Viktor,MID,Nidalee,JUNGLE,53.24,139
Viktor,MID,Rengar,JUNGLE,53.09,243
Viktor,MID,Qiyana,JUNGLE,51.98,252
Viktor,MID,Jarvan IV,JUNGLE,51.86,349
Viktor,MID,Lillia,JUNGLE,51.02,49
Viktor,MID,Evelynn,JUNGLE,50.77,65
Viktor,MID,Kindred,JUNGLE,50.51,99
Viktor,MID,Naafiri,JUNGLE,50.48,105
Vladimir,MID,Pantheon,JUNGLE,60.87,23
Vladimir,MID,Nidalee,JUNGLE,60.0,35
Vladimir,MID,Ivern,JUNGLE,58.93,56
Vladimir,MID,Udyr,JUNGLE,58.7,46
Vladimir,MID,Ekko,JUNGLE,57.58,165
Vladimir,MID,Zac,JUNGLE,56.58,76
Vladimir,MID,Naafiri,JUNGLE,56.52,46
Vladimir,MID,Vi,JUNGLE,56.52,46
Vladimir,MID,Volibear,JUNGLE,55.68,88
Vladimir,MID,Lillia,JUNGLE,55.56,27
Vladimir,MID,Sejuani,JUNGLE,55.17,29
Vladimir,MID,Fiddlesticks,JUNGLE,54.55,33
Vladimir,MID,Shaco,JUNGLE,54.55,77
Vladimir,MID,Rengar,JUNGLE,54.4,182
Vladimir,MID,Talon,JUNGLE,54.05,148
Vladimir,MID,Rammus,JUNGLE,53.85,26
Vladimir,MID,Master Yi,JUNGLE,53.61,97
Vladimir,MID,Qiyana,JUNGLE,52.03,123
Vladimir,MID,Graves,JUNGLE,51.61,93
Vladimir,MID,Elise,JUNGLE,51.43,35
Vladimir,MID,Malphite,JUNGLE,50.0,60
Vladimir,MID,Nunu & Willump,JUNGLE,50.0,82
Vladimir,TOP,Naafiri,JUNGLE,60.78,51
Vladimir,TOP,Nidalee,JUNGLE,59.62,52
Vladimir,TOP,Wukong,JUNGLE,58.73,63
Vladimir,TOP,Zac,JUNGLE,56.94,72
Vladimir,TOP,Dr. Mundo,JUNGLE,55.7,79
Vladimir,TOP,Shaco,JUNGLE,54.55,77
Vladimir,TOP,Elise,JUNGLE,54.29,35
Vladimir,TOP,Briar,JUNGLE,53.85,39
Vladimir,TOP,Qiyana,JUNGLE,53.33,150
Vladimir,TOP,Udyr,JUNGLE,53.33,30
Vladimir,TOP,Zed,JUNGLE,52.76,127
Vladimir,TOP,Nunu & Willump,JUNGLE,52.63,57
Vladimir,TOP,Kha'Zix,JUNGLE,52.12,236
Vladimir,TOP,Talon,JUNGLE,51.53,163
Vladimir,TOP,Rek'Sai,JUNGLE,51.49,134
Vladimir,TOP,Nocturne,JUNGLE,50.85,59
Vladimir,TOP,Sylas,JUNGLE,50.79,63
Vladimir,TOP,Jarvan IV,JUNGLE,50.78,193
Vladimir,TOP,Diana,JUNGLE,50.75,134
Vladimir,TOP,Evelynn,JUNGLE,50.0,26
Volibear,JUNGLE,Poppy,SUPPORT,59.62,52
Volibear,JUNGLE,Pyke,SUPPORT,56.65,173
Volibear,JUNGLE,Rell,SUPPORT,56.64,113
Volibear,JUNGLE,Alistar,SUPPORT,56.36,165
Volibear,JUNGLE,Sona,SUPPORT,56.27,295
Volibear,JUNGLE,Blitzcrank,SUPPORT,55.92,152
Volibear,JUNGLE,Lulu,SUPPORT,55.7,377
Volibear,JUNGLE,Taric,SUPPORT,55.0,80
Volibear,JUNGLE,Lux,SUPPORT,54.0,50
Volibear,JUNGLE,Milio,SUPPORT,53.85,221
Volibear,JUNGLE,Soraka,SUPPORT,53.29,152
Volibear,JUNGLE,Pantheon,SUPPORT,53.19,47
Volibear,JUNGLE,Braum,SUPPORT,53.16,301
Volibear,JUNGLE,Senna,SUPPORT,52.08,144
Volibear,JUNGLE,Janna,SUPPORT,51.74,288
Volibear,JUNGLE,Rakan,SUPPORT,50.62,162
Volibear,JUNGLE,Elise,SUPPORT,50.0,52
Volibear,JUNGLE,Zilean,SUPPORT,50.0,92
Volibear,TOP,Zyra,JUNGLE,70.0,30
Volibear,TOP,Zac,JUNGLE,61.05,95
Volibear,TOP,Rengar,JUNGLE,61.03,136
Volibear,TOP,Wukong,JUNGLE,59.32,59
Volibear,TOP,Ivern,JUNGLE,58.49,53
Volibear,TOP,Nidalee,JUNGLE,58.46,65
Volibear,TOP,Bel'Veth,JUNGLE,58.33,48
Volibear,TOP,Graves,JUNGLE,58.12,117
Volibear,TOP,Sejuani,JUNGLE,57.69,26
Volibear,TOP,Naafiri,JUNGLE,57.14,42
Volibear,TOP,Master Yi,JUNGLE,56.98,86
Volibear,TOP,Talon,JUNGLE,54.97,151
Volibear,TOP,Malphite,JUNGLE,52.94,51
Volibear,TOP,Kha'Zix,JUNGLE,51.8,222
Volibear,TOP,Xin Zhao,JUNGLE,51.52,66
Volibear,TOP,Karthus,JUNGLE,50.98,51
Volibear,TOP,Viego,JUNGLE,50.63,480
Volibear,TOP,Hecarim,JUNGLE,50.54,93
Volibear,TOP,Qiyana,JUNGLE,50.4,125
Volibear,TOP,Jarvan IV,JUNGLE,50.3,167
Volibear,TOP,Evelynn,JUNGLE,50.0,52
Warwick,JUNGLE,Senna,SUPPORT,63.64,22
Warwick,JUNGLE,Bard,SUPPORT,59.38,64
Warwick,JUNGLE,Pantheon,SUPPORT,58.33,12
Warwick,JUNGLE,Braum,SUPPORT,56.52,92
Warwick,JUNGLE,Zyra,SUPPORT,55.56,9
Warwick,JUNGLE,Nami,SUPPORT,55.17,116
Warwick,JUNGLE,Pyke,SUPPORT,53.85,52
Warwick,JUNGLE,Renata Glasc,SUPPORT,53.85,13
Warwick,JUNGLE,Soraka,SUPPORT,53.49,43
Warwick,JUNGLE,Rell,SUPPORT,53.33,30
Warwick,JUNGLE,Milio,SUPPORT,53.13,64
Warwick,JUNGLE,Lux,SUPPORT,52.94,17
Warwick,JUNGLE,Zilean,SUPPORT,52.63,19
Warwick,JUNGLE,Lulu,SUPPORT,52.27,88
Warwick,JUNGLE,Leona,SUPPORT,52.17,46
Warwick,JUNGLE,Thresh,SUPPORT,51.58,95
Warwick,JUNGLE,Taric,SUPPORT,50.0,10
Warwick,TOP,Nocturne,JUNGLE,71.43,21
Warwick,TOP,Zyra,JUNGLE,68.42,19
Warwick,TOP,Kindred,JUNGLE,64.71,17
Warwick,TOP,Naafiri,JUNGLE,63.64,22
Warwick,TOP,Udyr,JUNGLE,62.5,16
Warwick,TOP,Karthus,JUNGLE,60.0,25
Warwick,TOP,Nidalee,JUNGLE,58.82,34
Warwick,TOP,Shaco,JUNGLE,56.41,39
Warwick,TOP,Ekko,JUNGLE,56.25,112
Warwick,TOP,Wukong,JUNGLE,55.56,18
Warwick,TOP,Dr. Mundo,JUNGLE,54.55,44
Warwick,TOP,Talon,JUNGLE,53.66,41
Warwick,TOP,Master Yi,JUNGLE,53.57,28
Warwick,TOP,Malphite,JUNGLE,52.94,17
Warwick,TOP,Volibear,JUNGLE,52.94,34
Warwick,TOP,Lee Sin,JUNGLE,52.5,120
Warwick,TOP,Fiddlesticks,JUNGLE,52.38,21
Warwick,TOP,Diana,JUNGLE,51.85,108
Warwick,TOP,Hecarim,JUNGLE,51.16,43
Warwick,TOP,Rek'Sai,JUNGLE,51.02,49
Warwick,TOP,Jarvan IV,JUNGLE,50.59,85
Warwick,TOP,Bel'Veth,JUNGLE,50.0,12
Warwick,TOP,Kayn,JUNGLE,50.0,20
Warwick,TOP,Lillia,JUNGLE,50.0,12
Warwick,TOP,Rammus,JUNGLE,50.0,14
Warwick,TOP,Skarner,JUNGLE,50.0,10
Warwick,TOP,Sylas,JUNGLE,50.0,34
Wukong,JUNGLE,Seraphine,SUPPORT,63.33,60
Wukong,JUNGLE,Taric,SUPPORT,62.5,32
Wukong,JUNGLE,Tahm Kench,SUPPORT,60.0,20
Wukong,JUNGLE,Renata Glasc,SUPPORT,56.52,23
Wukong,JUNGLE,Zilean,SUPPORT,56.14,57
Wukong,JUNGLE,Bard,SUPPORT,55.97,159
Wukong,JUNGLE,Morgana,SUPPORT,55.88,34
Wukong,JUNGLE,Elise,SUPPORT,54.05,37
Wukong,JUNGLE,Braum,SUPPORT,51.82,220
Wukong,JUNGLE,Neeko,SUPPORT,51.61,62
Wukong,JUNGLE,Nautilus,SUPPORT,50.55,182
Wukong,JUNGLE,Leona,SUPPORT,50.46,109
Wukong,JUNGLE,Vel'Koz,SUPPORT,50.0,24
Xayah,ADC,Zilean,SUPPORT,67.5,40
Xayah,ADC,Senna,SUPPORT,60.98,41
Xayah,ADC,Morgana,SUPPORT,60.0,30
Xayah,ADC,Taric,SUPPORT,58.06,31
Xayah,ADC,Blitzcrank,SUPPORT,56.19,105
Xayah,ADC,Janna,SUPPORT,55.65,124
Xayah,ADC,Alistar,SUPPORT,54.03,124
Xayah,ADC,Lulu,SUPPORT,53.98,176
Xayah,ADC,Poppy,SUPPORT,52.78,36
Xayah,ADC,Renata Glasc,SUPPORT,52.0,25
Xayah,ADC,Thresh,SUPPORT,51.72,232
Xayah,ADC,Bard,SUPPORT,50.76,132
Xayah,ADC,Rakan,SUPPORT,50.65,851
Xayah,ADC,Neeko,SUPPORT,50.0,50
Xerath,MID,Rek'Sai,JUNGLE,58.46,130
Xerath,MID,Nidalee,JUNGLE,55.56,63
Xerath,MID,Naafiri,JUNGLE,55.0,60
Xerath,MID,Xin Zhao,JUNGLE,54.55,77
Xerath,MID,Kha'Zix,JUNGLE,54.24,295
Xerath,MID,Graves,JUNGLE,53.9,141
Xerath,MID,Evelynn,JUNGLE,53.33,45
Xerath,MID,Nocturne,JUNGLE,53.23,62
Xerath,MID,Rengar,JUNGLE,53.19,141
Xerath,MID,Lee Sin,JUNGLE,52.44,431
Xerath,MID,Shaco,JUNGLE,52.22,90
Xerath,MID,Wukong,JUNGLE,52.17,69
Xerath,MID,Bel'Veth,JUNGLE,51.79,56
Xerath,MID,Qiyana,JUNGLE,51.37,146
Xerath,MID,Sylas,JUNGLE,51.28,78
Xerath,MID,Hecarim,JUNGLE,51.22,123
Xerath,MID,Dr. Mundo,JUNGLE,51.16,86
Xerath,MID,Ekko,JUNGLE,50.83,181
Xerath,MID,Viego,JUNGLE,50.55,548
Xerath,MID,Kindred,JUNGLE,50.0,56
Xerath,MID,Rammus,JUNGLE,50.0,36
Xin Zhao,JUNGLE,Vel'Koz,SUPPORT,68.75,32
Xin Zhao,JUNGLE,Morgana,SUPPORT,68.29,41
Xin Zhao,JUNGLE,Zilean,SUPPORT,63.16,57
Xin Zhao,JUNGLE,Taric,SUPPORT,60.0,40
Xin Zhao,JUNGLE,Braum,SUPPORT,55.95,252
Xin Zhao,JUNGLE,Soraka,SUPPORT,55.05,109
Xin Zhao,JUNGLE,Pantheon,SUPPORT,53.49,43
Xin Zhao,JUNGLE,Pyke,SUPPORT,52.67,131
Xin Zhao,JUNGLE,Thresh,SUPPORT,52.63,247
Xin Zhao,JUNGLE,Bard,SUPPORT,52.15,209
Xin Zhao,JUNGLE,Neeko,SUPPORT,51.79,112
Xin Zhao,JUNGLE,Rell,SUPPORT,50.94,106
Xin Zhao,JUNGLE,Blitzcrank,SUPPORT,50.41,121
Xin Zhao,JUNGLE,Alistar,SUPPORT,50.0,136
Yasuo,ADC,Seraphine,SUPPORT,64.71,17
Yasuo,ADC,Elise,SUPPORT,63.16,19
Yasuo,ADC,Bard,SUPPORT,62.69,67
Yasuo,ADC,Poppy,SUPPORT,61.9,21
Yasuo,ADC,Senna,SUPPORT,61.76,68
Yasuo,ADC,Thresh,SUPPORT,61.04,77
Yasuo,ADC,Lulu,SUPPORT,60.19,108
Yasuo,ADC,Milio,SUPPORT,59.38,32
Yasuo,ADC,Janna,SUPPORT,58.76,177
Yasuo,ADC,Blitzcrank,SUPPORT,58.73,63
Yasuo,ADC,Zilean,SUPPORT,57.58,33
Yasuo,ADC,Maokai,SUPPORT,57.14,35
Yasuo,ADC,Taric,SUPPORT,56.72,67
Yasuo,ADC,Rakan,SUPPORT,56.65,173
Yasuo,ADC,Sona,SUPPORT,54.29,105
Yasuo,ADC,Pyke,SUPPORT,54.24,59
Yasuo,ADC,Rell,SUPPORT,53.91,115
Yasuo,ADC,Pantheon,SUPPORT,53.85,13
Yasuo,ADC,Alistar,SUPPORT,53.42,234
Yasuo,ADC,Soraka,SUPPORT,52.86,70
Yasuo,ADC,Neeko,SUPPORT,52.73,55
Yasuo,ADC,Leona,SUPPORT,50.0,30
Yasuo,ADC,Nautilus,SUPPORT,50.0,196
Yasuo,MID,Rek'Sai,JUNGLE,58.33,192
Yasuo,MID,Ivern,JUNGLE,54.17,168
Yasuo,MID,Sylas,JUNGLE,53.24,432
Yasuo,MID,Evelynn,JUNGLE,53.13,192
Yasuo,MID,Rammus,JUNGLE,52.94,68
Yasuo,MID,Shaco,JUNGLE,52.74,201
Yasuo,MID,Bel'Veth,JUNGLE,52.63,76
Yasuo,MID,Zac,JUNGLE,52.32,388
Yasuo,MID,Nidalee,JUNGLE,52.04,221
Yasuo,MID,Zed,JUNGLE,51.67,180
Yasuo,MID,Nunu & Willump,JUNGLE,51.37,255
Yasuo,MID,Wukong,JUNGLE,51.33,113
Yasuo,MID,Elise,JUNGLE,51.16,172
Yasuo,MID,Diana,JUNGLE,51.12,2371
Yasuo,MID,Rengar,JUNGLE,50.86,232
Yasuo,MID,Zyra,JUNGLE,50.36,139
Yasuo,MID,Karthus,JUNGLE,50.32,157
Yasuo,MID,Talon,JUNGLE,50.26,189
Yasuo,MID,Fiddlesticks,JUNGLE,50.0,180
Yone,MID,Vi,JUNGLE,57.41,54
Yone,MID,Nocturne,JUNGLE,55.0,40
Yone,MID,Nidalee,JUNGLE,53.96,265
Yone,MID,Zyra,JUNGLE,53.68,136
Yone,MID,Talon,JUNGLE,52.59,116
Yone,MID,Sejuani,JUNGLE,52.31,65
Yone,MID,Zac,JUNGLE,51.63,153
Yone,MID,Diana,JUNGLE,50.0,540
Yone,MID,Ivern,JUNGLE,50.0,112
Yone,MID,Qiyana,JUNGLE,50.0,86
Yone,TOP,Ivern,JUNGLE,56.9,58
Yone,TOP,Volibear,JUNGLE,54.76,84
Yone,TOP,Zed,JUNGLE,52.85,123
Yone,TOP,Zyra,JUNGLE,52.27,44
Yone,TOP,Rek'Sai,JUNGLE,52.17,115
Yone,TOP,Kindred,JUNGLE,51.72,58
Yone,TOP,Sylas,JUNGLE,51.38,109
Yone,TOP,Lillia,JUNGLE,50.98,51
Yone,TOP,Kha'Zix,JUNGLE,50.9,222
Yone,TOP,Karthus,JUNGLE,50.88,57
Yone,TOP,Lee Sin,JUNGLE,50.59,338
Yone,TOP,Elise,JUNGLE,50.0,66
Yone,TOP,Udyr,JUNGLE,50.0,40
Yorick,TOP,Kindred,JUNGLE,57.14,35
Yorick,TOP,Elise,JUNGLE,55.81,43
Yorick,TOP,Zyra,JUNGLE,54.05,37
Yorick,TOP,Volibear,JUNGLE,53.85,78
Yorick,TOP,Rengar,JUNGLE,53.33,75
Yorick,TOP,Karthus,JUNGLE,52.94,51
Yorick,TOP,Master Yi,JUNGLE,52.17,69
Yorick,TOP,Zed,JUNGLE,51.22,82
Yorick,TOP,Rek'Sai,JUNGLE,50.67,75
Yorick,TOP,Jarvan IV,JUNGLE,50.39,127
Yorick,TOP,Lee Sin,JUNGLE,50.21,239
Yorick,TOP,Graves,JUNGLE,50.0,62
Yorick,TOP,Kayn,JUNGLE,50.0,44
Yorick,TOP,Wukong,JUNGLE,50.0,44
Yunara,ADC,Elise,SUPPORT,59.16,191
Yunara,ADC,Neeko,SUPPORT,58.11,475
Yunara,ADC,Renata Glasc,SUPPORT,55.37,121
Yunara,ADC,Alistar,SUPPORT,55.27,883
Yunara,ADC,Braum,SUPPORT,55.19,2178
Yunara,ADC,Morgana,SUPPORT,53.8,171
Yunara,ADC,Taric,SUPPORT,53.57,252
Yunara,ADC,Rell,SUPPORT,53.42,599
Yunara,ADC,Rakan,SUPPORT,52.08,843
Yunara,ADC,Pyke,SUPPORT,51.3,653
Yunara,ADC,Janna,SUPPORT,51.03,682
Yunara,ADC,Senna,SUPPORT,50.51,295
Yunara,ADC,Sona,SUPPORT,50.38,790
Yunara,ADC,Poppy,SUPPORT,50.36,274
Yuumi,SUPPORT,Lucian,ADC,54.31,882
Yuumi,SUPPORT,Caitlyn,ADC,50.0,86
Zaahen,TOP,Rek'Sai,JUNGLE,58.76,194
Zaahen,TOP,Rengar,JUNGLE,56.96,230
Zaahen,TOP,Ivern,JUNGLE,56.7,97
Zaahen,TOP,Volibear,JUNGLE,56.33,158
Zaahen,TOP,Evelynn,JUNGLE,56.31,103
Zaahen,TOP,Nidalee,JUNGLE,55.17,203
Zaahen,TOP,Nunu & Willump,JUNGLE,54.76,168
Zaahen,TOP,Zac,JUNGLE,54.67,225
Zaahen,TOP,Pantheon,JUNGLE,54.0,50
Zaahen,TOP,Karthus,JUNGLE,53.08,130
Zaahen,TOP,Kha'Zix,JUNGLE,52.9,397
Zaahen,TOP,Fiddlesticks,JUNGLE,52.88,104
Zaahen,TOP,Qiyana,JUNGLE,52.73,256
Zaahen,TOP,Kindred,JUNGLE,52.38,105
Zaahen,TOP,Shaco,JUNGLE,52.34,128
Zaahen,TOP,Udyr,JUNGLE,52.22,90
Zaahen,TOP,Nocturne,JUNGLE,51.85,108
Zaahen,TOP,Dr. Mundo,JUNGLE,51.39,144
Zaahen,TOP,Diana,JUNGLE,51.29,505
Zaahen,TOP,Zyra,JUNGLE,51.11,90
Zaahen,TOP,Zed,JUNGLE,50.79,189
Zaahen,TOP,Ekko,JUNGLE,50.57,522
Zaahen,TOP,Talon,JUNGLE,50.57,263
Zac,JUNGLE,Elise,SUPPORT,63.04,46
Zac,JUNGLE,Zyra,SUPPORT,61.11,36
Zac,JUNGLE,Seraphine,SUPPORT,58.33,108
Zac,JUNGLE,Thresh,SUPPORT,57.47,348
Zac,JUNGLE,Taric,SUPPORT,57.38,61
Zac,JUNGLE,Soraka,SUPPORT,57.24,152
Zac,JUNGLE,Neeko,SUPPORT,56.67,150
Zac,JUNGLE,Blitzcrank,SUPPORT,55.15,165
Zac,JUNGLE,Pantheon,SUPPORT,55.0,60
Zac,JUNGLE,Morgana,SUPPORT,54.93,71
Zac,JUNGLE,Nami,SUPPORT,54.38,434
Zac,JUNGLE,Janna,SUPPORT,53.54,226
Zac,JUNGLE,Alistar,SUPPORT,53.24,216
Zac,JUNGLE,Karma,SUPPORT,53.13,352
Zac,JUNGLE,Maokai,SUPPORT,52.94,34
Zac,JUNGLE,Sona,SUPPORT,52.53,257
Zac,JUNGLE,Lulu,SUPPORT,52.46,406
Zac,JUNGLE,Milio,SUPPORT,52.15,209
Zac,JUNGLE,Pyke,SUPPORT,52.13,188
Zac,JUNGLE,Braum,SUPPORT,51.16,344
Zac,JUNGLE,Nautilus,SUPPORT,50.98,357
Zac,JUNGLE,Lux,SUPPORT,50.0,46
Zac,JUNGLE,Senna,SUPPORT,50.0,146
Zed,JUNGLE,Taric,SUPPORT,61.19,67
Zed,JUNGLE,Maokai,SUPPORT,60.98,41
Zed,JUNGLE,Renata Glasc,SUPPORT,57.89,38
Zed,JUNGLE,Neeko,SUPPORT,57.62,151
Zed,JUNGLE,Pyke,SUPPORT,57.14,224
Zed,JUNGLE,Seraphine,SUPPORT,56.85,146
Zed,JUNGLE,Pantheon,SUPPORT,55.93,59
Zed,JUNGLE,Elise,SUPPORT,55.13,78
Zed,JUNGLE,Senna,SUPPORT,55.0,140
Zed,JUNGLE,Rakan,SUPPORT,54.82,228
Zed,JUNGLE,Zilean,SUPPORT,53.75,80
Zed,JUNGLE,Janna,SUPPORT,53.49,258
Zed,JUNGLE,Thresh,SUPPORT,52.98,453
Zed,JUNGLE,Zyra,SUPPORT,51.22,41
Zed,JUNGLE,Lux,SUPPORT,50.0,70
Zed,MID,Sejuani,JUNGLE,63.33,60
Zed,MID,Zyra,JUNGLE,61.82,165
Zed,MID,Bel'Veth,JUNGLE,61.19,67
Zed,MID,Lillia,JUNGLE,59.03,227
Zed,MID,Evelynn,JUNGLE,55.93,177
Zed,MID,Karthus,JUNGLE,55.86,324
Zed,MID,Lee Sin,JUNGLE,55.68,431
Zed,MID,Nidalee,JUNGLE,54.98,331
Zed,MID,Amumu,JUNGLE,54.41,68
Zed,MID,Fiddlesticks,JUNGLE,53.43,204
Zed,MID,Nunu & Willump,JUNGLE,52.7,241
Zed,MID,Kayn,JUNGLE,52.56,78
Zed,MID,Zac,JUNGLE,52.55,274
Zed,MID,Rengar,JUNGLE,52.5,200
Zed,MID,Ivern,JUNGLE,52.26,155
Zed,MID,Shaco,JUNGLE,52.23,157
Zed,MID,Qiyana,JUNGLE,51.91,131
Zed,MID,Rek'Sai,JUNGLE,51.85,162
Zed,MID,Ekko,JUNGLE,51.49,1043
Zed,MID,Wukong,JUNGLE,51.47,68
Zed,MID,Diana,JUNGLE,51.42,949
Zed,MID,Elise,JUNGLE,51.34,261
Zed,MID,Sylas,JUNGLE,51.09,503
Zed,MID,Kha'Zix,JUNGLE,50.96,312
Zed,MID,Hecarim,JUNGLE,50.83,181
Zed,MID,Volibear,JUNGLE,50.43,232
Zed,MID,Naafiri,JUNGLE,50.0,62
Zed,MID,Vi,JUNGLE,50.0,90
Zeri,ADC,Renata Glasc,SUPPORT,63.41,41
Zeri,ADC,Alistar,SUPPORT,60.13,158
Zeri,ADC,Sona,SUPPORT,59.57,235
Zeri,ADC,Bard,SUPPORT,57.71,227
Zeri,ADC,Leona,SUPPORT,56.45,124
Zeri,ADC,Taric,SUPPORT,56.41,39
Zeri,ADC,Zilean,SUPPORT,55.26,76
Zeri,ADC,Rakan,SUPPORT,55.02,209
Zeri,ADC,Braum,SUPPORT,54.36,287
Zeri,ADC,Elise,SUPPORT,54.29,35
Zeri,ADC,Karma,SUPPORT,52.99,234
Zeri,ADC,Poppy,SUPPORT,52.83,53
Zeri,ADC,Lulu,SUPPORT,52.41,809
Zeri,ADC,Janna,SUPPORT,51.91,183
Zeri,ADC,Milio,SUPPORT,50.78,128
Zeri,ADC,Morgana,SUPPORT,50.0,38
Ziggs,ADC,Taric,SUPPORT,65.79,38
Ziggs,ADC,Pantheon,SUPPORT,64.91,57
Ziggs,ADC,Zilean,SUPPORT,62.79,43
Ziggs,ADC,Elise,SUPPORT,60.61,33
Ziggs,ADC,Milio,SUPPORT,60.61,33
Ziggs,ADC,Bard,SUPPORT,59.55,267
Ziggs,ADC,Karma,SUPPORT,58.29,175
Ziggs,ADC,Pyke,SUPPORT,56.91,123
Ziggs,ADC,Sona,SUPPORT,56.68,277
Ziggs,ADC,Lux,SUPPORT,56.0,25
Ziggs,ADC,Braum,SUPPORT,55.81,86
Ziggs,ADC,Maokai,SUPPORT,55.56,27
Ziggs,ADC,Seraphine,SUPPORT,55.07,69
Ziggs,ADC,Janna,SUPPORT,54.78,115
Ziggs,ADC,Thresh,SUPPORT,53.28,137
Ziggs,ADC,Rell,SUPPORT,53.27,107
Ziggs,ADC,Senna,SUPPORT,53.19,141
Ziggs,ADC,Nami,SUPPORT,52.94,340
Ziggs,ADC,Leona,SUPPORT,52.48,202
Ziggs,ADC,Tahm Kench,SUPPORT,52.38,21
Ziggs,ADC,Poppy,SUPPORT,51.02,49
Ziggs,ADC,Rakan,SUPPORT,50.0,154
Ziggs,MID,Zyra,JUNGLE,66.67,6
Ziggs,MID,Bel'Veth,JUNGLE,64.29,14
Ziggs,MID,Sylas,JUNGLE,64.29,14
Ziggs,MID,Dr. Mundo,JUNGLE,63.16,19
Ziggs,MID,Diana,JUNGLE,60.61,33
Ziggs,MID,Naafiri,JUNGLE,58.33,12
Ziggs,MID,Master Yi,JUNGLE,57.89,19
Ziggs,MID,Warwick,JUNGLE,57.14,7
Ziggs,MID,Wukong,JUNGLE,57.14,14
Ziggs,MID,Nunu & Willump,JUNGLE,55.56,27
Ziggs,MID,Rengar,JUNGLE,54.29,35
Ziggs,MID,Jarvan IV,JUNGLE,50.0,44
Zilean,SUPPORT,Xayah,ADC,67.5,40
Zilean,SUPPORT,Ziggs,ADC,62.79,43
Zilean,SUPPORT,Draven,ADC,62.5,72
Zilean,SUPPORT,Seraphine,ADC,60.53,38
Zilean,SUPPORT,Twitch,ADC,59.26,108
Zilean,SUPPORT,Samira,ADC,58.97,39
Zilean,SUPPORT,Veigar,ADC,58.62,29
Zilean,SUPPORT,Yasuo,ADC,57.58,33
Zilean,SUPPORT,Miss Fortune,ADC,57.25,138
Zilean,SUPPORT,Swain,ADC,57.14,56
Zilean,SUPPORT,Zeri,ADC,55.26,76
Zilean,SUPPORT,Aphelios,ADC,52.72,294
Zilean,SUPPORT,Lucian,ADC,52.69,93
Zilean,SUPPORT,Caitlyn,ADC,52.67,300
Zilean,SUPPORT,Ezreal,ADC,51.54,293
Zilean,SUPPORT,Varus,ADC,51.31,267
Zilean,SUPPORT,Kai'Sa,ADC,50.21,237
Zilean,SUPPORT,Jinx,ADC,50.19,257
Zoe,MID,Rengar,JUNGLE,63.56,225
Zoe,MID,Elise,JUNGLE,61.84,76
Zoe,MID,Udyr,JUNGLE,61.22,49
Zoe,MID,Rammus,JUNGLE,59.52,42
Zoe,MID,Volibear,JUNGLE,59.0,100
Zoe,MID,Nocturne,JUNGLE,58.51,94
Zoe,MID,Naafiri,JUNGLE,58.43,89
Zoe,MID,Qiyana,JUNGLE,58.4,262
Zoe,MID,Zac,JUNGLE,57.45,141
Zoe,MID,Sylas,JUNGLE,56.9,116
Zoe,MID,Talon,JUNGLE,56.18,251
Zoe,MID,Dr. Mundo,JUNGLE,55.65,124
Zoe,MID,Kha'Zix,JUNGLE,55.42,415
Zoe,MID,Shaco,JUNGLE,55.37,121
Zoe,MID,Jayce,JUNGLE,55.16,562
Zoe,MID,Lee Sin,JUNGLE,55.11,655
Zoe,MID,Graves,JUNGLE,54.95,182
Zoe,MID,Master Yi,JUNGLE,54.62,119
Zoe,MID,Kayn,JUNGLE,54.44,90
Zoe,MID,Nidalee,JUNGLE,53.78,119
Zoe,MID,Rek'Sai,JUNGLE,53.72,188
Zoe,MID,Jarvan IV,JUNGLE,53.63,386
Zoe,MID,Ivern,JUNGLE,52.94,85
Zoe,MID,Vi,JUNGLE,52.9,138
Zoe,MID,Nunu & Willump,JUNGLE,52.63,114
Zoe,MID,Diana,JUNGLE,52.36,275
Zoe,MID,Hecarim,JUNGLE,52.2,182
Zoe,MID,Briar,JUNGLE,51.67,60
Zoe,MID,Ekko,JUNGLE,51.33,226
Zoe,MID,Evelynn,JUNGLE,51.32,76
Zoe,MID,Viego,JUNGLE,51.23,894
Zoe,MID,Lillia,JUNGLE,51.16,43
Zoe,MID,Fiddlesticks,JUNGLE,51.02,49
Zyra,JUNGLE,Taric,SUPPORT,66.67,39
Zyra,JUNGLE,Senna,SUPPORT,63.64,33
Zyra,JUNGLE,Zilean,SUPPORT,62.96,27
Zyra,JUNGLE,Rell,SUPPORT,61.45,83
Zyra,JUNGLE,Elise,SUPPORT,61.11,18
Zyra,JUNGLE,Maokai,SUPPORT,61.11,18
Zyra,JUNGLE,Milio,SUPPORT,60.78,51
Zyra,JUNGLE,Pyke,SUPPORT,60.47,86
Zyra,JUNGLE,Thresh,SUPPORT,58.96,173
Zyra,JUNGLE,Seraphine,SUPPORT,57.78,45
Zyra,JUNGLE,Janna,SUPPORT,55.77,52
Zyra,JUNGLE,Nautilus,SUPPORT,55.28,199
Zyra,JUNGLE,Nami,SUPPORT,54.72,106
Zyra,JUNGLE,Alistar,SUPPORT,54.24,118
Zyra,JUNGLE,Blitzcrank,SUPPORT,54.05,74
Zyra,JUNGLE,Neeko,SUPPORT,53.85,52
Zyra,JUNGLE,Tahm Kench,SUPPORT,53.85,13
Zyra,JUNGLE,Leona,SUPPORT,53.08,130
Zyra,JUNGLE,Soraka,SUPPORT,52.46,61
Zyra,JUNGLE,Braum,SUPPORT,52.02,173
Zyra,JUNGLE,Bard,SUPPORT,51.72,116
Zyra,JUNGLE,Pantheon,SUPPORT,51.61,31
Zyra,JUNGLE,Lulu,SUPPORT,50.69,144
Zyra,JUNGLE,Rakan,SUPPORT,50.59,85
Zyra,JUNGLE,Karma,SUPPORT,50.0,120
Zyra,JUNGLE,Sona,SUPPORT,50.0,66
Zyra,SUPPORT,Mel,ADC,60.0,15
Zyra,SUPPORT,Yasuo,ADC,58.33,12
Zyra,SUPPORT,Lucian,ADC,55.0,40
Zyra,SUPPORT,Yunara,ADC,54.88,82
Zyra,SUPPORT,Miss Fortune,ADC,54.72,53
Zyra,SUPPORT,Jinx,ADC,53.97,63
Zyra,SUPPORT,Kai'Sa,ADC,53.51,114
Zyra,SUPPORT,Ashe,ADC,53.33,75
Zyra,SUPPORT,Seraphine,ADC,52.94,17
Zyra,SUPPORT,Xayah,ADC,52.94,17
Zyra,SUPPORT,Ezreal,ADC,51.97,152
Zyra,SUPPORT,Draven,ADC,50.0,12
Zyra,SUPPORT,Smolder,ADC,50.0,56
Zyra,SUPPORT,Vayne,ADC,50.0,18
Shaco,JUNGLE,Aatrox,TOP,59.46,185
Zyra,JUNGLE,Aatrox,TOP,57.89,76
Zac,JUNGLE,Aatrox,TOP,56.45,186
Briar,JUNGLE,Aatrox,TOP,55.38,65
Sejuani,JUNGLE,Aatrox,TOP,54.55,55
Nidalee,JUNGLE,Aatrox,TOP,54.22,225
Bel'Veth,JUNGLE,Aatrox,TOP,53.61,97
Warwick,JUNGLE,Aatrox,TOP,53.57,56
Rengar,JUNGLE,Aatrox,TOP,53.33,285
Ivern,JUNGLE,Aatrox,TOP,53.13,128
Diana,JUNGLE,Aatrox,TOP,52.55,569
Kha'Zix,JUNGLE,Aatrox,TOP,52.44,450
Jarvan IV,JUNGLE,Aatrox,TOP,51.94,360
Kayn,JUNGLE,Aatrox,TOP,51.35,111
Kindred,JUNGLE,Aatrox,TOP,51.2,125
Dr. Mundo,JUNGLE,Aatrox,TOP,50.75,134
Volibear,JUNGLE,Aatrox,TOP,50.47,212
Lee Sin,JUNGLE,Aatrox,TOP,50.4,752
Qiyana,JUNGLE,Aatrox,TOP,50.0,256
Rengar,JUNGLE,Ahri,MID,59.66,295
Karthus,JUNGLE,Ahri,MID,59.49,79
Briar,JUNGLE,Ahri,MID,58.82,85
Nocturne,JUNGLE,Ahri,MID,55.56,126
Kindred,JUNGLE,Ahri,MID,55.46,119
Master Yi,JUNGLE,Ahri,MID,55.45,211
Xin Zhao,JUNGLE,Ahri,MID,53.8,158
Qiyana,JUNGLE,Ahri,MID,53.57,280
Rek'Sai,JUNGLE,Ahri,MID,53.5,286
Naafiri,JUNGLE,Ahri,MID,53.21,109
Diana,JUNGLE,Ahri,MID,52.99,385
Fiddlesticks,JUNGLE,Ahri,MID,52.69,93
Graves,JUNGLE,Ahri,MID,52.47,223
Dr. Mundo,JUNGLE,Ahri,MID,51.8,139
Nidalee,JUNGLE,Ahri,MID,50.83,120
Kha'Zix,JUNGLE,Ahri,MID,50.7,574
Zed,JUNGLE,Ahri,MID,50.69,288
Jarvan IV,JUNGLE,Ahri,MID,50.49,408
Lee Sin,JUNGLE,Ahri,MID,50.24,834
Bel'Veth,JUNGLE,Ahri,MID,50.0,134
Elise,JUNGLE,Ahri,MID,50.0,90
Zac,JUNGLE,Ahri,MID,50.0,172
Evelynn,JUNGLE,Akali,MID,59.09,88
Bel'Veth,JUNGLE,Akali,MID,56.25,112
Udyr,JUNGLE,Akali,MID,56.25,96
Fiddlesticks,JUNGLE,Akali,MID,56.2,121
Nidalee,JUNGLE,Akali,MID,54.79,146
Zac,JUNGLE,Akali,MID,54.72,212
Rengar,JUNGLE,Akali,MID,53.09,388
Ivern,JUNGLE,Akali,MID,52.55,137
Zed,JUNGLE,Akali,MID,52.41,353
Volibear,JUNGLE,Akali,MID,52.38,231
Kha'Zix,JUNGLE,Akali,MID,52.17,667
Jayce,JUNGLE,Akali,MID,51.96,791
Kindred,JUNGLE,Akali,MID,51.52,165
Qiyana,JUNGLE,Akali,MID,51.44,418
Master Yi,JUNGLE,Akali,MID,51.2,250
Kayn,JUNGLE,Akali,MID,51.12,178
Xin Zhao,JUNGLE,Akali,MID,51.08,186
Elise,JUNGLE,Akali,MID,50.93,108
Lee Sin,JUNGLE,Akali,MID,50.73,1092
Vi,JUNGLE,Akali,MID,50.0,244
Fiddlesticks,JUNGLE,Akshan,MID,66.12,121
Rek'Sai,JUNGLE,Akshan,MID,61.17,103
Kindred,JUNGLE,Akshan,MID,58.97,39
Vi,JUNGLE,Akshan,MID,58.82,51
Nidalee,JUNGLE,Akshan,MID,58.41,214
Karthus,JUNGLE,Akshan,MID,57.68,241
Kayn,JUNGLE,Akshan,MID,57.58,66
Zac,JUNGLE,Akshan,MID,56.96,158
Zyra,JUNGLE,Akshan,MID,56.52,92
Evelynn,JUNGLE,Akshan,MID,55.64,133
Rengar,JUNGLE,Akshan,MID,55.33,150
Udyr,JUNGLE,Akshan,MID,55.26,76
Ekko,JUNGLE,Akshan,MID,55.21,518
Volibear,JUNGLE,Akshan,MID,55.21,163
Elise,JUNGLE,Akshan,MID,55.06,158
Lee Sin,JUNGLE,Akshan,MID,54.45,281
Xin Zhao,JUNGLE,Akshan,MID,53.7,54
Talon,JUNGLE,Akshan,MID,53.55,155
Diana,JUNGLE,Akshan,MID,53.03,643
Shaco,JUNGLE,Akshan,MID,52.94,102
Zed,JUNGLE,Akshan,MID,52.94,102
Hecarim,JUNGLE,Akshan,MID,52.1,119
Dr. Mundo,JUNGLE,Akshan,MID,51.28,78
Nunu & Willump,JUNGLE,Akshan,MID,50.63,160
Ivern,JUNGLE,Akshan,MID,50.59,85
Kha'Zix,JUNGLE,Akshan,MID,50.0,192
Udyr,JUNGLE,Ambessa,TOP,61.25,80
Ivern,JUNGLE,Ambessa,TOP,60.0,135
Kindred,JUNGLE,Ambessa,TOP,58.45,142
Master Yi,JUNGLE,Ambessa,TOP,55.21,192
Nocturne,JUNGLE,Ambessa,TOP,55.17,145
Shaco,JUNGLE,Ambessa,TOP,55.0,200
Nidalee,JUNGLE,Ambessa,TOP,54.72,265
Evelynn,JUNGLE,Ambessa,TOP,54.65,172
Elise,JUNGLE,Ambessa,TOP,54.04,161
Bel'Veth,JUNGLE,Ambessa,TOP,53.72,121
Zed,JUNGLE,Ambessa,TOP,52.99,234
Karthus,JUNGLE,Ambessa,TOP,52.8,161
Graves,JUNGLE,Ambessa,TOP,52.43,206
Lillia,JUNGLE,Ambessa,TOP,52.0,125
Diana,JUNGLE,Ambessa,TOP,51.37,619
Qiyana,JUNGLE,Ambessa,TOP,50.94,320
Lee Sin,JUNGLE,Ambessa,TOP,50.59,850
Volibear,JUNGLE,Ambessa,TOP,50.46,216
Fiddlesticks,JUNGLE,Ambessa,TOP,50.0,166
Kayn,JUNGLE,Ambessa,TOP,50.0,100
Kha'Zix,JUNGLE,Ambessa,TOP,50.0,510
Zyra,JUNGLE,Ambessa,TOP,50.0,128
Zilean,SUPPORT,Amumu,JUNGLE,76.47,17
Vel'Koz,SUPPORT,Amumu,JUNGLE,66.67,9
Alistar,SUPPORT,Amumu,JUNGLE,64.44,45
Lux,SUPPORT,Amumu,JUNGLE,64.29,14
Renata Glasc,SUPPORT,Amumu,JUNGLE,60.0,10
Brand,SUPPORT,Amumu,JUNGLE,55.56,9
Soraka,SUPPORT,Amumu,JUNGLE,52.27,44
Braum,SUPPORT,Amumu,JUNGLE,50.91,55
Neeko,SUPPORT,Amumu,JUNGLE,50.0,26
Poppy,SUPPORT,Amumu,JUNGLE,50.0,10
Rammus,JUNGLE,Anivia,MID,70.97,31
Lillia,JUNGLE,Anivia,MID,62.22,45
Rengar,JUNGLE,Anivia,MID,59.44,180
Nidalee,JUNGLE,Anivia,MID,59.32,59
Shaco,JUNGLE,Anivia,MID,59.04,83
Sylas,JUNGLE,Anivia,MID,57.52,113
Zac,JUNGLE,Anivia,MID,57.28,103
Qiyana,JUNGLE,Anivia,MID,56.99,186
Zyra,JUNGLE,Anivia,MID,56.67,30
Volibear,JUNGLE,Anivia,MID,55.95,84
Karthus,JUNGLE,Anivia,MID,55.81,43
Vi,JUNGLE,Anivia,MID,54.95,111
Talon,JUNGLE,Anivia,MID,54.39,171
Kindred,JUNGLE,Anivia,MID,54.29,105
Rek'Sai,JUNGLE,Anivia,MID,54.17,144
Ekko,JUNGLE,Anivia,MID,54.07,172
Lee Sin,JUNGLE,Anivia,MID,53.97,441
Briar,JUNGLE,Anivia,MID,53.13,32
Kayn,JUNGLE,Anivia,MID,52.94,68
Xin Zhao,JUNGLE,Anivia,MID,52.34,107
Graves,JUNGLE,Anivia,MID,52.31,130
Zed,JUNGLE,Anivia,MID,52.11,142
Viego,JUNGLE,Anivia,MID,51.96,560
Diana,JUNGLE,Anivia,MID,51.64,213
Nunu & Willump,JUNGLE,Anivia,MID,51.43,70
Evelynn,JUNGLE,Anivia,MID,50.98,51
Hecarim,JUNGLE,Anivia,MID,50.93,108
Kha'Zix,JUNGLE,Anivia,MID,50.46,323
Fiddlesticks,JUNGLE,Anivia,MID,50.0,50
Jarvan IV,JUNGLE,Anivia,MID,50.0,288
Karthus,JUNGLE,Anivia,TOP,80.0,15
Rammus,JUNGLE,Anivia,TOP,77.78,9
Trundle,JUNGLE,Anivia,TOP,70.0,10
Shaco,JUNGLE,Anivia,TOP,67.65,34
Viego,JUNGLE,Anivia,TOP,63.85,130
Lee Sin,JUNGLE,Anivia,TOP,60.87,115
Nocturne,JUNGLE,Anivia,TOP,60.87,23
Kindred,JUNGLE,Anivia,TOP,59.09,22
Kayn,JUNGLE,Anivia,TOP,58.33,24
Sylas,JUNGLE,Anivia,TOP,58.33,24
Wukong,JUNGLE,Anivia,TOP,58.06,31
Hecarim,JUNGLE,Anivia,TOP,57.14,28
Volibear,JUNGLE,Anivia,TOP,56.52,23
Zed,JUNGLE,Anivia,TOP,56.25,32
Graves,JUNGLE,Anivia,TOP,56.0,25
Zac,JUNGLE,Anivia,TOP,56.0,25
Master Yi,JUNGLE,Anivia,TOP,55.81,43
Rek'Sai,JUNGLE,Anivia,TOP,54.05,37
Briar,JUNGLE,Anivia,TOP,53.33,15
Ekko,JUNGLE,Anivia,TOP,52.38,42
Talon,JUNGLE,Anivia,TOP,52.08,48
Diana,JUNGLE,Anivia,TOP,51.79,56
Qiyana,JUNGLE,Anivia,TOP,50.91,55
Jarvan IV,JUNGLE,Anivia,TOP,50.53,95
Elise,JUNGLE,Anivia,TOP,50.0,14
Fiddlesticks,JUNGLE,Anivia,TOP,50.0,12
Xin Zhao,JUNGLE,Anivia,TOP,50.0,18
Volibear,JUNGLE,Annie,MID,69.23,13
Shaco,JUNGLE,Annie,MID,66.67,18
Pantheon,JUNGLE,Annie,MID,64.29,14
Kindred,JUNGLE,Annie,MID,62.5,16
Qiyana,JUNGLE,Annie,MID,60.0,40
Rengar,JUNGLE,Annie,MID,60.0,25
Nocturne,JUNGLE,Annie,MID,58.33,12
Bel'Veth,JUNGLE,Annie,MID,57.14,14
Lillia,JUNGLE,Annie,MID,57.14,7
Talon,JUNGLE,Annie,MID,56.25,32
Master Yi,JUNGLE,Annie,MID,54.55,33
Fiddlesticks,JUNGLE,Annie,MID,53.85,13
Vi,JUNGLE,Annie,MID,53.85,13
Ekko,JUNGLE,Annie,MID,51.35,37
Dr. Mundo,JUNGLE,Annie,MID,50.0,16
Ivern,JUNGLE,Aurelion Sol,MID,75.0,28
Rammus,JUNGLE,Aurelion Sol,MID,70.83,24
Rek'Sai,JUNGLE,Aurelion Sol,MID,62.5,88
Fiddlesticks,JUNGLE,Aurelion Sol,MID,61.9,21
Graves,JUNGLE,Aurelion Sol,MID,60.0,60
Kayn,JUNGLE,Aurelion Sol,MID,59.62,52
Evelynn,JUNGLE,Aurelion Sol,MID,59.46,37
Kha'Zix,JUNGLE,Aurelion Sol,MID,57.41,216
Talon,JUNGLE,Aurelion Sol,MID,57.27,110
Bel'Veth,JUNGLE,Aurelion Sol,MID,57.14,35
Rengar,JUNGLE,Aurelion Sol,MID,56.52,115
Nunu & Willump,JUNGLE,Aurelion Sol,MID,55.38,65
Ekko,JUNGLE,Aurelion Sol,MID,55.24,105
Udyr,JUNGLE,Aurelion Sol,MID,55.0,20
Wukong,JUNGLE,Aurelion Sol,MID,54.35,46
Lee Sin,JUNGLE,Aurelion Sol,MID,54.27,234
Hecarim,JUNGLE,Aurelion Sol,MID,52.86,70
Jarvan IV,JUNGLE,Aurelion Sol,MID,52.45,143
Viego,JUNGLE,Aurelion Sol,MID,52.44,349
Qiyana,JUNGLE,Aurelion Sol,MID,52.43,103
Karthus,JUNGLE,Aurelion Sol,MID,51.85,27
Zac,JUNGLE,Aurelion Sol,MID,51.67,60
Briar,JUNGLE,Aurelion Sol,MID,51.43,35
Xin Zhao,JUNGLE,Aurelion Sol,MID,51.16,43
Shaco,JUNGLE,Aurelion Sol,MID,51.02,49
Diana,JUNGLE,Aurelion Sol,MID,50.0,136
Lillia,JUNGLE,Aurelion Sol,MID,50.0,24
Udyr,JUNGLE,Aurora,MID,70.37,27
Shaco,JUNGLE,Aurora,MID,55.38,65
Rek'Sai,JUNGLE,Aurora,MID,55.22,134
Naafiri,JUNGLE,Aurora,MID,55.1,49
Kindred,JUNGLE,Aurora,MID,54.55,66
Nocturne,JUNGLE,Aurora,MID,53.85,39
Bel'Veth,JUNGLE,Aurora,MID,52.38,63
Vi,JUNGLE,Aurora,MID,52.38,105
Zed,JUNGLE,Aurora,MID,52.17,138
Hecarim,JUNGLE,Aurora,MID,52.11,142
Talon,JUNGLE,Aurora,MID,51.63,153
Diana,JUNGLE,Aurora,MID,51.27,158
Dr. Mundo,JUNGLE,Aurora,MID,50.94,53
Nidalee,JUNGLE,Aurora,MID,50.82,61
Elise,JUNGLE,Aurora,MID,50.0,44
Master Yi,JUNGLE,Aurora,MID,50.0,100
Zac,JUNGLE,Aurora,MID,50.0,88
Ivern,JUNGLE,Aurora,TOP,72.73,22
Nidalee,JUNGLE,Aurora,TOP,66.67,30
Bel'Veth,JUNGLE,Aurora,TOP,65.0,20
Dr. Mundo,JUNGLE,Aurora,TOP,61.54,39
Sejuani,JUNGLE,Aurora,TOP,61.54,13
Shaco,JUNGLE,Aurora,TOP,60.98,41
Wukong,JUNGLE,Aurora,TOP,60.71,28
Graves,JUNGLE,Aurora,TOP,59.46,37
Karthus,JUNGLE,Aurora,TOP,58.82,17
Volibear,JUNGLE,Aurora,TOP,57.45,47
Elise,JUNGLE,Aurora,TOP,57.14,14
Rengar,JUNGLE,Aurora,TOP,56.25,64
Udyr,JUNGLE,Aurora,TOP,55.56,18
Talon,JUNGLE,Aurora,TOP,53.97,63
Jayce,JUNGLE,Aurora,TOP,53.96,139
Pantheon,JUNGLE,Aurora,TOP,53.85,13
Zed,JUNGLE,Aurora,TOP,53.57,56
Kha'Zix,JUNGLE,Aurora,TOP,53.33,120
Zac,JUNGLE,Aurora,TOP,53.33,30
Nunu & Willump,JUNGLE,Aurora,TOP,52.38,42
Malphite,JUNGLE,Aurora,TOP,51.61,31
Xin Zhao,JUNGLE,Aurora,TOP,51.28,39
Qiyana,JUNGLE,Aurora,TOP,51.25,80
Hecarim,JUNGLE,Aurora,TOP,50.85,59
Fiddlesticks,JUNGLE,Aurora,TOP,50.0,26
Jarvan IV,JUNGLE,Aurora,TOP,50.0,120
Master Yi,JUNGLE,Aurora,TOP,50.0,32
Nocturne,JUNGLE,Aurora,TOP,50.0,28
Talon,JUNGLE,Azir,MID,58.33,132
Sylas,JUNGLE,Azir,MID,56.06,66
Kindred,JUNGLE,Azir,MID,56.0,50
Ivern,JUNGLE,Azir,MID,55.56,54
Nidalee,JUNGLE,Azir,MID,53.57,56
Udyr,JUNGLE,Azir,MID,53.57,28
Shaco,JUNGLE,Azir,MID,51.47,68
Naafiri,JUNGLE,Azir,MID,51.02,49
Lillia,JUNGLE,Azir,MID,50.0,26
Vel'Koz,SUPPORT,Bel'Veth,JUNGLE,66.67,18
Braum,SUPPORT,Bel'Veth,JUNGLE,60.95,210
Pantheon,SUPPORT,Bel'Veth,JUNGLE,60.0,30
Pyke,SUPPORT,Bel'Veth,JUNGLE,60.0,90
Seraphine,SUPPORT,Bel'Veth,JUNGLE,59.32,59
Renata Glasc,SUPPORT,Bel'Veth,JUNGLE,59.09,22
Leona,SUPPORT,Bel'Veth,JUNGLE,57.69,104
Taric,SUPPORT,Bel'Veth,JUNGLE,57.69,26
Nami,SUPPORT,Bel'Veth,JUNGLE,56.96,237
Bard,SUPPORT,Bel'Veth,JUNGLE,55.73,131
Lux,SUPPORT,Bel'Veth,JUNGLE,55.26,38
Nautilus,SUPPORT,Bel'Veth,JUNGLE,54.59,185
Neeko,SUPPORT,Bel'Veth,JUNGLE,53.85,65
Blitzcrank,SUPPORT,Bel'Veth,JUNGLE,53.76,93
Karma,SUPPORT,Bel'Veth,JUNGLE,52.72,184
Yuumi,SUPPORT,Bel'Veth,JUNGLE,51.56,64
Lulu,SUPPORT,Bel'Veth,JUNGLE,50.98,204
Thresh,SUPPORT,Bel'Veth,JUNGLE,50.96,157
Milio,SUPPORT,Bel'Veth,JUNGLE,50.53,95
Rell,SUPPORT,Bel'Veth,JUNGLE,50.0,74
Zyra,SUPPORT,Bel'Veth,JUNGLE,50.0,16
Senna,SUPPORT,Briar,JUNGLE,60.0,45
Taric,SUPPORT,Briar,JUNGLE,58.82,17
Braum,SUPPORT,Briar,JUNGLE,57.78,135
Sona,SUPPORT,Briar,JUNGLE,54.72,106
Blitzcrank,SUPPORT,Briar,JUNGLE,52.38,63
Pyke,SUPPORT,Briar,JUNGLE,51.9,79
Thresh,SUPPORT,Briar,JUNGLE,51.52,132
Janna,SUPPORT,Briar,JUNGLE,51.16,86
Seraphine,SUPPORT,Briar,JUNGLE,50.0,32
Zilean,SUPPORT,Briar,JUNGLE,50.0,30
Briar,JUNGLE,Camille,TOP,66.67,30
Nunu & Willump,JUNGLE,Camille,TOP,65.85,82
Master Yi,JUNGLE,Camille,TOP,62.69,67
Lillia,JUNGLE,Camille,TOP,61.54,52
Karthus,JUNGLE,Camille,TOP,60.34,58
Ivern,JUNGLE,Camille,TOP,60.0,65
Zyra,JUNGLE,Camille,TOP,57.14,35
Zed,JUNGLE,Camille,TOP,56.82,88
Volibear,JUNGLE,Camille,TOP,56.58,76
Shaco,JUNGLE,Camille,TOP,55.93,59
Xin Zhao,JUNGLE,Camille,TOP,53.85,52
Nidalee,JUNGLE,Camille,TOP,53.68,95
Kha'Zix,JUNGLE,Camille,TOP,52.86,227
Jarvan IV,JUNGLE,Camille,TOP,51.69,178
Ekko,JUNGLE,Camille,TOP,51.37,255
Sylas,JUNGLE,Camille,TOP,50.51,99
Qiyana,JUNGLE,Camille,TOP,50.42,119
Hecarim,JUNGLE,Camille,TOP,50.0,110
Rammus,JUNGLE,Camille,TOP,50.0,32
Viego,JUNGLE,Camille,TOP,50.0,382
Pantheon,JUNGLE,Cassiopeia,MID,75.0,12
Lillia,JUNGLE,Cassiopeia,MID,70.59,17
Bel'Veth,JUNGLE,Cassiopeia,MID,70.0,20
Naafiri,JUNGLE,Cassiopeia,MID,68.97,29
Nunu & Willump,JUNGLE,Cassiopeia,MID,63.64,33
Qiyana,JUNGLE,Cassiopeia,MID,59.09,66
Sejuani,JUNGLE,Cassiopeia,MID,58.33,12
Nidalee,JUNGLE,Cassiopeia,MID,56.67,30
Rengar,JUNGLE,Cassiopeia,MID,55.56,72
Udyr,JUNGLE,Cassiopeia,MID,55.0,20
Shaco,JUNGLE,Cassiopeia,MID,54.55,44
Graves,JUNGLE,Cassiopeia,MID,53.85,52
Shyvana,JUNGLE,Cassiopeia,MID,53.85,13
Diana,JUNGLE,Cassiopeia,MID,53.75,80
Viego,JUNGLE,Cassiopeia,MID,53.52,213
Sylas,JUNGLE,Cassiopeia,MID,52.5,40
Kha'Zix,JUNGLE,Cassiopeia,MID,52.03,123
Vi,JUNGLE,Cassiopeia,MID,51.85,27
Jayce,JUNGLE,Cassiopeia,MID,51.75,114
Dr. Mundo,JUNGLE,Cassiopeia,MID,51.11,45
Hecarim,JUNGLE,Cassiopeia,MID,51.06,47
Ekko,JUNGLE,Cassiopeia,MID,50.0,64
Wukong,JUNGLE,Cassiopeia,MID,50.0,20
Zyra,JUNGLE,Cho'Gath,TOP,75.0,20
Zac,JUNGLE,Cho'Gath,TOP,64.0,50
Ivern,JUNGLE,Cho'Gath,TOP,61.29,31
Karthus,JUNGLE,Cho'Gath,TOP,61.29,31
Bel'Veth,JUNGLE,Cho'Gath,TOP,60.71,28
Fiddlesticks,JUNGLE,Cho'Gath,TOP,60.71,28
Shaco,JUNGLE,Cho'Gath,TOP,59.02,61
Diana,JUNGLE,Cho'Gath,TOP,57.67,163
Warwick,JUNGLE,Cho'Gath,TOP,56.67,30
Rengar,JUNGLE,Cho'Gath,TOP,56.64,113
Nocturne,JUNGLE,Cho'Gath,TOP,54.76,42
Lee Sin,JUNGLE,Cho'Gath,TOP,54.33,208
Dr. Mundo,JUNGLE,Cho'Gath,TOP,52.73,55
Evelynn,JUNGLE,Cho'Gath,TOP,51.85,27
Elise,JUNGLE,Cho'Gath,TOP,51.52,33
Kindred,JUNGLE,Cho'Gath,TOP,51.02,49
Master Yi,JUNGLE,Cho'Gath,TOP,50.72,69
Lillia,JUNGLE,Cho'Gath,TOP,50.0,24
Malphite,JUNGLE,Cho'Gath,TOP,50.0,34
Nidalee,JUNGLE,Cho'Gath,TOP,50.0,54
Master Yi,JUNGLE,Corki,MID,75.0,20
Shaco,JUNGLE,Corki,MID,73.68,19
Dr. Mundo,JUNGLE,Corki,MID,66.67,21
Qiyana,JUNGLE,Corki,MID,64.0,25
Ivern,JUNGLE,Corki,MID,63.89,36
Graves,JUNGLE,Corki,MID,62.5,16
Zyra,JUNGLE,Corki,MID,61.54,39
Xin Zhao,JUNGLE,Corki,MID,57.14,14
Hecarim,JUNGLE,Corki,MID,52.0,25
Viego,JUNGLE,Corki,MID,51.55,97
Malphite,JUNGLE,Corki,MID,50.0,18
Udyr,JUNGLE,Corki,MID,50.0,16
Rammus,JUNGLE,Darius,TOP,66.0,50
Vi,JUNGLE,Darius,TOP,60.87,92
Hecarim,JUNGLE,Darius,TOP,60.71,168
Master Yi,JUNGLE,Darius,TOP,58.27,127
Karthus,JUNGLE,Darius,TOP,58.26,115
Sylas,JUNGLE,Darius,TOP,57.45,141
Zac,JUNGLE,Darius,TOP,57.4,169
Nunu & Willump,JUNGLE,Darius,TOP,57.14,133
Evelynn,JUNGLE,Darius,TOP,55.06,89
Dr. Mundo,JUNGLE,Darius,TOP,54.26,94
Rek'Sai,JUNGLE,Darius,TOP,53.5,157
Kha'Zix,JUNGLE,Darius,TOP,53.35,373
Fiddlesticks,JUNGLE,Darius,TOP,52.87,87
Ivern,JUNGLE,Darius,TOP,52.87,87
Amumu,JUNGLE,Darius,TOP,52.63,38
Volibear,JUNGLE,Darius,TOP,52.11,142
Zed,JUNGLE,Darius,TOP,51.66,151
Lee Sin,JUNGLE,Darius,TOP,51.63,399
Nidalee,JUNGLE,Darius,TOP,51.54,130
Elise,JUNGLE,Darius,TOP,51.49,101
Jayce,JUNGLE,Darius,TOP,51.11,270
Talon,JUNGLE,Darius,TOP,50.0,186
Elise,SUPPORT,Diana,JUNGLE,57.52,113
Maokai,SUPPORT,Diana,JUNGLE,55.95,84
Pantheon,SUPPORT,Diana,JUNGLE,54.84,155
Braum,SUPPORT,Diana,JUNGLE,54.54,1014
Lulu,SUPPORT,Diana,JUNGLE,54.01,1072
Renata Glasc,SUPPORT,Diana,JUNGLE,53.72,121
Rakan,SUPPORT,Diana,JUNGLE,53.34,583
Sona,SUPPORT,Diana,JUNGLE,53.31,709
Rell,SUPPORT,Diana,JUNGLE,53.23,496
Nami,SUPPORT,Diana,JUNGLE,51.89,1405
Poppy,SUPPORT,Diana,JUNGLE,51.74,172
Senna,SUPPORT,Diana,JUNGLE,51.66,362
Vel'Koz,SUPPORT,Diana,JUNGLE,51.61,93
Zilean,SUPPORT,Diana,JUNGLE,51.47,204
Bard,SUPPORT,Diana,JUNGLE,51.44,659
Pyke,SUPPORT,Diana,JUNGLE,51.25,560
Neeko,SUPPORT,Diana,JUNGLE,50.36,280
Karma,SUPPORT,Diana,JUNGLE,50.31,982
Thresh,SUPPORT,Diana,JUNGLE,50.3,1008
Tahm Kench,SUPPORT,Diana,JUNGLE,50.0,88
Graves,JUNGLE,Diana,MID,61.87,139
Dr. Mundo,JUNGLE,Diana,MID,60.42,48
Karthus,JUNGLE,Diana,MID,56.52,23
Zed,JUNGLE,Diana,MID,55.36,112
Wukong,JUNGLE,Diana,MID,54.55,55
Kha'Zix,JUNGLE,Diana,MID,53.74,227
Vi,JUNGLE,Diana,MID,53.73,67
Volibear,JUNGLE,Diana,MID,53.19,47
Rek'Sai,JUNGLE,Diana,MID,52.94,102
Shaco,JUNGLE,Diana,MID,52.63,76
Xin Zhao,JUNGLE,Diana,MID,51.92,52
Fiddlesticks,JUNGLE,Diana,MID,51.72,29
Elise,JUNGLE,Diana,MID,51.61,31
Hecarim,JUNGLE,Diana,MID,51.14,88
Pantheon,SUPPORT,Dr. Mundo,JUNGLE,60.0,30
Pyke,SUPPORT,Dr. Mundo,JUNGLE,58.0,150
Lux,SUPPORT,Dr. Mundo,JUNGLE,56.52,46
Janna,SUPPORT,Dr. Mundo,JUNGLE,55.96,193
Elise,SUPPORT,Dr. Mundo,JUNGLE,55.32,47
Rakan,SUPPORT,Dr. Mundo,JUNGLE,55.07,138
Neeko,SUPPORT,Dr. Mundo,JUNGLE,54.72,106
Rell,SUPPORT,Dr. Mundo,JUNGLE,54.24,118
Alistar,SUPPORT,Dr. Mundo,JUNGLE,53.98,113
Thresh,SUPPORT,Dr. Mundo,JUNGLE,53.28,259
Vel'Koz,SUPPORT,Dr. Mundo,JUNGLE,53.13,32
Blitzcrank,SUPPORT,Dr. Mundo,JUNGLE,51.92,104
Sona,SUPPORT,Dr. Mundo,JUNGLE,51.85,243
Lulu,SUPPORT,Dr. Mundo,JUNGLE,51.51,299
Senna,SUPPORT,Dr. Mundo,JUNGLE,50.83,120
Milio,SUPPORT,Dr. Mundo,JUNGLE,50.76,132
Bard,SUPPORT,Dr. Mundo,JUNGLE,50.66,227
Zilean,SUPPORT,Dr. Mundo,JUNGLE,50.0,76
Evelynn,JUNGLE,Dr. Mundo,TOP,60.34,58
Qiyana,JUNGLE,Dr. Mundo,TOP,58.21,134
Kha'Zix,JUNGLE,Dr. Mundo,TOP,55.92,304
Sylas,JUNGLE,Dr. Mundo,TOP,54.03,124
Sejuani,JUNGLE,Dr. Mundo,TOP,53.33,30
Rengar,JUNGLE,Dr. Mundo,TOP,52.67,150
Kindred,JUNGLE,Dr. Mundo,TOP,52.33,86
Rek'Sai,JUNGLE,Dr. Mundo,TOP,51.61,124
Lee Sin,JUNGLE,Dr. Mundo,TOP,51.59,314
Ekko,JUNGLE,Dr. Mundo,TOP,51.26,318
Zyra,JUNGLE,Dr. Mundo,TOP,51.22,41
Nunu & Willump,JUNGLE,Dr. Mundo,TOP,51.04,96
Talon,JUNGLE,Dr. Mundo,TOP,50.85,177
Nidalee,JUNGLE,Dr. Mundo,TOP,50.55,91
Poppy,SUPPORT,Ekko,JUNGLE,58.9,163
Morgana,SUPPORT,Ekko,JUNGLE,55.86,145
Elise,SUPPORT,Ekko,JUNGLE,55.83,120
Leona,SUPPORT,Ekko,JUNGLE,53.8,487
Janna,SUPPORT,Ekko,JUNGLE,53.49,516
Rakan,SUPPORT,Ekko,JUNGLE,53.07,505
Alistar,SUPPORT,Ekko,JUNGLE,52.43,534
Senna,SUPPORT,Ekko,JUNGLE,52.31,281
Pyke,SUPPORT,Ekko,JUNGLE,51.74,489
Nami,SUPPORT,Ekko,JUNGLE,51.59,1101
Sona,SUPPORT,Ekko,JUNGLE,51.49,536
Thresh,SUPPORT,Ekko,JUNGLE,50.94,954
Blitzcrank,SUPPORT,Ekko,JUNGLE,50.87,401
Braum,SUPPORT,Ekko,JUNGLE,50.73,956
Nautilus,SUPPORT,Ekko,JUNGLE,50.67,971
Neeko,SUPPORT,Ekko,JUNGLE,50.55,271
Lulu,SUPPORT,Ekko,JUNGLE,50.17,869
Shaco,JUNGLE,Ekko,MID,64.52,124
Volibear,JUNGLE,Ekko,MID,59.8,102
Elise,JUNGLE,Ekko,MID,59.74,77
Kindred,JUNGLE,Ekko,MID,59.46,74
Rammus,JUNGLE,Ekko,MID,58.14,43
Nidalee,JUNGLE,Ekko,MID,55.93,59
Ivern,JUNGLE,Ekko,MID,55.56,72
Bel'Veth,JUNGLE,Ekko,MID,55.0,60
Karthus,JUNGLE,Ekko,MID,54.76,42
Graves,JUNGLE,Ekko,MID,54.49,167
Zed,JUNGLE,Ekko,MID,54.45,191
Rengar,JUNGLE,Ekko,MID,54.4,182
Jayce,JUNGLE,Ekko,MID,53.98,352
Nocturne,JUNGLE,Ekko,MID,53.85,91
Fiddlesticks,JUNGLE,Ekko,MID,53.33,60
Naafiri,JUNGLE,Ekko,MID,53.01,83
Rek'Sai,JUNGLE,Ekko,MID,52.91,206
Diana,JUNGLE,Ekko,MID,52.55,196
Master Yi,JUNGLE,Ekko,MID,52.21,136
Dr. Mundo,JUNGLE,Ekko,MID,52.17,92
Lee Sin,JUNGLE,Ekko,MID,51.93,491
Zyra,JUNGLE,Ekko,MID,51.52,33
Jarvan IV,JUNGLE,Ekko,MID,51.24,283
Malphite,JUNGLE,Ekko,MID,50.0,66
Bard,SUPPORT,Elise,JUNGLE,56.61,189
Vel'Koz,SUPPORT,Elise,JUNGLE,56.0,25
Maokai,SUPPORT,Elise,JUNGLE,55.88,34
Lulu,SUPPORT,Elise,JUNGLE,55.27,237
Alistar,SUPPORT,Elise,JUNGLE,55.23,172
Neeko,SUPPORT,Elise,JUNGLE,55.13,78
Leona,SUPPORT,Elise,JUNGLE,54.29,140
Lux,SUPPORT,Elise,JUNGLE,53.57,28
Pantheon,SUPPORT,Elise,JUNGLE,53.57,56
Janna,SUPPORT,Elise,JUNGLE,53.25,154
Pyke,SUPPORT,Elise,JUNGLE,53.23,124
Blitzcrank,SUPPORT,Elise,JUNGLE,52.63,95
Thresh,SUPPORT,Elise,JUNGLE,51.56,256
Rakan,SUPPORT,Elise,JUNGLE,51.18,127
Karma,SUPPORT,Elise,JUNGLE,50.37,270
Rell,SUPPORT,Elise,JUNGLE,50.0,110
Poppy,SUPPORT,Evelynn,JUNGLE,76.92,26
Taric,SUPPORT,Evelynn,JUNGLE,64.71,34
Morgana,SUPPORT,Evelynn,JUNGLE,61.29,31
Rell,SUPPORT,Evelynn,JUNGLE,58.41,113
Thresh,SUPPORT,Evelynn,JUNGLE,57.38,237
Blitzcrank,SUPPORT,Evelynn,JUNGLE,57.0,100
Nautilus,SUPPORT,Evelynn,JUNGLE,56.47,232
Pantheon,SUPPORT,Evelynn,JUNGLE,56.1,41
Bard,SUPPORT,Evelynn,JUNGLE,55.69,167
Alistar,SUPPORT,Evelynn,JUNGLE,53.42,146
Karma,SUPPORT,Evelynn,JUNGLE,52.13,211
Neeko,SUPPORT,Evelynn,JUNGLE,52.0,50
Renata Glasc,SUPPORT,Evelynn,JUNGLE,52.0,25
Leona,SUPPORT,Evelynn,JUNGLE,51.61,124
Braum,SUPPORT,Evelynn,JUNGLE,51.27,236
Milio,SUPPORT,Evelynn,JUNGLE,50.47,107
Janna,SUPPORT,Evelynn,JUNGLE,50.41,123
Nami,SUPPORT,Evelynn,JUNGLE,50.19,269
Elise,SUPPORT,Fiddlesticks,JUNGLE,68.18,22
Alistar,SUPPORT,Fiddlesticks,JUNGLE,58.4,125
Rell,SUPPORT,Fiddlesticks,JUNGLE,57.89,95
Blitzcrank,SUPPORT,Fiddlesticks,JUNGLE,57.75,71
Senna,SUPPORT,Fiddlesticks,JUNGLE,57.53,73
Vel'Koz,SUPPORT,Fiddlesticks,JUNGLE,56.52,23
Leona,SUPPORT,Fiddlesticks,JUNGLE,55.3,132
Thresh,SUPPORT,Fiddlesticks,JUNGLE,54.79,188
Neeko,SUPPORT,Fiddlesticks,JUNGLE,54.55,66
Zilean,SUPPORT,Fiddlesticks,JUNGLE,54.0,50
Karma,SUPPORT,Fiddlesticks,JUNGLE,52.43,185
Rakan,SUPPORT,Fiddlesticks,JUNGLE,52.03,123
Morgana,SUPPORT,Fiddlesticks,JUNGLE,51.85,27
Sona,SUPPORT,Fiddlesticks,JUNGLE,51.03,145
Nautilus,SUPPORT,Fiddlesticks,JUNGLE,50.49,206
Braum,SUPPORT,Fiddlesticks,JUNGLE,50.27,185
Lulu,SUPPORT,Fiddlesticks,JUNGLE,50.24,207
Maokai,SUPPORT,Fiddlesticks,JUNGLE,50.0,18
Zyra,SUPPORT,Fiddlesticks,JUNGLE,50.0,18
Bel'Veth,JUNGLE,Fiora,TOP,60.38,53
Fiddlesticks,JUNGLE,Fiora,TOP,59.0,100
Elise,JUNGLE,Fiora,TOP,57.94,107
Ivern,JUNGLE,Fiora,TOP,57.89,114
Shaco,JUNGLE,Fiora,TOP,57.24,145
Warwick,JUNGLE,Fiora,TOP,56.82,44
Talon,JUNGLE,Fiora,TOP,56.81,213
Rengar,JUNGLE,Fiora,TOP,56.78,199
Lee Sin,JUNGLE,Fiora,TOP,56.7,448
Zyra,JUNGLE,Fiora,TOP,56.58,76
Jarvan IV,JUNGLE,Fiora,TOP,56.12,294
Kayn,JUNGLE,Fiora,TOP,55.56,81
Karthus,JUNGLE,Fiora,TOP,55.1,98
Dr. Mundo,JUNGLE,Fiora,TOP,54.78,115
Naafiri,JUNGLE,Fiora,TOP,54.67,75
Rek'Sai,JUNGLE,Fiora,TOP,54.55,187
Ekko,JUNGLE,Fiora,TOP,54.37,412
Briar,JUNGLE,Fiora,TOP,54.17,72
Zac,JUNGLE,Fiora,TOP,53.29,152
Zed,JUNGLE,Fiora,TOP,52.69,186
Jayce,JUNGLE,Fiora,TOP,52.34,363
Hecarim,JUNGLE,Fiora,TOP,51.91,183
Qiyana,JUNGLE,Fiora,TOP,51.44,208
Sejuani,JUNGLE,Fiora,TOP,51.11,45
Rammus,JUNGLE,Fiora,TOP,50.98,51
Nidalee,JUNGLE,Fiora,TOP,50.69,144
Evelynn,JUNGLE,Fiora,TOP,50.38,131
Nunu & Willump,JUNGLE,Fiora,TOP,50.34,145
Malphite,JUNGLE,Fiora,TOP,50.0,90
Pantheon,JUNGLE,Fizz,MID,66.67,27
Fiddlesticks,JUNGLE,Fizz,MID,63.64,44
Nocturne,JUNGLE,Fizz,MID,60.87,46
Briar,JUNGLE,Fizz,MID,60.0,35
Ivern,JUNGLE,Fizz,MID,58.33,48
Dr. Mundo,JUNGLE,Fizz,MID,56.9,58
Xin Zhao,JUNGLE,Fizz,MID,54.69,64
Nunu & Willump,JUNGLE,Fizz,MID,54.43,79
Rengar,JUNGLE,Fizz,MID,54.39,114
Lee Sin,JUNGLE,Fizz,MID,53.9,295
Shaco,JUNGLE,Fizz,MID,53.85,91
Graves,JUNGLE,Fizz,MID,53.33,120
Rek'Sai,JUNGLE,Fizz,MID,53.15,111
Ekko,JUNGLE,Fizz,MID,52.24,134
Nidalee,JUNGLE,Fizz,MID,52.17,46
Udyr,JUNGLE,Fizz,MID,52.17,23
Master Yi,JUNGLE,Fizz,MID,52.11,71
Kha'Zix,JUNGLE,Fizz,MID,51.32,228
Hecarim,JUNGLE,Fizz,MID,51.06,94
Kindred,JUNGLE,Fizz,MID,51.02,49
Jarvan IV,JUNGLE,Fizz,MID,50.53,190
Diana,JUNGLE,Fizz,MID,50.0,140
Elise,JUNGLE,Fizz,MID,50.0,32
Talon,JUNGLE,Fizz,MID,50.0,136
Vi,JUNGLE,Fizz,MID,50.0,54
Zed,JUNGLE,Fizz,MID,50.0,124
Zyra,JUNGLE,Galio,MID,62.03,79
Zac,JUNGLE,Galio,MID,59.18,147
Nocturne,JUNGLE,Galio,MID,55.77,104
Rek'Sai,JUNGLE,Galio,MID,55.77,260
Hecarim,JUNGLE,Galio,MID,55.71,210
Bel'Veth,JUNGLE,Galio,MID,55.0,120
Qiyana,JUNGLE,Galio,MID,54.07,344
Zed,JUNGLE,Galio,MID,53.7,216
Shaco,JUNGLE,Galio,MID,53.38,148
Lee Sin,JUNGLE,Galio,MID,52.88,834
Sylas,JUNGLE,Galio,MID,52.6,192
Xin Zhao,JUNGLE,Galio,MID,52.44,164
Ivern,JUNGLE,Galio,MID,52.24,67
Kha'Zix,JUNGLE,Galio,MID,52.04,538
Talon,JUNGLE,Galio,MID,51.79,307
Karthus,JUNGLE,Galio,MID,51.11,90
Diana,JUNGLE,Galio,MID,51.06,331
Jayce,JUNGLE,Galio,MID,50.74,607
Fiddlesticks,JUNGLE,Galio,MID,50.65,77
Rengar,JUNGLE,Galio,MID,50.0,220
Evelynn,JUNGLE,Gangplank,TOP,64.22,109
Rek'Sai,JUNGLE,Gangplank,TOP,63.37,172
Sejuani,JUNGLE,Gangplank,TOP,60.47,43
Ivern,JUNGLE,Gangplank,TOP,59.74,77
Kayn,JUNGLE,Gangplank,TOP,57.78,90
Fiddlesticks,JUNGLE,Gangplank,TOP,57.69,104
Rammus,JUNGLE,Gangplank,TOP,57.45,47
Zac,JUNGLE,Gangplank,TOP,56.76,185
Nunu & Willump,JUNGLE,Gangplank,TOP,56.57,99
Elise,JUNGLE,Gangplank,TOP,56.14,114
Ekko,JUNGLE,Gangplank,TOP,56.0,425
Zed,JUNGLE,Gangplank,TOP,56.0,200
Kha'Zix,JUNGLE,Gangplank,TOP,55.73,375
Malphite,JUNGLE,Gangplank,TOP,55.32,94
Rengar,JUNGLE,Gangplank,TOP,54.71,170
Naafiri,JUNGLE,Gangplank,TOP,54.22,83
Master Yi,JUNGLE,Gangplank,TOP,54.09,159
Karthus,JUNGLE,Gangplank,TOP,53.85,104
Nocturne,JUNGLE,Gangplank,TOP,53.49,86
Wukong,JUNGLE,Gangplank,TOP,53.27,107
Jarvan IV,JUNGLE,Gangplank,TOP,53.18,299
Zyra,JUNGLE,Gangplank,TOP,52.86,70
Shaco,JUNGLE,Gangplank,TOP,52.67,131
Dr. Mundo,JUNGLE,Gangplank,TOP,52.43,103
Xin Zhao,JUNGLE,Gangplank,TOP,52.43,103
Diana,JUNGLE,Gangplank,TOP,52.04,490
Nidalee,JUNGLE,Gangplank,TOP,51.43,140
Lee Sin,JUNGLE,Gangplank,TOP,51.35,520
Hecarim,JUNGLE,Gangplank,TOP,50.57,174
Kindred,JUNGLE,Gangplank,TOP,50.57,87
Volibear,JUNGLE,Gangplank,TOP,50.38,131
Qiyana,JUNGLE,Gangplank,TOP,50.22,223
Briar,JUNGLE,Garen,TOP,59.52,42
Volibear,JUNGLE,Garen,TOP,58.1,105
Elise,JUNGLE,Garen,TOP,56.72,67
Ivern,JUNGLE,Garen,TOP,56.52,69
Rengar,JUNGLE,Garen,TOP,54.89,133
Kindred,JUNGLE,Garen,TOP,54.55,55
Nunu & Willump,JUNGLE,Garen,TOP,54.44,90
Talon,JUNGLE,Garen,TOP,54.03,124
Nidalee,JUNGLE,Garen,TOP,53.25,77
Diana,JUNGLE,Garen,TOP,52.81,303
Naafiri,JUNGLE,Garen,TOP,52.46,61
Rek'Sai,JUNGLE,Garen,TOP,51.69,89
Fiddlesticks,JUNGLE,Garen,TOP,51.67,60
Kha'Zix,JUNGLE,Garen,TOP,51.16,215
Wukong,JUNGLE,Garen,TOP,51.06,47
Jayce,JUNGLE,Garen,TOP,50.27,183
Karthus,JUNGLE,Garen,TOP,50.0,46
Udyr,JUNGLE,Garen,TOP,50.0,38
Udyr,JUNGLE,Gnar,TOP,59.09,44
Rammus,JUNGLE,Gnar,TOP,58.54,41
Shaco,JUNGLE,Gnar,TOP,57.41,108
Naafiri,JUNGLE,Gnar,TOP,57.14,63
Evelynn,JUNGLE,Gnar,TOP,55.95,84
Malphite,JUNGLE,Gnar,TOP,55.07,69
Lillia,JUNGLE,Gnar,TOP,54.67,75
Zac,JUNGLE,Gnar,TOP,54.48,145
Diana,JUNGLE,Gnar,TOP,53.15,365
Rengar,JUNGLE,Gnar,TOP,52.91,172
Talon,JUNGLE,Gnar,TOP,52.3,174
Kha'Zix,JUNGLE,Gnar,TOP,52.2,318
Ekko,JUNGLE,Gnar,TOP,51.66,362
Karthus,JUNGLE,Gnar,TOP,51.38,109
Dr. Mundo,JUNGLE,Gnar,TOP,51.16,86
Nunu & Willump,JUNGLE,Gnar,TOP,50.81,124
Viego,JUNGLE,Gnar,TOP,50.48,626
Bel'Veth,JUNGLE,Gragas,TOP,63.49,63
Elise,JUNGLE,Gragas,TOP,62.96,27
Rammus,JUNGLE,Gragas,TOP,62.96,27
Kindred,JUNGLE,Gragas,TOP,58.49,53
Nunu & Willump,JUNGLE,Gragas,TOP,57.69,52
Master Yi,JUNGLE,Gragas,TOP,57.29,96
Qiyana,JUNGLE,Gragas,TOP,56.45,124
Evelynn,JUNGLE,Gragas,TOP,56.0,25
Ekko,JUNGLE,Gragas,TOP,55.2,125
Fiddlesticks,JUNGLE,Gragas,TOP,55.17,29
Rengar,JUNGLE,Gragas,TOP,54.69,128
Hecarim,JUNGLE,Gragas,TOP,54.55,110
Ivern,JUNGLE,Gragas,TOP,54.55,33
Nidalee,JUNGLE,Gragas,TOP,54.17,48
Naafiri,JUNGLE,Gragas,TOP,53.33,60
Xin Zhao,JUNGLE,Gragas,TOP,53.03,66
Diana,JUNGLE,Gragas,TOP,52.87,174
Sylas,JUNGLE,Gragas,TOP,52.63,57
Lee Sin,JUNGLE,Gragas,TOP,52.52,318
Rek'Sai,JUNGLE,Gragas,TOP,51.25,80
Nocturne,JUNGLE,Gragas,TOP,51.02,49
Dr. Mundo,JUNGLE,Gragas,TOP,50.79,63
Jarvan IV,JUNGLE,Gragas,TOP,50.29,173
Lillia,JUNGLE,Gragas,TOP,50.0,24
Volibear,JUNGLE,Gragas,TOP,50.0,58
Zilean,SUPPORT,Graves,JUNGLE,57.58,66
Rell,SUPPORT,Graves,JUNGLE,55.88,170
Neeko,SUPPORT,Graves,JUNGLE,55.56,126
Tahm Kench,SUPPORT,Graves,JUNGLE,54.17,48
Vel'Koz,SUPPORT,Graves,JUNGLE,53.49,43
Senna,SUPPORT,Graves,JUNGLE,53.26,92
Lulu,SUPPORT,Graves,JUNGLE,53.2,359
Braum,SUPPORT,Graves,JUNGLE,53.13,352
Sona,SUPPORT,Graves,JUNGLE,52.71,258
Nautilus,SUPPORT,Graves,JUNGLE,52.63,418
Pyke,SUPPORT,Graves,JUNGLE,52.59,232
Morgana,SUPPORT,Graves,JUNGLE,52.0,75
Poppy,SUPPORT,Graves,JUNGLE,50.67,75
Thresh,SUPPORT,Graves,JUNGLE,50.33,455
Leona,SUPPORT,Graves,JUNGLE,50.23,221
Blitzcrank,SUPPORT,Graves,JUNGLE,50.0,182
Ivern,JUNGLE,Gwen,TOP,66.2,71
Naafiri,JUNGLE,Gwen,TOP,58.67,75
Fiddlesticks,JUNGLE,Gwen,TOP,57.89,57
Nidalee,JUNGLE,Gwen,TOP,57.35,68
Dr. Mundo,JUNGLE,Gwen,TOP,57.14,84
Rengar,JUNGLE,Gwen,TOP,57.06,177
Talon,JUNGLE,Gwen,TOP,55.41,231
Kindred,JUNGLE,Gwen,TOP,55.06,89
Nocturne,JUNGLE,Gwen,TOP,54.88,82
Shaco,JUNGLE,Gwen,TOP,54.46,112
Zac,JUNGLE,Gwen,TOP,54.35,92
Volibear,JUNGLE,Gwen,TOP,53.66,82
Lee Sin,JUNGLE,Gwen,TOP,53.59,502
Elise,JUNGLE,Gwen,TOP,53.19,47
Master Yi,JUNGLE,Gwen,TOP,53.15,111
Bel'Veth,JUNGLE,Gwen,TOP,53.03,66
Rek'Sai,JUNGLE,Gwen,TOP,52.84,176
Diana,JUNGLE,Gwen,TOP,52.42,227
Sylas,JUNGLE,Gwen,TOP,52.38,84
Wukong,JUNGLE,Gwen,TOP,52.38,84
Kha'Zix,JUNGLE,Gwen,TOP,52.35,361
Jayce,JUNGLE,Gwen,TOP,51.51,398
Sejuani,JUNGLE,Gwen,TOP,51.11,45
Viego,JUNGLE,Gwen,TOP,51.0,653
Hecarim,JUNGLE,Gwen,TOP,50.98,153
Zed,JUNGLE,Gwen,TOP,50.59,170
Vi,JUNGLE,Gwen,TOP,50.0,114
Poppy,SUPPORT,Hecarim,JUNGLE,61.97,71
Lux,SUPPORT,Hecarim,JUNGLE,54.84,62
Braum,SUPPORT,Hecarim,JUNGLE,52.88,399
Morgana,SUPPORT,Hecarim,JUNGLE,52.73,55
Thresh,SUPPORT,Hecarim,JUNGLE,51.94,387
Elise,SUPPORT,Hecarim,JUNGLE,51.72,58
Janna,SUPPORT,Hecarim,JUNGLE,51.66,271
Milio,SUPPORT,Hecarim,JUNGLE,51.11,225
Pyke,SUPPORT,Hecarim,JUNGLE,51.01,198
Sona,SUPPORT,Hecarim,JUNGLE,50.74,337
Nami,SUPPORT,Hecarim,JUNGLE,50.57,613
Karma,SUPPORT,Hecarim,JUNGLE,50.25,408
Pantheon,SUPPORT,Hecarim,JUNGLE,50.0,54
Shaco,JUNGLE,Heimerdinger,MID,83.33,6
Xin Zhao,JUNGLE,Heimerdinger,MID,80.0,5
Diana,JUNGLE,Heimerdinger,MID,75.0,4
Kindred,JUNGLE,Heimerdinger,MID,75.0,4
Rek'Sai,JUNGLE,Heimerdinger,MID,75.0,4
Viego,JUNGLE,Heimerdinger,MID,72.0,25
Kayn,JUNGLE,Heimerdinger,MID,66.67,3
Naafiri,JUNGLE,Heimerdinger,MID,66.67,6
Vi,JUNGLE,Heimerdinger,MID,66.67,6
Kha'Zix,JUNGLE,Heimerdinger,MID,59.09,22
Nunu & Willump,JUNGLE,Heimerdinger,MID,57.14,7
Zed,JUNGLE,Heimerdinger,MID,57.14,7
Jarvan IV,JUNGLE,Heimerdinger,MID,54.55,11
Lee Sin,JUNGLE,Heimerdinger,MID,52.94,17
Bel'Veth,JUNGLE,Heimerdinger,MID,50.0,2
Dr. Mundo,JUNGLE,Heimerdinger,MID,50.0,2
Evelynn,JUNGLE,Heimerdinger,MID,50.0,4
Fiddlesticks,JUNGLE,Heimerdinger,MID,50.0,2
Hecarim,JUNGLE,Heimerdinger,MID,50.0,6
Nidalee,JUNGLE,Heimerdinger,MID,50.0,4
Olaf,JUNGLE,Heimerdinger,MID,50.0,2
Qiyana,JUNGLE,Heimerdinger,MID,50.0,2
Skarner,JUNGLE,Heimerdinger,MID,50.0,2
Sylas,JUNGLE,Heimerdinger,MID,50.0,2
Evelynn,JUNGLE,Hwei,MID,66.67,24
Nocturne,JUNGLE,Hwei,MID,63.27,49
Kindred,JUNGLE,Hwei,MID,61.9,42
Rammus,JUNGLE,Hwei,MID,57.14,28
Sylas,JUNGLE,Hwei,MID,56.86,51
Jarvan IV,JUNGLE,Hwei,MID,56.7,194
Talon,JUNGLE,Hwei,MID,56.03,116
Master Yi,JUNGLE,Hwei,MID,55.29,85
Hecarim,JUNGLE,Hwei,MID,54.74,95
Nidalee,JUNGLE,Hwei,MID,53.57,56
Rengar,JUNGLE,Hwei,MID,52.94,119
Vi,JUNGLE,Hwei,MID,52.63,57
Rek'Sai,JUNGLE,Hwei,MID,51.96,102
Shaco,JUNGLE,Hwei,MID,51.85,54
Elise,JUNGLE,Hwei,MID,50.0,36
Fiddlesticks,JUNGLE,Hwei,MID,50.0,32
Lillia,JUNGLE,Hwei,MID,50.0,26
Nunu & Willump,JUNGLE,Hwei,MID,50.0,58
Nidalee,JUNGLE,Illaoi,TOP,69.7,33
Zyra,JUNGLE,Illaoi,TOP,69.23,13
Graves,JUNGLE,Illaoi,TOP,65.52,29
Kindred,JUNGLE,Illaoi,TOP,64.29,14
Ivern,JUNGLE,Illaoi,TOP,63.64,22
Karthus,JUNGLE,Illaoi,TOP,63.04,46
Talon,JUNGLE,Illaoi,TOP,62.26,53
Fiddlesticks,JUNGLE,Illaoi,TOP,60.53,38
Bel'Veth,JUNGLE,Illaoi,TOP,60.0,15
Shaco,JUNGLE,Illaoi,TOP,58.54,41
Xin Zhao,JUNGLE,Illaoi,TOP,57.58,33
Kha'Zix,JUNGLE,Illaoi,TOP,54.76,84
Malphite,JUNGLE,Illaoi,TOP,54.55,22
Master Yi,JUNGLE,Illaoi,TOP,53.57,28
Volibear,JUNGLE,Illaoi,TOP,53.33,30
Sylas,JUNGLE,Illaoi,TOP,52.17,46
Diana,JUNGLE,Illaoi,TOP,51.22,82
Rek'Sai,JUNGLE,Illaoi,TOP,51.22,41
Elise,JUNGLE,Illaoi,TOP,50.0,26
Naafiri,JUNGLE,Illaoi,TOP,50.0,18
Warwick,JUNGLE,Illaoi,TOP,50.0,10
Udyr,JUNGLE,Irelia,TOP,59.72,72
Karthus,JUNGLE,Irelia,TOP,59.46,111
Ivern,JUNGLE,Irelia,TOP,59.41,101
Zac,JUNGLE,Irelia,TOP,58.39,149
Graves,JUNGLE,Irelia,TOP,56.59,182
Elise,JUNGLE,Irelia,TOP,55.96,109
Lee Sin,JUNGLE,Irelia,TOP,55.89,535
Fiddlesticks,JUNGLE,Irelia,TOP,55.36,112
Master Yi,JUNGLE,Irelia,TOP,55.32,141
Rengar,JUNGLE,Irelia,TOP,55.07,207
Nidalee,JUNGLE,Irelia,TOP,54.39,171
Volibear,JUNGLE,Irelia,TOP,53.89,167
Vi,JUNGLE,Irelia,TOP,53.39,118
Lillia,JUNGLE,Irelia,TOP,53.19,94
Qiyana,JUNGLE,Irelia,TOP,51.27,197
Zed,JUNGLE,Irelia,TOP,51.11,180
Xin Zhao,JUNGLE,Irelia,TOP,51.09,92
Dr. Mundo,JUNGLE,Irelia,TOP,50.91,110
Kindred,JUNGLE,Irelia,TOP,50.62,81
Kha'Zix,JUNGLE,Irelia,TOP,50.51,392
Sejuani,JUNGLE,Irelia,TOP,50.0,72
Taric,SUPPORT,Ivern,JUNGLE,72.97,37
Poppy,SUPPORT,Ivern,JUNGLE,63.41,41
Pantheon,SUPPORT,Ivern,JUNGLE,60.0,40
Rakan,SUPPORT,Ivern,JUNGLE,58.46,130
Rell,SUPPORT,Ivern,JUNGLE,58.12,117
Nami,SUPPORT,Ivern,JUNGLE,57.26,234
Alistar,SUPPORT,Ivern,JUNGLE,57.24,152
Nautilus,SUPPORT,Ivern,JUNGLE,56.86,299
Bard,SUPPORT,Ivern,JUNGLE,56.25,160
Braum,SUPPORT,Ivern,JUNGLE,56.21,290
Leona,SUPPORT,Ivern,JUNGLE,55.91,186
Sona,SUPPORT,Ivern,JUNGLE,55.34,103
Blitzcrank,SUPPORT,Ivern,JUNGLE,54.44,90
Pyke,SUPPORT,Ivern,JUNGLE,54.13,109
Thresh,SUPPORT,Ivern,JUNGLE,53.92,204
Seraphine,SUPPORT,Ivern,JUNGLE,53.57,56
Milio,SUPPORT,Ivern,JUNGLE,53.41,88
Lux,SUPPORT,Ivern,JUNGLE,52.94,34
Neeko,SUPPORT,Ivern,JUNGLE,50.0,88
Senna,SUPPORT,Ivern,JUNGLE,50.0,76
Taric,SUPPORT,Jarvan IV,JUNGLE,58.45,142
Zyra,SUPPORT,Jarvan IV,JUNGLE,56.25,80
Braum,SUPPORT,Jarvan IV,JUNGLE,54.19,716
Elise,SUPPORT,Jarvan IV,JUNGLE,53.68,136
Neeko,SUPPORT,Jarvan IV,JUNGLE,53.53,312
Blitzcrank,SUPPORT,Jarvan IV,JUNGLE,53.43,335
Janna,SUPPORT,Jarvan IV,JUNGLE,52.8,483
Soraka,SUPPORT,Jarvan IV,JUNGLE,52.65,302
Leona,SUPPORT,Jarvan IV,JUNGLE,51.7,352
Bard,SUPPORT,Jarvan IV,JUNGLE,51.55,646
Zilean,SUPPORT,Jarvan IV,JUNGLE,51.39,144
Vel'Koz,SUPPORT,Jarvan IV,JUNGLE,51.33,113
Senna,SUPPORT,Jarvan IV,JUNGLE,51.02,294
Lux,SUPPORT,Jarvan IV,JUNGLE,50.79,126
Karma,SUPPORT,Jarvan IV,JUNGLE,50.63,788
Zyra,JUNGLE,Jax,TOP,62.37,93
Lillia,JUNGLE,Jax,TOP,61.8,89
Karthus,JUNGLE,Jax,TOP,61.59,151
Rek'Sai,JUNGLE,Jax,TOP,59.57,277
Kindred,JUNGLE,Jax,TOP,56.25,128
Udyr,JUNGLE,Jax,TOP,55.7,79
Nocturne,JUNGLE,Jax,TOP,55.56,126
Zac,JUNGLE,Jax,TOP,55.36,224
Vi,JUNGLE,Jax,TOP,55.26,190
Nunu & Willump,JUNGLE,Jax,TOP,54.08,196
Shaco,JUNGLE,Jax,TOP,53.99,213
Ivern,JUNGLE,Jax,TOP,53.49,129
Elise,JUNGLE,Jax,TOP,53.44,131
Naafiri,JUNGLE,Jax,TOP,53.38,133
Diana,JUNGLE,Jax,TOP,53.26,614
Rengar,JUNGLE,Jax,TOP,52.55,274
Fiddlesticks,JUNGLE,Jax,TOP,51.92,104
Xin Zhao,JUNGLE,Jax,TOP,51.63,153
Dr. Mundo,JUNGLE,Jax,TOP,51.4,179
Kha'Zix,JUNGLE,Jax,TOP,51.35,555
Jayce,JUNGLE,Jax,TOP,51.06,613
Qiyana,JUNGLE,Jax,TOP,50.84,297
Jarvan IV,JUNGLE,Jax,TOP,50.76,459
Talon,JUNGLE,Jax,TOP,50.5,299
Taric,SUPPORT,Jayce,JUNGLE,55.61,187
Morgana,SUPPORT,Jayce,JUNGLE,53.06,147
Janna,SUPPORT,Jayce,JUNGLE,52.33,451
Elise,SUPPORT,Jayce,JUNGLE,52.1,167
Maokai,SUPPORT,Jayce,JUNGLE,51.46,103
Braum,SUPPORT,Jayce,JUNGLE,51.25,1038
Leona,SUPPORT,Jayce,JUNGLE,51.13,618
Alistar,SUPPORT,Jayce,JUNGLE,50.83,661
Thresh,SUPPORT,Jayce,JUNGLE,50.8,941
Neeko,SUPPORT,Jayce,JUNGLE,50.25,396
Rell,SUPPORT,Jayce,JUNGLE,50.11,465
Nami,SUPPORT,Jayce,JUNGLE,50.05,1015
Kindred,JUNGLE,Jayce,MID,70.59,17
Shaco,JUNGLE,Jayce,MID,70.0,20
Bel'Veth,JUNGLE,Jayce,MID,66.67,18
Karthus,JUNGLE,Jayce,MID,65.75,73
Udyr,JUNGLE,Jayce,MID,61.54,13
Elise,JUNGLE,Jayce,MID,59.38,64
Ivern,JUNGLE,Jayce,MID,59.18,49
Rek'Sai,JUNGLE,Jayce,MID,59.09,44
Nocturne,JUNGLE,Jayce,MID,58.33,12
Diana,JUNGLE,Jayce,MID,58.25,194
Zyra,JUNGLE,Jayce,MID,58.14,43
Fiddlesticks,JUNGLE,Jayce,MID,58.0,50
Sylas,JUNGLE,Jayce,MID,56.0,75
Zac,JUNGLE,Jayce,MID,56.0,50
Ekko,JUNGLE,Jayce,MID,53.76,186
Nunu & Willump,JUNGLE,Jayce,MID,53.57,56
Nidalee,JUNGLE,Jayce,MID,53.42,73
Kha'Zix,JUNGLE,Jayce,MID,52.17,46
Hecarim,JUNGLE,Jayce,MID,50.0,30
Talon,JUNGLE,Jayce,MID,50.0,34
Vi,JUNGLE,Jayce,MID,50.0,14
Rammus,JUNGLE,Jayce,TOP,59.57,47
Master Yi,JUNGLE,Jayce,TOP,58.68,121
Bel'Veth,JUNGLE,Jayce,TOP,57.63,59
Talon,JUNGLE,Jayce,TOP,57.63,177
Nocturne,JUNGLE,Jayce,TOP,57.14,63
Ekko,JUNGLE,Jayce,TOP,55.95,370
Xin Zhao,JUNGLE,Jayce,TOP,55.32,94
Elise,JUNGLE,Jayce,TOP,55.24,105
Rek'Sai,JUNGLE,Jayce,TOP,55.03,169
Hecarim,JUNGLE,Jayce,TOP,54.89,133
Jarvan IV,JUNGLE,Jayce,TOP,54.55,275
Graves,JUNGLE,Jayce,TOP,54.36,149
Dr. Mundo,JUNGLE,Jayce,TOP,54.08,98
Nidalee,JUNGLE,Jayce,TOP,53.33,150
Zed,JUNGLE,Jayce,TOP,53.29,152
Rengar,JUNGLE,Jayce,TOP,53.13,160
Sylas,JUNGLE,Jayce,TOP,53.04,181
Lillia,JUNGLE,Jayce,TOP,52.78,72
Vi,JUNGLE,Jayce,TOP,52.34,128
Pantheon,JUNGLE,Jayce,TOP,52.27,44
Kha'Zix,JUNGLE,Jayce,TOP,51.46,309
Shaco,JUNGLE,Jayce,TOP,51.18,127
Qiyana,JUNGLE,Jayce,TOP,50.35,141
Udyr,JUNGLE,Jayce,TOP,50.0,44
Bel'Veth,JUNGLE,K'Sante,TOP,62.67,75
Naafiri,JUNGLE,K'Sante,TOP,61.86,97
Rengar,JUNGLE,K'Sante,TOP,58.17,208
Rek'Sai,JUNGLE,K'Sante,TOP,55.15,194
Dr. Mundo,JUNGLE,K'Sante,TOP,54.84,93
Nidalee,JUNGLE,K'Sante,TOP,54.63,216
Zyra,JUNGLE,K'Sante,TOP,54.22,83
Qiyana,JUNGLE,K'Sante,TOP,52.99,251
Fiddlesticks,JUNGLE,K'Sante,TOP,52.69,93
Nunu & Willump,JUNGLE,K'Sante,TOP,52.34,128
Elise,JUNGLE,K'Sante,TOP,52.24,134
Volibear,JUNGLE,K'Sante,TOP,51.69,118
Graves,JUNGLE,K'Sante,TOP,50.83,240
Zed,JUNGLE,K'Sante,TOP,50.72,209
Talon,JUNGLE,K'Sante,TOP,50.41,246
Karthus,JUNGLE,K'Sante,TOP,50.0,132
Pantheon,SUPPORT,Karthus,JUNGLE,68.89,45
Taric,SUPPORT,Karthus,JUNGLE,65.0,40
Morgana,SUPPORT,Karthus,JUNGLE,60.0,25
Pyke,SUPPORT,Karthus,JUNGLE,57.6,125
Alistar,SUPPORT,Karthus,JUNGLE,57.42,155
Nautilus,SUPPORT,Karthus,JUNGLE,57.32,328
Tahm Kench,SUPPORT,Karthus,JUNGLE,57.14,21
Karma,SUPPORT,Karthus,JUNGLE,56.92,195
Janna,SUPPORT,Karthus,JUNGLE,56.9,116
Lux,SUPPORT,Karthus,JUNGLE,56.52,23
Blitzcrank,SUPPORT,Karthus,JUNGLE,55.81,129
Leona,SUPPORT,Karthus,JUNGLE,55.09,167
Rakan,SUPPORT,Karthus,JUNGLE,54.87,113
Rell,SUPPORT,Karthus,JUNGLE,54.47,123
Lulu,SUPPORT,Karthus,JUNGLE,54.13,218
Neeko,SUPPORT,Karthus,JUNGLE,53.95,76
Milio,SUPPORT,Karthus,JUNGLE,53.19,94
Zilean,SUPPORT,Karthus,JUNGLE,52.78,36
Thresh,SUPPORT,Karthus,JUNGLE,52.07,242
Braum,SUPPORT,Karthus,JUNGLE,50.88,226
Elise,SUPPORT,Karthus,JUNGLE,50.0,36
Malphite,JUNGLE,Kassadin,MID,64.47,76
Udyr,JUNGLE,Kassadin,MID,61.9,84
Dr. Mundo,JUNGLE,Kassadin,MID,59.09,176
Graves,JUNGLE,Kassadin,MID,57.39,176
Zed,JUNGLE,Kassadin,MID,57.38,244
Shaco,JUNGLE,Kassadin,MID,56.41,195
Xin Zhao,JUNGLE,Kassadin,MID,55.83,120
Qiyana,JUNGLE,Kassadin,MID,55.09,285
Rengar,JUNGLE,Kassadin,MID,54.93,335
Master Yi,JUNGLE,Kassadin,MID,54.19,203
Zac,JUNGLE,Kassadin,MID,54.17,216
Nunu & Willump,JUNGLE,Kassadin,MID,54.07,172
Kha'Zix,JUNGLE,Kassadin,MID,53.82,550
Briar,JUNGLE,Kassadin,MID,53.77,106
Volibear,JUNGLE,Kassadin,MID,53.74,227
Rek'Sai,JUNGLE,Kassadin,MID,53.66,205
Lee Sin,JUNGLE,Kassadin,MID,53.04,494
Fiddlesticks,JUNGLE,Kassadin,MID,52.56,78
Talon,JUNGLE,Kassadin,MID,52.22,383
Elise,JUNGLE,Kassadin,MID,51.95,77
Diana,JUNGLE,Kassadin,MID,51.62,370
Ivern,JUNGLE,Kassadin,MID,51.61,124
Naafiri,JUNGLE,Kassadin,MID,51.61,124
Hecarim,JUNGLE,Kassadin,MID,51.39,251
Jarvan IV,JUNGLE,Kassadin,MID,51.13,397
Vi,JUNGLE,Kassadin,MID,51.09,92
Nocturne,JUNGLE,Kassadin,MID,50.76,132
Kindred,JUNGLE,Kassadin,MID,50.0,84
Rammus,JUNGLE,Katarina,MID,64.06,64
Shaco,JUNGLE,Katarina,MID,61.62,198
Zac,JUNGLE,Katarina,MID,58.69,259
Rengar,JUNGLE,Katarina,MID,58.2,366
Karthus,JUNGLE,Katarina,MID,57.58,99
Bel'Veth,JUNGLE,Katarina,MID,57.5,120
Dr. Mundo,JUNGLE,Katarina,MID,57.5,200
Elise,JUNGLE,Katarina,MID,57.14,119
Rek'Sai,JUNGLE,Katarina,MID,56.85,343
Volibear,JUNGLE,Katarina,MID,56.31,222
Zyra,JUNGLE,Katarina,MID,55.93,59
Nunu & Willump,JUNGLE,Katarina,MID,55.84,197
Qiyana,JUNGLE,Katarina,MID,55.37,307
Xin Zhao,JUNGLE,Katarina,MID,55.0,160
Ivern,JUNGLE,Katarina,MID,54.86,144
Master Yi,JUNGLE,Katarina,MID,54.75,179
Sejuani,JUNGLE,Katarina,MID,54.29,140
Nidalee,JUNGLE,Katarina,MID,53.28,137
Malphite,JUNGLE,Katarina,MID,53.21,156
Fiddlesticks,JUNGLE,Katarina,MID,53.1,113
Kindred,JUNGLE,Katarina,MID,53.04,115
Jayce,JUNGLE,Katarina,MID,52.73,550
Zed,JUNGLE,Katarina,MID,52.69,279
Diana,JUNGLE,Katarina,MID,51.97,456
Graves,JUNGLE,Katarina,MID,51.97,229
Nocturne,JUNGLE,Katarina,MID,51.35,148
Kayn,JUNGLE,Katarina,MID,51.27,158
Jarvan IV,JUNGLE,Katarina,MID,51.22,533
Ekko,JUNGLE,Katarina,MID,50.59,425
Kha'Zix,JUNGLE,Katarina,MID,50.17,586
Udyr,JUNGLE,Katarina,MID,50.0,74
Vi,JUNGLE,Katarina,MID,50.0,186
Diana,JUNGLE,Kayle,MID,70.65,92
Rengar,JUNGLE,Kayle,MID,62.82,78
Kindred,JUNGLE,Kayle,MID,61.9,21
Bel'Veth,JUNGLE,Kayle,MID,61.54,13
Rek'Sai,JUNGLE,Kayle,MID,60.0,50
Karthus,JUNGLE,Kayle,MID,57.14,14
Master Yi,JUNGLE,Kayle,MID,57.14,42
Zac,JUNGLE,Kayle,MID,57.14,21
Kha'Zix,JUNGLE,Kayle,MID,55.91,127
Ivern,JUNGLE,Kayle,MID,55.56,27
Shaco,JUNGLE,Kayle,MID,55.26,38
Ekko,JUNGLE,Kayle,MID,55.06,89
Amumu,JUNGLE,Kayle,MID,54.55,11
Volibear,JUNGLE,Kayle,MID,54.39,57
Qiyana,JUNGLE,Kayle,MID,53.85,39
Rammus,JUNGLE,Kayle,MID,53.85,13
Nocturne,JUNGLE,Kayle,MID,53.57,28
Nunu & Willump,JUNGLE,Kayle,MID,53.49,43
Lee Sin,JUNGLE,Kayle,MID,53.41,88
Viego,JUNGLE,Kayle,MID,52.43,185
Elise,JUNGLE,Kayle,MID,52.38,21
Lillia,JUNGLE,Kayle,MID,50.0,14
Sylas,JUNGLE,Kayle,MID,50.0,26
Udyr,JUNGLE,Kayle,MID,50.0,16
Kindred,JUNGLE,Kayle,TOP,63.27,49
Shaco,JUNGLE,Kayle,TOP,60.47,86
Qiyana,JUNGLE,Kayle,TOP,60.36,111
Diana,JUNGLE,Kayle,TOP,58.97,195
Rengar,JUNGLE,Kayle,TOP,57.98,119
Lillia,JUNGLE,Kayle,TOP,57.14,28
Lee Sin,JUNGLE,Kayle,TOP,57.09,268
Rammus,JUNGLE,Kayle,TOP,56.67,30
Zac,JUNGLE,Kayle,TOP,55.1,98
Master Yi,JUNGLE,Kayle,TOP,54.32,81
Zed,JUNGLE,Kayle,TOP,53.78,119
Vi,JUNGLE,Kayle,TOP,53.7,54
Xin Zhao,JUNGLE,Kayle,TOP,53.7,54
Nocturne,JUNGLE,Kayle,TOP,53.45,58
Kha'Zix,JUNGLE,Kayle,TOP,53.27,214
Naafiri,JUNGLE,Kayle,TOP,53.23,62
Nunu & Willump,JUNGLE,Kayle,TOP,52.7,74
Kayn,JUNGLE,Kayle,TOP,52.31,65
Rek'Sai,JUNGLE,Kayle,TOP,52.17,92
Wukong,JUNGLE,Kayle,TOP,52.17,69
Ekko,JUNGLE,Kayle,TOP,52.0,150
Graves,JUNGLE,Kayle,TOP,52.0,100
Warwick,JUNGLE,Kayle,TOP,52.0,25
Nidalee,JUNGLE,Kayle,TOP,51.16,43
Dr. Mundo,JUNGLE,Kayle,TOP,51.14,88
Ivern,JUNGLE,Kayle,TOP,51.11,45
Jarvan IV,JUNGLE,Kayle,TOP,50.67,223
Viego,JUNGLE,Kayle,TOP,50.5,398
Briar,JUNGLE,Kayle,TOP,50.0,38
Evelynn,JUNGLE,Kayle,TOP,50.0,28
Karthus,JUNGLE,Kayle,TOP,50.0,46
Malphite,JUNGLE,Kayle,TOP,50.0,58
Brand,SUPPORT,Kayn,JUNGLE,57.14,21
Braum,SUPPORT,Kayn,JUNGLE,53.27,199
Alistar,SUPPORT,Kayn,JUNGLE,53.15,111
Sona,SUPPORT,Kayn,JUNGLE,52.73,220
Morgana,SUPPORT,Kayn,JUNGLE,52.5,40
Poppy,SUPPORT,Kayn,JUNGLE,52.17,23
Karma,SUPPORT,Kayn,JUNGLE,51.95,231
Elise,SUPPORT,Kayn,JUNGLE,51.28,39
Janna,SUPPORT,Kayn,JUNGLE,50.83,120
Leona,SUPPORT,Kayn,JUNGLE,50.83,120
Bard,SUPPORT,Kayn,JUNGLE,50.0,158
Nautilus,SUPPORT,Kayn,JUNGLE,50.0,204
Naafiri,JUNGLE,Kennen,TOP,60.32,63
Lillia,JUNGLE,Kennen,TOP,59.46,37
Zyra,JUNGLE,Kennen,TOP,58.33,48
Rek'Sai,JUNGLE,Kennen,TOP,57.77,206
Sylas,JUNGLE,Kennen,TOP,57.73,97
Zed,JUNGLE,Kennen,TOP,56.97,165
Ekko,JUNGLE,Kennen,TOP,56.28,183
Bel'Veth,JUNGLE,Kennen,TOP,56.1,82
Kindred,JUNGLE,Kennen,TOP,56.1,82
Hecarim,JUNGLE,Kennen,TOP,55.56,189
Briar,JUNGLE,Kennen,TOP,55.32,47
Udyr,JUNGLE,Kennen,TOP,55.0,40
Xin Zhao,JUNGLE,Kennen,TOP,54.62,119
Volibear,JUNGLE,Kennen,TOP,54.55,110
Karthus,JUNGLE,Kennen,TOP,54.17,48
Graves,JUNGLE,Kennen,TOP,54.0,150
Lee Sin,JUNGLE,Kennen,TOP,53.98,615
Diana,JUNGLE,Kennen,TOP,53.85,208
Zac,JUNGLE,Kennen,TOP,53.57,112
Kha'Zix,JUNGLE,Kennen,TOP,53.56,351
Pantheon,JUNGLE,Kennen,TOP,52.78,36
Nunu & Willump,JUNGLE,Kennen,TOP,52.63,95
Rammus,JUNGLE,Kennen,TOP,52.63,38
Vi,JUNGLE,Kennen,TOP,52.49,181
Nocturne,JUNGLE,Kennen,TOP,52.48,101
Malphite,JUNGLE,Kennen,TOP,52.46,61
Shaco,JUNGLE,Kennen,TOP,52.34,107
Wukong,JUNGLE,Kennen,TOP,52.33,86
Jarvan IV,JUNGLE,Kennen,TOP,52.01,298
Dr. Mundo,JUNGLE,Kennen,TOP,51.65,91
Jayce,JUNGLE,Kennen,TOP,51.49,402
Ivern,JUNGLE,Kennen,TOP,51.43,70
Viego,JUNGLE,Kennen,TOP,51.4,788
Qiyana,JUNGLE,Kennen,TOP,50.65,231
Master Yi,JUNGLE,Kennen,TOP,50.0,160
Vel'Koz,SUPPORT,Kha'Zix,JUNGLE,56.73,104
Poppy,SUPPORT,Kha'Zix,JUNGLE,56.45,186
Zyra,SUPPORT,Kha'Zix,JUNGLE,56.07,107
Elise,SUPPORT,Kha'Zix,JUNGLE,55.09,167
Taric,SUPPORT,Kha'Zix,JUNGLE,54.6,174
Nami,SUPPORT,Kha'Zix,JUNGLE,54.56,1239
Bard,SUPPORT,Kha'Zix,JUNGLE,54.42,792
Milio,SUPPORT,Kha'Zix,JUNGLE,53.32,482
Janna,SUPPORT,Kha'Zix,JUNGLE,53.29,608
Leona,SUPPORT,Kha'Zix,JUNGLE,53.21,545
Thresh,SUPPORT,Kha'Zix,JUNGLE,53.11,964
Braum,SUPPORT,Kha'Zix,JUNGLE,52.95,882
Blitzcrank,SUPPORT,Kha'Zix,JUNGLE,52.84,405
Seraphine,SUPPORT,Kha'Zix,JUNGLE,52.21,272
Sona,SUPPORT,Kha'Zix,JUNGLE,51.75,657
Rell,SUPPORT,Kha'Zix,JUNGLE,51.21,371
Zilean,SUPPORT,Kha'Zix,JUNGLE,50.75,201
Alistar,SUPPORT,Kha'Zix,JUNGLE,50.47,529
Karma,SUPPORT,Kha'Zix,JUNGLE,50.46,969
Neeko,SUPPORT,Kha'Zix,JUNGLE,50.29,340
Elise,SUPPORT,Kindred,JUNGLE,60.98,41
Thresh,SUPPORT,Kindred,JUNGLE,58.99,217
Seraphine,SUPPORT,Kindred,JUNGLE,57.81,64
Poppy,SUPPORT,Kindred,JUNGLE,57.5,40
Milio,SUPPORT,Kindred,JUNGLE,55.93,118
Braum,SUPPORT,Kindred,JUNGLE,55.6,250
Bard,SUPPORT,Kindred,JUNGLE,55.56,171
Leona,SUPPORT,Kindred,JUNGLE,55.33,150
Alistar,SUPPORT,Kindred,JUNGLE,54.68,139
Pantheon,SUPPORT,Kindred,JUNGLE,53.85,39
Nautilus,SUPPORT,Kindred,JUNGLE,53.71,229
Soraka,SUPPORT,Kindred,JUNGLE,53.61,97
Rakan,SUPPORT,Kindred,JUNGLE,52.46,122
Maokai,SUPPORT,Kindred,JUNGLE,52.38,21
Pyke,SUPPORT,Kindred,JUNGLE,52.29,109
Rell,SUPPORT,Kindred,JUNGLE,52.13,94
Lulu,SUPPORT,Kindred,JUNGLE,51.93,233
Morgana,SUPPORT,Kindred,JUNGLE,51.43,35
Nami,SUPPORT,Kindred,JUNGLE,50.2,253
Zyra,JUNGLE,Kled,TOP,67.86,28
Ivern,JUNGLE,Kled,TOP,65.71,35
Karthus,JUNGLE,Kled,TOP,61.11,36
Elise,JUNGLE,Kled,TOP,59.46,37
Nidalee,JUNGLE,Kled,TOP,57.81,64
Nunu & Willump,JUNGLE,Kled,TOP,57.63,59
Dr. Mundo,JUNGLE,Kled,TOP,56.67,30
Vi,JUNGLE,Kled,TOP,56.41,39
Nocturne,JUNGLE,Kled,TOP,56.25,32
Naafiri,JUNGLE,Kled,TOP,55.56,27
Jarvan IV,JUNGLE,Kled,TOP,55.26,114
Xin Zhao,JUNGLE,Kled,TOP,55.26,38
Rammus,JUNGLE,Kled,TOP,55.0,20
Kha'Zix,JUNGLE,Kled,TOP,54.97,151
Qiyana,JUNGLE,Kled,TOP,54.05,74
Zac,JUNGLE,Kled,TOP,53.45,58
Kindred,JUNGLE,Kled,TOP,51.85,27
Ekko,JUNGLE,Kled,TOP,51.45,138
Talon,JUNGLE,Kled,TOP,50.85,59
Lee Sin,JUNGLE,Kled,TOP,50.27,185
Shaco,JUNGLE,Kled,TOP,50.0,36
Warwick,JUNGLE,Kled,TOP,50.0,16
Ivern,JUNGLE,LeBlanc,MID,67.27,55
Karthus,JUNGLE,LeBlanc,MID,62.96,54
Briar,JUNGLE,LeBlanc,MID,54.9,51
Kindred,JUNGLE,LeBlanc,MID,54.55,88
Zed,JUNGLE,LeBlanc,MID,53.92,204
Zac,JUNGLE,LeBlanc,MID,53.47,101
Graves,JUNGLE,LeBlanc,MID,52.94,187
Naafiri,JUNGLE,LeBlanc,MID,52.87,87
Lee Sin,JUNGLE,LeBlanc,MID,52.04,711
Fiddlesticks,JUNGLE,LeBlanc,MID,52.0,50
Zyra,JUNGLE,LeBlanc,MID,52.0,50
Rek'Sai,JUNGLE,LeBlanc,MID,51.46,171
Rengar,JUNGLE,LeBlanc,MID,51.1,182
Volibear,JUNGLE,LeBlanc,MID,50.81,124
Elise,JUNGLE,LeBlanc,MID,50.79,63
Ekko,JUNGLE,LeBlanc,MID,50.7,215
Jarvan IV,JUNGLE,LeBlanc,MID,50.56,269
Diana,JUNGLE,LeBlanc,MID,50.22,225
Kha'Zix,JUNGLE,LeBlanc,MID,50.13,387
Bel'Veth,JUNGLE,LeBlanc,MID,50.0,78
Evelynn,JUNGLE,LeBlanc,MID,50.0,60
Hecarim,JUNGLE,LeBlanc,MID,50.0,180
Lillia,JUNGLE,LeBlanc,MID,50.0,38
Master Yi,JUNGLE,LeBlanc,MID,50.0,124
Renata Glasc,SUPPORT,Lee Sin,JUNGLE,55.38,130
Elise,SUPPORT,Lee Sin,JUNGLE,55.28,246
Poppy,SUPPORT,Lee Sin,JUNGLE,55.05,218
Leona,SUPPORT,Lee Sin,JUNGLE,54.81,863
Thresh,SUPPORT,Lee Sin,JUNGLE,54.44,1429
Seraphine,SUPPORT,Lee Sin,JUNGLE,54.05,370
Neeko,SUPPORT,Lee Sin,JUNGLE,53.91,562
Senna,SUPPORT,Lee Sin,JUNGLE,53.35,373
Rakan,SUPPORT,Lee Sin,JUNGLE,53.28,792
Alistar,SUPPORT,Lee Sin,JUNGLE,53.1,840
Lux,SUPPORT,Lee Sin,JUNGLE,52.97,219
Sona,SUPPORT,Lee Sin,JUNGLE,52.58,698
Janna,SUPPORT,Lee Sin,JUNGLE,52.28,526
Zilean,SUPPORT,Lee Sin,JUNGLE,52.28,241
Maokai,SUPPORT,Lee Sin,JUNGLE,51.95,154
Braum,SUPPORT,Lee Sin,JUNGLE,51.74,1409
Pyke,SUPPORT,Lee Sin,JUNGLE,51.15,782
Morgana,SUPPORT,Lee Sin,JUNGLE,50.93,214
Taric,SUPPORT,Lee Sin,JUNGLE,50.76,264
Bard,SUPPORT,Lee Sin,JUNGLE,50.43,1156
Milio,SUPPORT,Lee Sin,JUNGLE,50.3,501
Zilean,SUPPORT,Lillia,JUNGLE,66.67,36
Blitzcrank,SUPPORT,Lillia,JUNGLE,58.44,77
Soraka,SUPPORT,Lillia,JUNGLE,56.25,64
Pyke,SUPPORT,Lillia,JUNGLE,56.12,98
Maokai,SUPPORT,Lillia,JUNGLE,55.56,18
Milio,SUPPORT,Lillia,JUNGLE,54.9,102
Janna,SUPPORT,Lillia,JUNGLE,54.29,105
Taric,SUPPORT,Lillia,JUNGLE,54.29,35
Alistar,SUPPORT,Lillia,JUNGLE,54.13,109
Rakan,SUPPORT,Lillia,JUNGLE,53.85,104
Renata Glasc,SUPPORT,Lillia,JUNGLE,53.33,15
Sona,SUPPORT,Lillia,JUNGLE,53.27,107
Rell,SUPPORT,Lillia,JUNGLE,52.7,74
Morgana,SUPPORT,Lillia,JUNGLE,52.63,19
Lux,SUPPORT,Lillia,JUNGLE,50.0,22
Poppy,SUPPORT,Lillia,JUNGLE,50.0,34
Bel'Veth,JUNGLE,Lissandra,MID,58.82,34
Nunu & Willump,JUNGLE,Lissandra,MID,58.06,62
Rek'Sai,JUNGLE,Lissandra,MID,56.12,98
Master Yi,JUNGLE,Lissandra,MID,55.86,111
Evelynn,JUNGLE,Lissandra,MID,55.81,43
Talon,JUNGLE,Lissandra,MID,55.56,135
Hecarim,JUNGLE,Lissandra,MID,54.39,114
Jarvan IV,JUNGLE,Lissandra,MID,53.66,164
Karthus,JUNGLE,Lissandra,MID,52.0,25
Zac,JUNGLE,Lissandra,MID,52.0,75
Graves,JUNGLE,Lissandra,MID,51.92,104
Kindred,JUNGLE,Lissandra,MID,51.85,54
Kha'Zix,JUNGLE,Lissandra,MID,51.82,220
Xin Zhao,JUNGLE,Lissandra,MID,51.67,60
Qiyana,JUNGLE,Lissandra,MID,51.24,121
Viego,JUNGLE,Lissandra,MID,50.96,571
Elise,JUNGLE,Lissandra,MID,50.0,34
Kayn,JUNGLE,Lissandra,MID,50.0,54
Warwick,JUNGLE,Lux,MID,66.67,21
Master Yi,JUNGLE,Lux,MID,65.06,83
Nunu & Willump,JUNGLE,Lux,MID,61.54,52
Rammus,JUNGLE,Lux,MID,60.0,40
Shaco,JUNGLE,Lux,MID,59.62,52
Dr. Mundo,JUNGLE,Lux,MID,58.73,63
Bel'Veth,JUNGLE,Lux,MID,58.62,29
Nidalee,JUNGLE,Lux,MID,56.1,41
Malphite,JUNGLE,Lux,MID,55.36,56
Vi,JUNGLE,Lux,MID,54.72,53
Graves,JUNGLE,Lux,MID,54.08,98
Evelynn,JUNGLE,Lux,MID,54.02,87
Kha'Zix,JUNGLE,Lux,MID,53.6,222
Elise,JUNGLE,Lux,MID,53.49,43
Fiddlesticks,JUNGLE,Lux,MID,52.94,34
Rengar,JUNGLE,Lux,MID,52.53,99
Sejuani,JUNGLE,Lux,MID,52.38,21
Zed,JUNGLE,Lux,MID,52.34,107
Lee Sin,JUNGLE,Lux,MID,51.59,252
Udyr,JUNGLE,Lux,MID,51.43,35
Rek'Sai,JUNGLE,Lux,MID,51.35,74
Hecarim,JUNGLE,Lux,MID,50.0,76
Naafiri,JUNGLE,Lux,MID,50.0,28
Sylas,JUNGLE,Lux,MID,50.0,60
Zilean,SUPPORT,Malphite,JUNGLE,58.62,58
Soraka,SUPPORT,Malphite,JUNGLE,57.41,108
Pantheon,SUPPORT,Malphite,JUNGLE,56.67,30
Rell,SUPPORT,Malphite,JUNGLE,54.35,92
Janna,SUPPORT,Malphite,JUNGLE,52.71,129
Bard,SUPPORT,Malphite,JUNGLE,52.59,135
Taric,SUPPORT,Malphite,JUNGLE,51.85,27
Elise,SUPPORT,Malphite,JUNGLE,51.35,37
Alistar,SUPPORT,Malphite,JUNGLE,50.0,104
Karthus,JUNGLE,Malphite,TOP,55.86,111
Xin Zhao,JUNGLE,Malphite,TOP,53.57,112
Nunu & Willump,JUNGLE,Malphite,TOP,52.47,162
Lillia,JUNGLE,Malphite,TOP,51.95,77
Rek'Sai,JUNGLE,Malphite,TOP,51.38,181
Bel'Veth,JUNGLE,Malphite,TOP,51.02,98
Kha'Zix,JUNGLE,Malphite,TOP,50.82,486
Lee Sin,JUNGLE,Malphite,TOP,50.38,661
Diana,JUNGLE,Malphite,TOP,50.0,542
Elise,JUNGLE,Malphite,TOP,50.0,134
Master Yi,JUNGLE,Malphite,TOP,50.0,190
Nocturne,JUNGLE,Malphite,TOP,50.0,118
Rek'Sai,JUNGLE,Malzahar,MID,58.7,92
Bel'Veth,JUNGLE,Malzahar,MID,57.78,45
Rammus,JUNGLE,Malzahar,MID,57.14,28
Wukong,JUNGLE,Malzahar,MID,57.14,56
Zed,JUNGLE,Malzahar,MID,56.2,137
Zac,JUNGLE,Malzahar,MID,55.56,90
Fiddlesticks,JUNGLE,Malzahar,MID,55.26,38
Qiyana,JUNGLE,Malzahar,MID,54.81,135
Volibear,JUNGLE,Malzahar,MID,53.26,92
Kha'Zix,JUNGLE,Malzahar,MID,52.65,245
Nidalee,JUNGLE,Malzahar,MID,52.54,59
Lee Sin,JUNGLE,Malzahar,MID,51.74,317
Kindred,JUNGLE,Malzahar,MID,51.72,58
Naafiri,JUNGLE,Malzahar,MID,51.52,66
Talon,JUNGLE,Malzahar,MID,51.52,165
Rengar,JUNGLE,Malzahar,MID,51.02,147
Ekko,JUNGLE,Malzahar,MID,50.7,142
Diana,JUNGLE,Malzahar,MID,50.53,188
Poppy,SUPPORT,Master Yi,JUNGLE,62.5,56
Elise,SUPPORT,Master Yi,JUNGLE,60.71,56
Senna,SUPPORT,Master Yi,JUNGLE,58.0,100
Braum,SUPPORT,Master Yi,JUNGLE,56.55,435
Karma,SUPPORT,Master Yi,JUNGLE,56.19,299
Neeko,SUPPORT,Master Yi,JUNGLE,54.55,121
Vel'Koz,SUPPORT,Master Yi,JUNGLE,54.0,50
Leona,SUPPORT,Master Yi,JUNGLE,53.77,199
Sona,SUPPORT,Master Yi,JUNGLE,53.25,246
Pantheon,SUPPORT,Master Yi,JUNGLE,52.27,44
Lulu,SUPPORT,Master Yi,JUNGLE,52.04,465
Maokai,SUPPORT,Master Yi,JUNGLE,51.52,33
Pyke,SUPPORT,Master Yi,JUNGLE,51.52,165
Seraphine,SUPPORT,Master Yi,JUNGLE,51.38,109
Rakan,SUPPORT,Master Yi,JUNGLE,51.35,222
Soraka,SUPPORT,Master Yi,JUNGLE,50.97,155
Milio,SUPPORT,Master Yi,JUNGLE,50.31,163
Morgana,SUPPORT,Master Yi,JUNGLE,50.0,56
Evelynn,JUNGLE,Mel,MID,54.29,35
Amumu,JUNGLE,Mel,MID,52.17,23
Kindred,JUNGLE,Mel,MID,51.56,64
Bel'Veth,JUNGLE,Mel,MID,50.98,51
Lillia,JUNGLE,Mel,MID,50.0,32
Rengar,JUNGLE,Mel,MID,50.0,120
Xin Zhao,JUNGLE,Mel,MID,50.0,56
Karthus,JUNGLE,Mordekaiser,TOP,62.96,27
Bel'Veth,JUNGLE,Mordekaiser,TOP,60.38,53
Shaco,JUNGLE,Mordekaiser,TOP,59.76,82
Rengar,JUNGLE,Mordekaiser,TOP,59.31,145
Briar,JUNGLE,Mordekaiser,TOP,57.89,57
Graves,JUNGLE,Mordekaiser,TOP,57.42,155
Rek'Sai,JUNGLE,Mordekaiser,TOP,57.02,114
Ekko,JUNGLE,Mordekaiser,TOP,56.77,155
Volibear,JUNGLE,Mordekaiser,TOP,55.41,74
Kindred,JUNGLE,Mordekaiser,TOP,55.36,56
Kayn,JUNGLE,Mordekaiser,TOP,54.22,83
Kha'Zix,JUNGLE,Mordekaiser,TOP,53.02,232
Naafiri,JUNGLE,Mordekaiser,TOP,50.98,51
Jarvan IV,JUNGLE,Mordekaiser,TOP,50.8,187
Nunu & Willump,JUNGLE,Mordekaiser,TOP,50.75,67
Diana,JUNGLE,Mordekaiser,TOP,50.31,159
Nidalee,JUNGLE,Mordekaiser,TOP,50.0,50
Sejuani,JUNGLE,Mordekaiser,TOP,50.0,30
Warwick,JUNGLE,Mordekaiser,TOP,50.0,26
Taric,SUPPORT,Naafiri,JUNGLE,66.67,33
Zyra,SUPPORT,Naafiri,JUNGLE,64.71,17
Zilean,SUPPORT,Naafiri,JUNGLE,60.47,43
Thresh,SUPPORT,Naafiri,JUNGLE,58.43,178
Elise,SUPPORT,Naafiri,JUNGLE,55.56,36
Morgana,SUPPORT,Naafiri,JUNGLE,55.56,27
Sona,SUPPORT,Naafiri,JUNGLE,54.61,152
Vel'Koz,SUPPORT,Naafiri,JUNGLE,54.17,24
Alistar,SUPPORT,Naafiri,JUNGLE,53.91,115
Pyke,SUPPORT,Naafiri,JUNGLE,52.58,97
Nami,SUPPORT,Naafiri,JUNGLE,52.0,275
Neeko,SUPPORT,Naafiri,JUNGLE,51.9,79
Janna,SUPPORT,Naafiri,JUNGLE,51.75,114
Lux,SUPPORT,Naafiri,JUNGLE,51.72,29
Karma,SUPPORT,Naafiri,JUNGLE,50.25,201
Leona,SUPPORT,Naafiri,JUNGLE,50.0,100
Nidalee,JUNGLE,Nasus,TOP,64.1,39
Udyr,JUNGLE,Nasus,TOP,63.89,36
Graves,JUNGLE,Nasus,TOP,60.61,66
Lillia,JUNGLE,Nasus,TOP,57.14,35
Jarvan IV,JUNGLE,Nasus,TOP,55.8,138
Rengar,JUNGLE,Nasus,TOP,54.64,97
Zac,JUNGLE,Nasus,TOP,53.57,56
Malphite,JUNGLE,Nasus,TOP,52.5,40
Lee Sin,JUNGLE,Nasus,TOP,52.04,196
Zed,JUNGLE,Nasus,TOP,52.0,75
Diana,JUNGLE,Nasus,TOP,51.56,225
Evelynn,JUNGLE,Nasus,TOP,51.35,37
Ivern,JUNGLE,Nasus,TOP,51.11,45
Ekko,JUNGLE,Nasus,TOP,50.0,192
Naafiri,JUNGLE,Nasus,TOP,50.0,40
Xin Zhao,JUNGLE,Nasus,TOP,50.0,40
Fiddlesticks,JUNGLE,Neeko,MID,81.82,11
Shaco,JUNGLE,Neeko,MID,75.0,20
Naafiri,JUNGLE,Neeko,MID,71.43,7
Graves,JUNGLE,Neeko,MID,64.29,28
Zac,JUNGLE,Neeko,MID,63.64,22
Talon,JUNGLE,Neeko,MID,63.16,38
Rek'Sai,JUNGLE,Neeko,MID,62.96,27
Zed,JUNGLE,Neeko,MID,61.29,31
Nunu & Willump,JUNGLE,Neeko,MID,60.87,23
Rengar,JUNGLE,Neeko,MID,60.0,30
Master Yi,JUNGLE,Neeko,MID,59.09,22
Sylas,JUNGLE,Neeko,MID,59.09,22
Kha'Zix,JUNGLE,Neeko,MID,57.14,70
Trundle,JUNGLE,Neeko,MID,57.14,7
Diana,JUNGLE,Neeko,MID,56.86,51
Malphite,JUNGLE,Neeko,MID,56.25,16
Lillia,JUNGLE,Neeko,MID,55.56,9
Volibear,JUNGLE,Neeko,MID,55.56,18
Jayce,JUNGLE,Neeko,MID,54.43,79
Vi,JUNGLE,Neeko,MID,54.17,24
Nocturne,JUNGLE,Neeko,MID,53.85,13
Viego,JUNGLE,Neeko,MID,53.24,139
Ekko,JUNGLE,Neeko,MID,52.83,53
Jarvan IV,JUNGLE,Neeko,MID,51.16,43
Briar,JUNGLE,Neeko,MID,50.0,16
Dr. Mundo,JUNGLE,Neeko,MID,50.0,20
Lux,SUPPORT,Nidalee,JUNGLE,64.86,37
Leona,SUPPORT,Nidalee,JUNGLE,59.12,318
Thresh,SUPPORT,Nidalee,JUNGLE,56.95,367
Elise,SUPPORT,Nidalee,JUNGLE,56.0,50
Janna,SUPPORT,Nidalee,JUNGLE,55.56,126
Blitzcrank,SUPPORT,Nidalee,JUNGLE,54.94,162
Pyke,SUPPORT,Nidalee,JUNGLE,54.84,186
Alistar,SUPPORT,Nidalee,JUNGLE,54.33,254
Lulu,SUPPORT,Nidalee,JUNGLE,54.14,290
Soraka,SUPPORT,Nidalee,JUNGLE,53.76,93
Poppy,SUPPORT,Nidalee,JUNGLE,53.73,67
Zilean,SUPPORT,Nidalee,JUNGLE,53.45,58
Sona,SUPPORT,Nidalee,JUNGLE,53.33,135
Bard,SUPPORT,Nidalee,JUNGLE,53.1,258
Neeko,SUPPORT,Nidalee,JUNGLE,52.83,106
Braum,SUPPORT,Nidalee,JUNGLE,51.86,430
Rakan,SUPPORT,Nidalee,JUNGLE,51.46,171
Vel'Koz,SUPPORT,Nidalee,JUNGLE,51.43,35
Taric,SUPPORT,Nidalee,JUNGLE,51.11,45
Pantheon,SUPPORT,Nidalee,JUNGLE,50.65,77
Nami,SUPPORT,Nidalee,JUNGLE,50.63,316
Nautilus,SUPPORT,Nidalee,JUNGLE,50.31,491
Renata Glasc,SUPPORT,Nidalee,JUNGLE,50.0,30
Zyra,SUPPORT,Nocturne,JUNGLE,69.23,26
Vel'Koz,SUPPORT,Nocturne,JUNGLE,60.71,28
Poppy,SUPPORT,Nocturne,JUNGLE,58.62,29
Senna,SUPPORT,Nocturne,JUNGLE,56.72,67
Nami,SUPPORT,Nocturne,JUNGLE,55.67,282
Lulu,SUPPORT,Nocturne,JUNGLE,54.17,216
Milio,SUPPORT,Nocturne,JUNGLE,53.54,99
Maokai,SUPPORT,Nocturne,JUNGLE,52.38,21
Renata Glasc,SUPPORT,Nocturne,JUNGLE,52.38,21
Blitzcrank,SUPPORT,Nocturne,JUNGLE,51.76,85
Yuumi,SUPPORT,Nocturne,JUNGLE,51.61,62
Rakan,SUPPORT,Nocturne,JUNGLE,51.15,131
Leona,SUPPORT,Nocturne,JUNGLE,51.05,143
Alistar,SUPPORT,Nocturne,JUNGLE,50.43,115
Janna,SUPPORT,Nocturne,JUNGLE,50.35,141
Bard,SUPPORT,Nocturne,JUNGLE,50.0,154
Pantheon,SUPPORT,Nocturne,JUNGLE,50.0,30
Rell,SUPPORT,Nocturne,JUNGLE,50.0,84
Renata Glasc,SUPPORT,Nunu & Willump,JUNGLE,62.07,29
Yuumi,SUPPORT,Nunu & Willump,JUNGLE,58.54,82
Seraphine,SUPPORT,Nunu & Willump,JUNGLE,56.44,101
Leona,SUPPORT,Nunu & Willump,JUNGLE,55.56,171
Alistar,SUPPORT,Nunu & Willump,JUNGLE,55.19,183
Taric,SUPPORT,Nunu & Willump,JUNGLE,54.1,61
Blitzcrank,SUPPORT,Nunu & Willump,JUNGLE,53.95,152
Poppy,SUPPORT,Nunu & Willump,JUNGLE,53.45,58
Senna,SUPPORT,Nunu & Willump,JUNGLE,53.03,132
Bard,SUPPORT,Nunu & Willump,JUNGLE,52.65,245
Pyke,SUPPORT,Nunu & Willump,JUNGLE,52.55,196
Lulu,SUPPORT,Nunu & Willump,JUNGLE,52.42,351
Rell,SUPPORT,Nunu & Willump,JUNGLE,51.97,152
Rakan,SUPPORT,Nunu & Willump,JUNGLE,51.72,174
Neeko,SUPPORT,Nunu & Willump,JUNGLE,51.55,97
Nami,SUPPORT,Nunu & Willump,JUNGLE,51.01,494
Zilean,SUPPORT,Nunu & Willump,JUNGLE,50.65,77
Lux,SUPPORT,Nunu & Willump,JUNGLE,50.0,46
Morgana,SUPPORT,Nunu & Willump,JUNGLE,50.0,52
Vel'Koz,SUPPORT,Nunu & Willump,JUNGLE,50.0,38
Janna,SUPPORT,Olaf,JUNGLE,73.33,15
Alistar,SUPPORT,Olaf,JUNGLE,70.0,10
Braum,SUPPORT,Olaf,JUNGLE,66.67,12
Soraka,SUPPORT,Olaf,JUNGLE,66.67,6
Blitzcrank,SUPPORT,Olaf,JUNGLE,60.0,5
Leona,SUPPORT,Olaf,JUNGLE,60.0,10
Bard,SUPPORT,Olaf,JUNGLE,57.14,14
Yuumi,SUPPORT,Olaf,JUNGLE,57.14,7
Nami,SUPPORT,Olaf,JUNGLE,56.0,25
Thresh,SUPPORT,Olaf,JUNGLE,54.55,22
Elise,SUPPORT,Olaf,JUNGLE,50.0,4
Pantheon,SUPPORT,Olaf,JUNGLE,50.0,4
Poppy,SUPPORT,Olaf,JUNGLE,50.0,2
Pyke,SUPPORT,Olaf,JUNGLE,50.0,6
Renata Glasc,SUPPORT,Olaf,JUNGLE,50.0,2
Taric,SUPPORT,Olaf,JUNGLE,50.0,4
Vel'Koz,SUPPORT,Olaf,JUNGLE,50.0,2
Zyra,SUPPORT,Olaf,JUNGLE,50.0,4
Rengar,JUNGLE,Orianna,MID,55.96,327
Elise,JUNGLE,Orianna,MID,55.13,78
Rek'Sai,JUNGLE,Orianna,MID,54.78,314
Pantheon,JUNGLE,Orianna,MID,53.52,71
Ivern,JUNGLE,Orianna,MID,53.41,88
Ekko,JUNGLE,Orianna,MID,53.35,373
Kayn,JUNGLE,Orianna,MID,53.17,126
Kindred,JUNGLE,Orianna,MID,53.06,147
Talon,JUNGLE,Orianna,MID,52.16,324
Jarvan IV,JUNGLE,Orianna,MID,52.02,792
Nunu & Willump,JUNGLE,Orianna,MID,51.96,179
Xin Zhao,JUNGLE,Orianna,MID,51.82,247
Lee Sin,JUNGLE,Orianna,MID,51.77,958
Diana,JUNGLE,Orianna,MID,51.36,403
Qiyana,JUNGLE,Orianna,MID,51.19,379
Shaco,JUNGLE,Orianna,MID,51.13,266
Bel'Veth,JUNGLE,Orianna,MID,50.96,104
Zed,JUNGLE,Orianna,MID,50.78,256
Nidalee,JUNGLE,Orianna,MID,50.43,117
Briar,JUNGLE,Orianna,MID,50.0,70
Xin Zhao,JUNGLE,Ornn,TOP,58.33,72
Hecarim,JUNGLE,Ornn,TOP,56.86,153
Kindred,JUNGLE,Ornn,TOP,56.47,85
Sylas,JUNGLE,Ornn,TOP,56.07,107
Rengar,JUNGLE,Ornn,TOP,54.11,231
Talon,JUNGLE,Ornn,TOP,53.7,216
Zac,JUNGLE,Ornn,TOP,53.47,101
Shaco,JUNGLE,Ornn,TOP,53.28,122
Dr. Mundo,JUNGLE,Ornn,TOP,52.94,68
Bel'Veth,JUNGLE,Ornn,TOP,52.78,72
Jayce,JUNGLE,Ornn,TOP,52.59,367
Kha'Zix,JUNGLE,Ornn,TOP,52.57,350
Evelynn,JUNGLE,Ornn,TOP,51.25,80
Malphite,JUNGLE,Ornn,TOP,51.16,43
Kayn,JUNGLE,Ornn,TOP,50.63,79
Elise,JUNGLE,Ornn,TOP,50.0,86
Fiddlesticks,JUNGLE,Ornn,TOP,50.0,70
Lee Sin,JUNGLE,Ornn,TOP,50.0,418
Rek'Sai,JUNGLE,Ornn,TOP,50.0,126
Vel'Koz,SUPPORT,Pantheon,JUNGLE,80.0,10
Janna,SUPPORT,Pantheon,JUNGLE,69.7,33
Zyra,SUPPORT,Pantheon,JUNGLE,66.67,9
Poppy,SUPPORT,Pantheon,JUNGLE,61.11,18
Taric,SUPPORT,Pantheon,JUNGLE,60.0,15
Seraphine,SUPPORT,Pantheon,JUNGLE,58.33,24
Blitzcrank,SUPPORT,Pantheon,JUNGLE,56.1,41
Alistar,SUPPORT,Pantheon,JUNGLE,56.0,50
Thresh,SUPPORT,Pantheon,JUNGLE,55.7,79
Lulu,SUPPORT,Pantheon,JUNGLE,55.56,72
Renata Glasc,SUPPORT,Pantheon,JUNGLE,55.56,9
Sona,SUPPORT,Pantheon,JUNGLE,54.72,53
Braum,SUPPORT,Pantheon,JUNGLE,51.25,80
Soraka,SUPPORT,Pantheon,JUNGLE,50.0,42
Kayn,JUNGLE,Poppy,TOP,75.0,24
Volibear,JUNGLE,Poppy,TOP,67.57,37
Rek'Sai,JUNGLE,Poppy,TOP,62.5,32
Graves,JUNGLE,Poppy,TOP,61.7,47
Lillia,JUNGLE,Poppy,TOP,59.26,27
Shaco,JUNGLE,Poppy,TOP,58.82,34
Ivern,JUNGLE,Poppy,TOP,58.33,24
Nocturne,JUNGLE,Poppy,TOP,57.89,19
Karthus,JUNGLE,Poppy,TOP,56.67,30
Bel'Veth,JUNGLE,Poppy,TOP,55.56,18
Ekko,JUNGLE,Poppy,TOP,54.95,111
Rammus,JUNGLE,Poppy,TOP,54.55,11
Vi,JUNGLE,Poppy,TOP,54.55,33
Nidalee,JUNGLE,Poppy,TOP,53.85,26
Zac,JUNGLE,Poppy,TOP,53.85,39
Nunu & Willump,JUNGLE,Poppy,TOP,53.57,28
Diana,JUNGLE,Poppy,TOP,52.53,99
Fiddlesticks,JUNGLE,Poppy,TOP,52.38,21
Jarvan IV,JUNGLE,Poppy,TOP,52.38,63
Naafiri,JUNGLE,Poppy,TOP,52.38,21
Dr. Mundo,JUNGLE,Poppy,TOP,52.0,25
Evelynn,JUNGLE,Poppy,TOP,52.0,25
Sylas,JUNGLE,Poppy,TOP,51.92,52
Viego,JUNGLE,Poppy,TOP,51.45,173
Elise,JUNGLE,Poppy,TOP,50.0,26
Jayce,JUNGLE,Poppy,TOP,50.0,92
Morgana,SUPPORT,Qiyana,JUNGLE,59.52,84
Janna,SUPPORT,Qiyana,JUNGLE,57.3,267
Pantheon,SUPPORT,Qiyana,JUNGLE,55.91,93
Bard,SUPPORT,Qiyana,JUNGLE,55.61,446
Maokai,SUPPORT,Qiyana,JUNGLE,55.56,54
Pyke,SUPPORT,Qiyana,JUNGLE,54.7,234
Thresh,SUPPORT,Qiyana,JUNGLE,54.28,514
Alistar,SUPPORT,Qiyana,JUNGLE,54.26,352
Rell,SUPPORT,Qiyana,JUNGLE,53.88,245
Senna,SUPPORT,Qiyana,JUNGLE,53.85,130
Lux,SUPPORT,Qiyana,JUNGLE,53.57,84
Taric,SUPPORT,Qiyana,JUNGLE,53.33,120
Tahm Kench,SUPPORT,Qiyana,JUNGLE,53.06,49
Sona,SUPPORT,Qiyana,JUNGLE,52.84,299
Nami,SUPPORT,Qiyana,JUNGLE,52.81,534
Soraka,SUPPORT,Qiyana,JUNGLE,52.27,176
Rakan,SUPPORT,Qiyana,JUNGLE,51.94,310
Neeko,SUPPORT,Qiyana,JUNGLE,51.87,241
Lulu,SUPPORT,Qiyana,JUNGLE,51.7,441
Yuumi,SUPPORT,Qiyana,JUNGLE,51.33,150
Zilean,SUPPORT,Qiyana,JUNGLE,51.0,100
Blitzcrank,SUPPORT,Qiyana,JUNGLE,50.94,212
Poppy,SUPPORT,Qiyana,JUNGLE,50.0,94
Evelynn,JUNGLE,Qiyana,MID,63.64,154
Kindred,JUNGLE,Qiyana,MID,63.64,44
Ivern,JUNGLE,Qiyana,MID,63.04,92
Naafiri,JUNGLE,Qiyana,MID,61.9,42
Rek'Sai,JUNGLE,Qiyana,MID,60.4,101
Karthus,JUNGLE,Qiyana,MID,59.49,195
Ekko,JUNGLE,Qiyana,MID,58.1,630
Bel'Veth,JUNGLE,Qiyana,MID,58.06,62
Zac,JUNGLE,Qiyana,MID,57.32,157
Diana,JUNGLE,Qiyana,MID,56.91,666
Talon,JUNGLE,Qiyana,MID,56.44,101
Elise,JUNGLE,Qiyana,MID,56.4,172
Malphite,JUNGLE,Qiyana,MID,56.34,71
Fiddlesticks,JUNGLE,Qiyana,MID,56.0,125
Lillia,JUNGLE,Qiyana,MID,55.56,144
Zyra,JUNGLE,Qiyana,MID,55.0,100
Xin Zhao,JUNGLE,Qiyana,MID,54.9,51
Jayce,JUNGLE,Qiyana,MID,54.71,170
Nocturne,JUNGLE,Qiyana,MID,53.85,39
Shaco,JUNGLE,Qiyana,MID,53.4,103
Udyr,JUNGLE,Qiyana,MID,53.23,62
Nunu & Willump,JUNGLE,Qiyana,MID,53.05,164
Volibear,JUNGLE,Qiyana,MID,52.86,140
Nidalee,JUNGLE,Qiyana,MID,52.61,230
Wukong,JUNGLE,Qiyana,MID,52.17,46
Lee Sin,JUNGLE,Qiyana,MID,52.06,267
Rengar,JUNGLE,Qiyana,MID,51.94,129
Master Yi,JUNGLE,Qiyana,MID,51.76,85
Kha'Zix,JUNGLE,Qiyana,MID,50.28,177
Evelynn,JUNGLE,Quinn,TOP,75.0,20
Rammus,JUNGLE,Quinn,TOP,66.67,9
Zed,JUNGLE,Quinn,TOP,66.67,30
Shaco,JUNGLE,Quinn,TOP,65.71,35
Bel'Veth,JUNGLE,Quinn,TOP,63.64,11
Sylas,JUNGLE,Quinn,TOP,63.16,38
Fiddlesticks,JUNGLE,Quinn,TOP,60.87,23
Lillia,JUNGLE,Quinn,TOP,60.0,15
Master Yi,JUNGLE,Quinn,TOP,59.26,27
Nidalee,JUNGLE,Quinn,TOP,59.26,27
Elise,JUNGLE,Quinn,TOP,58.33,24
Jarvan IV,JUNGLE,Quinn,TOP,57.14,56
Dr. Mundo,JUNGLE,Quinn,TOP,55.56,27
Kindred,JUNGLE,Quinn,TOP,55.56,9
Hecarim,JUNGLE,Quinn,TOP,53.85,39
Diana,JUNGLE,Quinn,TOP,53.66,123
Lee Sin,JUNGLE,Quinn,TOP,53.4,103
Zac,JUNGLE,Quinn,TOP,52.78,36
Wukong,JUNGLE,Quinn,TOP,52.63,19
Nocturne,JUNGLE,Quinn,TOP,52.38,21
Ekko,JUNGLE,Quinn,TOP,52.27,88
Graves,JUNGLE,Quinn,TOP,52.17,23
Karthus,JUNGLE,Quinn,TOP,50.0,18
Zyra,JUNGLE,Quinn,TOP,50.0,10
Sona,SUPPORT,Rammus,JUNGLE,64.29,98
Senna,SUPPORT,Rammus,JUNGLE,63.89,36
Pyke,SUPPORT,Rammus,JUNGLE,62.71,59
Taric,SUPPORT,Rammus,JUNGLE,61.11,18
Tahm Kench,SUPPORT,Rammus,JUNGLE,60.0,10
Nami,SUPPORT,Rammus,JUNGLE,59.51,163
Bard,SUPPORT,Rammus,JUNGLE,56.47,85
Neeko,SUPPORT,Rammus,JUNGLE,54.55,33
Rakan,SUPPORT,Rammus,JUNGLE,54.55,44
Blitzcrank,SUPPORT,Rammus,JUNGLE,54.39,57
Thresh,SUPPORT,Rammus,JUNGLE,54.02,87
Elise,SUPPORT,Rammus,JUNGLE,53.33,15
Janna,SUPPORT,Rammus,JUNGLE,52.46,61
Lulu,SUPPORT,Rammus,JUNGLE,52.27,88
Braum,SUPPORT,Rammus,JUNGLE,51.32,76
Alistar,SUPPORT,Rammus,JUNGLE,50.0,44
Maokai,SUPPORT,Rek'Sai,JUNGLE,63.27,49
Zyra,SUPPORT,Rek'Sai,JUNGLE,61.54,39
Elise,SUPPORT,Rek'Sai,JUNGLE,60.32,63
Taric,SUPPORT,Rek'Sai,JUNGLE,59.76,82
Braum,SUPPORT,Rek'Sai,JUNGLE,57.7,435
Janna,SUPPORT,Rek'Sai,JUNGLE,57.26,234
Soraka,SUPPORT,Rek'Sai,JUNGLE,56.69,157
Renata Glasc,SUPPORT,Rek'Sai,JUNGLE,56.52,46
Leona,SUPPORT,Rek'Sai,JUNGLE,56.18,251
Lulu,SUPPORT,Rek'Sai,JUNGLE,56.01,441
Pantheon,SUPPORT,Rek'Sai,JUNGLE,55.84,77
Thresh,SUPPORT,Rek'Sai,JUNGLE,54.67,450
Neeko,SUPPORT,Rek'Sai,JUNGLE,54.55,187
Bard,SUPPORT,Rek'Sai,JUNGLE,54.26,352
Poppy,SUPPORT,Rek'Sai,JUNGLE,54.26,94
Zilean,SUPPORT,Rek'Sai,JUNGLE,53.85,78
Vel'Koz,SUPPORT,Rek'Sai,JUNGLE,53.66,41
Rell,SUPPORT,Rek'Sai,JUNGLE,53.45,174
Nautilus,SUPPORT,Rek'Sai,JUNGLE,53.37,489
Alistar,SUPPORT,Rek'Sai,JUNGLE,53.36,283
Seraphine,SUPPORT,Rek'Sai,JUNGLE,53.17,126
Pyke,SUPPORT,Rek'Sai,JUNGLE,53.14,207
Nami,SUPPORT,Rek'Sai,JUNGLE,52.76,525
Blitzcrank,SUPPORT,Rek'Sai,JUNGLE,52.31,195
Karma,SUPPORT,Rek'Sai,JUNGLE,52.26,442
Lux,SUPPORT,Rek'Sai,JUNGLE,52.11,71
Rakan,SUPPORT,Rek'Sai,JUNGLE,51.71,263
Evelynn,JUNGLE,Rek'Sai,TOP,90.0,10
Master Yi,JUNGLE,Rek'Sai,TOP,81.82,11
Nocturne,JUNGLE,Rek'Sai,TOP,80.0,10
Bel'Veth,JUNGLE,Rek'Sai,TOP,72.73,11
Zyra,JUNGLE,Rek'Sai,TOP,71.43,7
Shaco,JUNGLE,Rek'Sai,TOP,68.75,16
Ivern,JUNGLE,Rek'Sai,TOP,66.67,9
Kindred,JUNGLE,Rek'Sai,TOP,66.67,6
Lillia,JUNGLE,Rek'Sai,TOP,66.67,9
Karthus,JUNGLE,Rek'Sai,TOP,63.64,11
Dr. Mundo,JUNGLE,Rek'Sai,TOP,61.54,13
Naafiri,JUNGLE,Rek'Sai,TOP,60.0,10
Sejuani,JUNGLE,Rek'Sai,TOP,60.0,5
Sylas,JUNGLE,Rek'Sai,TOP,60.0,30
Vi,JUNGLE,Rek'Sai,TOP,60.0,10
Wukong,JUNGLE,Rek'Sai,TOP,60.0,5
Qiyana,JUNGLE,Rek'Sai,TOP,59.26,27
Hecarim,JUNGLE,Rek'Sai,TOP,57.89,19
Lee Sin,JUNGLE,Rek'Sai,TOP,57.14,63
Jarvan IV,JUNGLE,Rek'Sai,TOP,56.67,30
Ekko,JUNGLE,Rek'Sai,TOP,56.0,50
Jayce,JUNGLE,Rek'Sai,TOP,55.56,63
Zac,JUNGLE,Rek'Sai,TOP,53.33,15
Rengar,JUNGLE,Rek'Sai,TOP,52.94,17
Zed,JUNGLE,Rek'Sai,TOP,52.94,17
Graves,JUNGLE,Rek'Sai,TOP,50.0,14
Kha'Zix,JUNGLE,Rek'Sai,TOP,50.0,38
Nidalee,JUNGLE,Rek'Sai,TOP,50.0,22
Udyr,JUNGLE,Rek'Sai,TOP,50.0,6
Vi,JUNGLE,Renekton,TOP,56.76,148
Evelynn,JUNGLE,Renekton,TOP,55.91,127
Ivern,JUNGLE,Renekton,TOP,54.24,118
Rengar,JUNGLE,Renekton,TOP,53.51,228
Dr. Mundo,JUNGLE,Renekton,TOP,53.28,137
Udyr,JUNGLE,Renekton,TOP,53.16,79
Zyra,JUNGLE,Renekton,TOP,53.13,96
Volibear,JUNGLE,Renekton,TOP,52.79,197
Zac,JUNGLE,Renekton,TOP,52.71,203
Lee Sin,JUNGLE,Renekton,TOP,52.11,735
Rek'Sai,JUNGLE,Renekton,TOP,51.69,207
Jarvan IV,JUNGLE,Renekton,TOP,51.56,353
Kindred,JUNGLE,Renekton,TOP,51.15,131
Nidalee,JUNGLE,Renekton,TOP,50.58,346
Elise,JUNGLE,Renekton,TOP,50.26,191
Taric,SUPPORT,Rengar,JUNGLE,65.85,82
Neeko,SUPPORT,Rengar,JUNGLE,59.14,186
Leona,SUPPORT,Rengar,JUNGLE,58.7,247
Janna,SUPPORT,Rengar,JUNGLE,57.11,401
Brand,SUPPORT,Rengar,JUNGLE,56.82,44
Elise,SUPPORT,Rengar,JUNGLE,56.79,81
Bard,SUPPORT,Rengar,JUNGLE,56.78,391
Pantheon,SUPPORT,Rengar,JUNGLE,56.52,69
Braum,SUPPORT,Rengar,JUNGLE,55.76,425
Poppy,SUPPORT,Rengar,JUNGLE,55.56,63
Nami,SUPPORT,Rengar,JUNGLE,55.34,730
Thresh,SUPPORT,Rengar,JUNGLE,54.12,449
Renata Glasc,SUPPORT,Rengar,JUNGLE,53.85,52
Blitzcrank,SUPPORT,Rengar,JUNGLE,53.76,186
Lulu,SUPPORT,Rengar,JUNGLE,53.74,454
Alistar,SUPPORT,Rengar,JUNGLE,53.54,297
Sona,SUPPORT,Rengar,JUNGLE,53.25,400
Rakan,SUPPORT,Rengar,JUNGLE,53.21,265
Zyra,SUPPORT,Rengar,JUNGLE,53.19,47
Lux,SUPPORT,Rengar,JUNGLE,51.76,85
Milio,SUPPORT,Rengar,JUNGLE,51.71,292
Nautilus,SUPPORT,Rengar,JUNGLE,51.49,470
Vel'Koz,SUPPORT,Rengar,JUNGLE,51.02,49
Karma,SUPPORT,Rengar,JUNGLE,50.74,471
Soraka,SUPPORT,Rengar,JUNGLE,50.65,231
Morgana,SUPPORT,Rengar,JUNGLE,50.53,95
Zilean,SUPPORT,Rengar,JUNGLE,50.35,141
Senna,SUPPORT,Rengar,JUNGLE,50.0,194
Seraphine,SUPPORT,Rengar,JUNGLE,50.0,128
Briar,JUNGLE,Rengar,TOP,80.0,10
Sejuani,JUNGLE,Rengar,TOP,75.0,8
Skarner,JUNGLE,Rengar,TOP,71.43,7
Elise,JUNGLE,Rengar,TOP,68.75,16
Zyra,JUNGLE,Rengar,TOP,66.67,21
Zac,JUNGLE,Rengar,TOP,64.29,14
Rek'Sai,JUNGLE,Rengar,TOP,62.96,27
Karthus,JUNGLE,Rengar,TOP,62.5,16
Kayn,JUNGLE,Rengar,TOP,60.0,10
Kindred,JUNGLE,Rengar,TOP,60.0,10
Nidalee,JUNGLE,Rengar,TOP,60.0,35
Talon,JUNGLE,Rengar,TOP,58.82,17
Qiyana,JUNGLE,Rengar,TOP,58.06,31
Ekko,JUNGLE,Rengar,TOP,57.38,61
Ivern,JUNGLE,Rengar,TOP,56.67,30
Bel'Veth,JUNGLE,Rengar,TOP,55.56,9
Hecarim,JUNGLE,Rengar,TOP,55.0,20
Jarvan IV,JUNGLE,Rengar,TOP,54.29,35
Dr. Mundo,JUNGLE,Rengar,TOP,53.85,13
Lee Sin,JUNGLE,Rengar,TOP,53.49,86
Kha'Zix,JUNGLE,Rengar,TOP,50.0,38
Xin Zhao,JUNGLE,Rengar,TOP,50.0,12
Kha'Zix,JUNGLE,Riven,TOP,60.49,405
Udyr,JUNGLE,Riven,TOP,60.26,78
Rammus,JUNGLE,Riven,TOP,59.62,52
Fiddlesticks,JUNGLE,Riven,TOP,57.8,109
Nidalee,JUNGLE,Riven,TOP,57.58,132
Dr. Mundo,JUNGLE,Riven,TOP,57.55,139
Volibear,JUNGLE,Riven,TOP,57.14,147
Warwick,JUNGLE,Riven,TOP,56.52,46
Shaco,JUNGLE,Riven,TOP,56.25,144
Rek'Sai,JUNGLE,Riven,TOP,56.1,205
Evelynn,JUNGLE,Riven,TOP,55.77,104
Qiyana,JUNGLE,Riven,TOP,55.45,202
Bel'Veth,JUNGLE,Riven,TOP,55.29,85
Kindred,JUNGLE,Riven,TOP,54.74,95
Zyra,JUNGLE,Riven,TOP,54.72,53
Rengar,JUNGLE,Riven,TOP,54.05,259
Sylas,JUNGLE,Riven,TOP,53.67,177
Wukong,JUNGLE,Riven,TOP,53.19,94
Diana,JUNGLE,Riven,TOP,53.12,561
Lillia,JUNGLE,Riven,TOP,52.88,104
Xin Zhao,JUNGLE,Riven,TOP,52.75,91
Malphite,JUNGLE,Riven,TOP,52.63,76
Zac,JUNGLE,Riven,TOP,52.57,175
Elise,JUNGLE,Riven,TOP,52.1,119
Lee Sin,JUNGLE,Riven,TOP,52.05,415
Vi,JUNGLE,Riven,TOP,52.04,98
Karthus,JUNGLE,Riven,TOP,51.96,102
Talon,JUNGLE,Riven,TOP,51.63,215
Naafiri,JUNGLE,Riven,TOP,51.32,76
Jayce,JUNGLE,Riven,TOP,51.31,343
Nocturne,JUNGLE,Riven,TOP,50.6,83
Nunu & Willump,JUNGLE,Riven,TOP,50.55,182
Ivern,JUNGLE,Rumble,TOP,64.81,54
Sylas,JUNGLE,Rumble,TOP,61.9,84
Rengar,JUNGLE,Rumble,TOP,60.78,255
Rek'Sai,JUNGLE,Rumble,TOP,60.61,264
Bel'Veth,JUNGLE,Rumble,TOP,58.43,89
Nidalee,JUNGLE,Rumble,TOP,58.33,84
Zyra,JUNGLE,Rumble,TOP,58.33,48
Sejuani,JUNGLE,Rumble,TOP,56.25,48
Zac,JUNGLE,Rumble,TOP,56.19,105
Elise,JUNGLE,Rumble,TOP,55.77,52
Master Yi,JUNGLE,Rumble,TOP,54.71,170
Shaco,JUNGLE,Rumble,TOP,54.46,112
Kayn,JUNGLE,Rumble,TOP,54.22,83
Briar,JUNGLE,Rumble,TOP,53.45,58
Kha'Zix,JUNGLE,Rumble,TOP,52.83,477
Hecarim,JUNGLE,Rumble,TOP,52.78,180
Graves,JUNGLE,Rumble,TOP,52.58,194
Qiyana,JUNGLE,Rumble,TOP,52.17,345
Jayce,JUNGLE,Rumble,TOP,51.74,603
Xin Zhao,JUNGLE,Rumble,TOP,51.38,181
Viego,JUNGLE,Rumble,TOP,51.27,868
Ekko,JUNGLE,Rumble,TOP,51.14,176
Volibear,JUNGLE,Rumble,TOP,50.54,93
Lee Sin,JUNGLE,Rumble,TOP,50.33,757
Malphite,JUNGLE,Rumble,TOP,50.0,70
Nunu & Willump,JUNGLE,Rumble,TOP,50.0,88
Rek'Sai,JUNGLE,Ryze,MID,55.06,474
Nidalee,JUNGLE,Ryze,MID,54.55,242
Shaco,JUNGLE,Ryze,MID,54.1,268
Kindred,JUNGLE,Ryze,MID,52.61,211
Hecarim,JUNGLE,Ryze,MID,52.53,375
Evelynn,JUNGLE,Ryze,MID,52.34,128
Ivern,JUNGLE,Ryze,MID,51.81,166
Jarvan IV,JUNGLE,Ryze,MID,51.73,721
Qiyana,JUNGLE,Ryze,MID,51.56,640
Nunu & Willump,JUNGLE,Ryze,MID,51.38,218
Rengar,JUNGLE,Ryze,MID,51.35,446
Dr. Mundo,JUNGLE,Ryze,MID,50.8,250
Zac,JUNGLE,Ryze,MID,50.77,260
Volibear,JUNGLE,Ryze,MID,50.63,239
Lee Sin,JUNGLE,Ryze,MID,50.0,1568
Wukong,JUNGLE,Ryze,MID,50.0,156
Zyra,SUPPORT,Sejuani,JUNGLE,66.67,12
Soraka,SUPPORT,Sejuani,JUNGLE,64.44,45
Senna,SUPPORT,Sejuani,JUNGLE,62.07,29
Alistar,SUPPORT,Sejuani,JUNGLE,60.0,50
Pantheon,SUPPORT,Sejuani,JUNGLE,60.0,15
Sona,SUPPORT,Sejuani,JUNGLE,59.7,67
Lux,SUPPORT,Sejuani,JUNGLE,52.94,17
Blitzcrank,SUPPORT,Sejuani,JUNGLE,52.17,46
Lulu,SUPPORT,Sejuani,JUNGLE,52.07,121
Karma,SUPPORT,Sejuani,JUNGLE,51.55,97
Pyke,SUPPORT,Sejuani,JUNGLE,51.06,47
Milio,SUPPORT,Sejuani,JUNGLE,51.02,49
Thresh,SUPPORT,Sejuani,JUNGLE,50.94,106
Poppy,SUPPORT,Sejuani,JUNGLE,50.0,12
Vel'Koz,SUPPORT,Sejuani,JUNGLE,50.0,12
Amumu,JUNGLE,Sett,TOP,69.57,23
Elise,JUNGLE,Sett,TOP,64.91,57
Warwick,JUNGLE,Sett,TOP,59.09,22
Kindred,JUNGLE,Sett,TOP,55.56,45
Nidalee,JUNGLE,Sett,TOP,55.36,56
Ekko,JUNGLE,Sett,TOP,55.04,238
Udyr,JUNGLE,Sett,TOP,54.55,33
Graves,JUNGLE,Sett,TOP,52.63,76
Evelynn,JUNGLE,Sett,TOP,52.08,48
Volibear,JUNGLE,Sett,TOP,51.85,81
Jarvan IV,JUNGLE,Sett,TOP,51.66,151
Vi,JUNGLE,Sett,TOP,51.61,62
Rek'Sai,JUNGLE,Sett,TOP,51.35,74
Ivern,JUNGLE,Sett,TOP,50.77,65
Rengar,JUNGLE,Sett,TOP,50.48,105
Master Yi,JUNGLE,Sett,TOP,50.0,78
Nunu & Willump,JUNGLE,Sett,TOP,50.0,66
Qiyana,JUNGLE,Sett,TOP,50.0,102
Renata Glasc,SUPPORT,Shaco,JUNGLE,62.86,35
Vel'Koz,SUPPORT,Shaco,JUNGLE,61.54,39
Morgana,SUPPORT,Shaco,JUNGLE,60.66,61
Tahm Kench,SUPPORT,Shaco,JUNGLE,60.61,33
Neeko,SUPPORT,Shaco,JUNGLE,59.43,106
Soraka,SUPPORT,Shaco,JUNGLE,59.4,133
Elise,SUPPORT,Shaco,JUNGLE,58.33,48
Sona,SUPPORT,Shaco,JUNGLE,57.14,245
Rell,SUPPORT,Shaco,JUNGLE,55.56,144
Nami,SUPPORT,Shaco,JUNGLE,54.4,443
Karma,SUPPORT,Shaco,JUNGLE,54.19,310
Seraphine,SUPPORT,Shaco,JUNGLE,54.1,61
Blitzcrank,SUPPORT,Shaco,JUNGLE,53.57,140
Alistar,SUPPORT,Shaco,JUNGLE,53.49,172
Rakan,SUPPORT,Shaco,JUNGLE,53.3,182
Zilean,SUPPORT,Shaco,JUNGLE,53.13,64
Thresh,SUPPORT,Shaco,JUNGLE,53.01,332
Leona,SUPPORT,Shaco,JUNGLE,51.59,157
Braum,SUPPORT,Shaco,JUNGLE,51.43,315
Lulu,SUPPORT,Shaco,JUNGLE,51.26,318
Nautilus,SUPPORT,Shaco,JUNGLE,51.07,327
Poppy,SUPPORT,Shaco,JUNGLE,50.94,53
Lux,SUPPORT,Shaco,JUNGLE,50.0,54
Taric,SUPPORT,Shaco,JUNGLE,50.0,62
Zyra,JUNGLE,Shen,TOP,66.67,45
Zac,JUNGLE,Shen,TOP,65.45,110
Nocturne,JUNGLE,Shen,TOP,60.47,86
Hecarim,JUNGLE,Shen,TOP,60.29,136
Kindred,JUNGLE,Shen,TOP,59.74,77
Rek'Sai,JUNGLE,Shen,TOP,58.97,117
Dr. Mundo,JUNGLE,Shen,TOP,58.33,84
Rengar,JUNGLE,Shen,TOP,56.65,173
Lee Sin,JUNGLE,Shen,TOP,56.1,385
Shaco,JUNGLE,Shen,TOP,55.67,97
Fiddlesticks,JUNGLE,Shen,TOP,55.56,72
Talon,JUNGLE,Shen,TOP,55.42,166
Wukong,JUNGLE,Shen,TOP,55.17,58
Master Yi,JUNGLE,Shen,TOP,54.89,133
Diana,JUNGLE,Shen,TOP,54.22,308
Bel'Veth,JUNGLE,Shen,TOP,53.7,54
Qiyana,JUNGLE,Shen,TOP,53.61,166
Volibear,JUNGLE,Shen,TOP,53.0,100
Sylas,JUNGLE,Shen,TOP,52.63,114
Nidalee,JUNGLE,Shen,TOP,52.53,99
Ekko,JUNGLE,Shen,TOP,51.75,286
Jarvan IV,JUNGLE,Shen,TOP,51.67,209
Vi,JUNGLE,Shen,TOP,51.32,76
Xin Zhao,JUNGLE,Shen,TOP,51.25,80
Nunu & Willump,JUNGLE,Shen,TOP,50.54,93
Morgana,SUPPORT,Shyvana,JUNGLE,83.33,6
Elise,SUPPORT,Shyvana,JUNGLE,80.0,5
Neeko,SUPPORT,Shyvana,JUNGLE,66.67,12
Zilean,SUPPORT,Shyvana,JUNGLE,66.67,9
Alistar,SUPPORT,Shyvana,JUNGLE,58.33,24
Blitzcrank,SUPPORT,Shyvana,JUNGLE,57.89,19
Rakan,SUPPORT,Shyvana,JUNGLE,55.56,9
Rell,SUPPORT,Shyvana,JUNGLE,55.56,18
Pyke,SUPPORT,Shyvana,JUNGLE,52.94,17
Milio,SUPPORT,Shyvana,JUNGLE,50.0,20
Sona,SUPPORT,Shyvana,JUNGLE,50.0,32
Taric,SUPPORT,Shyvana,JUNGLE,50.0,12
Evelynn,JUNGLE,Singed,TOP,66.67,36
Fiddlesticks,JUNGLE,Singed,TOP,66.0,50
Nidalee,JUNGLE,Singed,TOP,61.29,62
Vi,JUNGLE,Singed,TOP,61.18,85
Rammus,JUNGLE,Singed,TOP,60.61,33
Kayn,JUNGLE,Singed,TOP,58.82,85
Shaco,JUNGLE,Singed,TOP,58.21,67
Rek'Sai,JUNGLE,Singed,TOP,57.55,106
Master Yi,JUNGLE,Singed,TOP,55.95,84
Ivern,JUNGLE,Singed,TOP,55.32,47
Diana,JUNGLE,Singed,TOP,54.74,190
Jarvan IV,JUNGLE,Singed,TOP,53.89,193
Graves,JUNGLE,Singed,TOP,52.38,105
Dr. Mundo,JUNGLE,Singed,TOP,52.24,67
Lee Sin,JUNGLE,Singed,TOP,52.19,389
Rengar,JUNGLE,Singed,TOP,51.85,162
Qiyana,JUNGLE,Singed,TOP,51.72,116
Talon,JUNGLE,Singed,TOP,51.67,120
Naafiri,JUNGLE,Singed,TOP,51.16,43
Kindred,JUNGLE,Singed,TOP,50.91,55
Kha'Zix,JUNGLE,Singed,TOP,50.38,266
Briar,JUNGLE,Singed,TOP,50.0,34
Lillia,JUNGLE,Singed,TOP,50.0,34
Udyr,JUNGLE,Singed,TOP,50.0,42
Volibear,JUNGLE,Singed,TOP,50.0,88
Volibear,JUNGLE,Sion,TOP,55.12,127
Rengar,JUNGLE,Sion,TOP,54.79,188
Zyra,JUNGLE,Sion,TOP,53.33,75
Nunu & Willump,JUNGLE,Sion,TOP,53.21,109
Karthus,JUNGLE,Sion,TOP,52.83,106
Evelynn,JUNGLE,Sion,TOP,52.5,80
Shaco,JUNGLE,Sion,TOP,52.0,125
Elise,JUNGLE,Sion,TOP,51.89,106
Diana,JUNGLE,Sion,TOP,51.18,422
Talon,JUNGLE,Sion,TOP,50.5,202
Zed,JUNGLE,Sion,TOP,50.26,189
Lillia,JUNGLE,Sion,TOP,50.0,76
Poppy,SUPPORT,Skarner,JUNGLE,77.78,9
Zyra,SUPPORT,Skarner,JUNGLE,75.0,8
Neeko,SUPPORT,Skarner,JUNGLE,69.57,23
Seraphine,SUPPORT,Skarner,JUNGLE,69.23,26
Senna,SUPPORT,Skarner,JUNGLE,67.74,31
Pyke,SUPPORT,Skarner,JUNGLE,63.33,30
Renata Glasc,SUPPORT,Skarner,JUNGLE,62.5,8
Karma,SUPPORT,Skarner,JUNGLE,59.38,64
Nautilus,SUPPORT,Skarner,JUNGLE,58.33,60
Zilean,SUPPORT,Skarner,JUNGLE,57.14,14
Lux,SUPPORT,Skarner,JUNGLE,54.55,11
Janna,SUPPORT,Skarner,JUNGLE,54.35,46
Milio,SUPPORT,Skarner,JUNGLE,53.85,39
Braum,SUPPORT,Skarner,JUNGLE,53.75,80
Soraka,SUPPORT,Skarner,JUNGLE,52.0,25
Bard,SUPPORT,Skarner,JUNGLE,50.0,58
Leona,SUPPORT,Skarner,JUNGLE,50.0,18
Pantheon,SUPPORT,Skarner,JUNGLE,50.0,6
Rakan,SUPPORT,Skarner,JUNGLE,50.0,50
Taric,SUPPORT,Skarner,JUNGLE,50.0,16
Fiddlesticks,JUNGLE,Swain,MID,64.29,14
Briar,JUNGLE,Swain,MID,60.87,23
Zed,JUNGLE,Swain,MID,59.02,61
Evelynn,JUNGLE,Swain,MID,58.82,17
Zac,JUNGLE,Swain,MID,58.82,34
Kindred,JUNGLE,Swain,MID,58.33,36
Rek'Sai,JUNGLE,Swain,MID,57.89,57
Rengar,JUNGLE,Swain,MID,57.63,59
Kayn,JUNGLE,Swain,MID,57.58,33
Volibear,JUNGLE,Swain,MID,56.41,39
Qiyana,JUNGLE,Swain,MID,55.36,56
Kha'Zix,JUNGLE,Swain,MID,55.17,145
Diana,JUNGLE,Swain,MID,53.19,94
Bel'Veth,JUNGLE,Swain,MID,52.0,25
Dr. Mundo,JUNGLE,Swain,MID,51.61,31
Naafiri,JUNGLE,Swain,MID,51.52,33
Lee Sin,JUNGLE,Swain,MID,50.37,135
Shaco,JUNGLE,Swain,MID,50.0,38
Skarner,JUNGLE,Swain,MID,50.0,14
Wukong,JUNGLE,Swain,MID,50.0,26
Lux,SUPPORT,Sylas,JUNGLE,65.85,41
Zilean,SUPPORT,Sylas,JUNGLE,59.74,77
Bard,SUPPORT,Sylas,JUNGLE,57.23,311
Maokai,SUPPORT,Sylas,JUNGLE,54.29,35
Braum,SUPPORT,Sylas,JUNGLE,53.71,458
Morgana,SUPPORT,Sylas,JUNGLE,53.62,69
Sona,SUPPORT,Sylas,JUNGLE,53.2,203
Soraka,SUPPORT,Sylas,JUNGLE,52.86,140
Janna,SUPPORT,Sylas,JUNGLE,52.13,211
Alistar,SUPPORT,Sylas,JUNGLE,51.9,289
Senna,SUPPORT,Sylas,JUNGLE,51.52,132
Nami,SUPPORT,Sylas,JUNGLE,50.86,464
Elise,SUPPORT,Sylas,JUNGLE,50.0,60
Pantheon,SUPPORT,Sylas,JUNGLE,50.0,84
Rakan,SUPPORT,Sylas,JUNGLE,50.0,216
Taric,SUPPORT,Sylas,JUNGLE,50.0,80
Karthus,JUNGLE,Sylas,MID,63.75,80
Elise,JUNGLE,Sylas,MID,58.18,110
Kindred,JUNGLE,Sylas,MID,56.21,153
Talon,JUNGLE,Sylas,MID,54.19,382
Udyr,JUNGLE,Sylas,MID,53.95,76
Shaco,JUNGLE,Sylas,MID,53.81,197
Volibear,JUNGLE,Sylas,MID,53.59,181
Rengar,JUNGLE,Sylas,MID,53.33,315
Nunu & Willump,JUNGLE,Sylas,MID,52.6,154
Rek'Sai,JUNGLE,Sylas,MID,51.94,310
Dr. Mundo,JUNGLE,Sylas,MID,51.8,139
Qiyana,JUNGLE,Sylas,MID,51.63,337
Kayn,JUNGLE,Sylas,MID,51.11,135
Ivern,JUNGLE,Sylas,MID,50.91,110
Zac,JUNGLE,Sylas,MID,50.84,179
Naafiri,JUNGLE,Sylas,MID,50.69,144
Zyra,JUNGLE,Sylas,MID,50.57,87
Master Yi,JUNGLE,Sylas,MID,50.21,243
Nocturne,JUNGLE,Sylas,MID,50.0,120
Rek'Sai,JUNGLE,Syndra,MID,57.4,277
Briar,JUNGLE,Syndra,MID,56.7,97
Vi,JUNGLE,Syndra,MID,56.07,173
Ivern,JUNGLE,Syndra,MID,55.77,104
Bel'Veth,JUNGLE,Syndra,MID,54.7,117
Dr. Mundo,JUNGLE,Syndra,MID,54.11,207
Rengar,JUNGLE,Syndra,MID,52.65,340
Pantheon,JUNGLE,Syndra,MID,52.54,59
Sejuani,JUNGLE,Syndra,MID,52.54,59
Warwick,JUNGLE,Syndra,MID,52.54,59
Nunu & Willump,JUNGLE,Syndra,MID,52.32,151
Shaco,JUNGLE,Syndra,MID,51.89,185
Kayn,JUNGLE,Syndra,MID,51.82,137
Master Yi,JUNGLE,Syndra,MID,51.53,196
Ekko,JUNGLE,Syndra,MID,51.08,415
Kha'Zix,JUNGLE,Syndra,MID,50.8,687
Diana,JUNGLE,Syndra,MID,50.66,452
Jayce,JUNGLE,Syndra,MID,50.63,638
Lee Sin,JUNGLE,Syndra,MID,50.62,810
Nidalee,JUNGLE,Syndra,MID,50.41,123
Zyra,JUNGLE,Taliyah,MID,63.89,36
Zac,JUNGLE,Taliyah,MID,60.82,97
Malphite,JUNGLE,Taliyah,MID,60.53,76
Rengar,JUNGLE,Taliyah,MID,60.24,166
Evelynn,JUNGLE,Taliyah,MID,58.82,51
Nidalee,JUNGLE,Taliyah,MID,55.71,70
Talon,JUNGLE,Taliyah,MID,55.38,186
Jarvan IV,JUNGLE,Taliyah,MID,54.51,277
Xin Zhao,JUNGLE,Taliyah,MID,53.54,127
Nunu & Willump,JUNGLE,Taliyah,MID,53.33,90
Shaco,JUNGLE,Taliyah,MID,52.94,102
Kindred,JUNGLE,Taliyah,MID,52.33,86
Elise,JUNGLE,Taliyah,MID,52.24,67
Rek'Sai,JUNGLE,Taliyah,MID,51.96,179
Wukong,JUNGLE,Taliyah,MID,51.35,74
Jayce,JUNGLE,Taliyah,MID,51.18,422
Pantheon,JUNGLE,Taliyah,MID,51.06,94
Volibear,JUNGLE,Taliyah,MID,50.77,130
Diana,JUNGLE,Taliyah,MID,50.49,206
Master Yi,JUNGLE,Taliyah,MID,50.45,111
Lee Sin,JUNGLE,Taliyah,MID,50.39,516
Ekko,JUNGLE,Taliyah,MID,50.0,228
Naafiri,JUNGLE,Taliyah,MID,50.0,64
Udyr,JUNGLE,Taliyah,MID,50.0,46
Warwick,JUNGLE,Taliyah,MID,50.0,40
Taric,SUPPORT,Talon,JUNGLE,58.16,98
Elise,SUPPORT,Talon,JUNGLE,55.56,117
Senna,SUPPORT,Talon,JUNGLE,55.19,183
Soraka,SUPPORT,Talon,JUNGLE,55.16,223
Janna,SUPPORT,Talon,JUNGLE,54.1,366
Poppy,SUPPORT,Talon,JUNGLE,53.33,90
Nami,SUPPORT,Talon,JUNGLE,53.21,654
Yuumi,SUPPORT,Talon,JUNGLE,53.07,179
Blitzcrank,SUPPORT,Talon,JUNGLE,52.82,248
Lulu,SUPPORT,Talon,JUNGLE,52.17,552
Rakan,SUPPORT,Talon,JUNGLE,52.0,325
Braum,SUPPORT,Talon,JUNGLE,51.64,519
Sona,SUPPORT,Talon,JUNGLE,51.47,375
Nautilus,SUPPORT,Talon,JUNGLE,51.23,570
Leona,SUPPORT,Talon,JUNGLE,50.71,280
Thresh,SUPPORT,Talon,JUNGLE,50.63,474
Vel'Koz,SUPPORT,Talon,JUNGLE,50.55,91
Morgana,SUPPORT,Talon,JUNGLE,50.0,82
Bel'Veth,JUNGLE,Talon,MID,68.0,25
Karthus,JUNGLE,Talon,MID,64.71,187
Dr. Mundo,JUNGLE,Talon,MID,62.71,59
Evelynn,JUNGLE,Talon,MID,60.53,76
Qiyana,JUNGLE,Talon,MID,59.32,59
Kayn,JUNGLE,Talon,MID,59.26,27
Zyra,JUNGLE,Talon,MID,59.18,98
Nidalee,JUNGLE,Talon,MID,58.33,204
Nunu & Willump,JUNGLE,Talon,MID,57.69,78
Wukong,JUNGLE,Talon,MID,57.14,28
Kindred,JUNGLE,Talon,MID,56.67,30
Jarvan IV,JUNGLE,Talon,MID,55.56,81
Elise,JUNGLE,Talon,MID,55.15,136
Zac,JUNGLE,Talon,MID,54.9,102
Kha'Zix,JUNGLE,Talon,MID,54.78,115
Xin Zhao,JUNGLE,Talon,MID,54.55,33
Graves,JUNGLE,Talon,MID,54.17,48
Zed,JUNGLE,Talon,MID,53.19,47
Lee Sin,JUNGLE,Talon,MID,52.82,195
Sejuani,JUNGLE,Talon,MID,52.0,25
Udyr,JUNGLE,Talon,MID,51.85,27
Ivern,JUNGLE,Talon,MID,51.22,41
Lillia,JUNGLE,Talon,MID,51.06,94
Viego,JUNGLE,Talon,MID,50.68,219
Fiddlesticks,JUNGLE,Talon,MID,50.57,87
Rek'Sai,JUNGLE,Talon,MID,50.0,60
Elise,JUNGLE,Teemo,TOP,81.25,16
Nidalee,JUNGLE,Teemo,TOP,66.67,21
Nocturne,JUNGLE,Teemo,TOP,64.71,17
Rammus,JUNGLE,Teemo,TOP,63.64,11
Talon,JUNGLE,Teemo,TOP,62.35,85
Fiddlesticks,JUNGLE,Teemo,TOP,58.33,12
Sejuani,JUNGLE,Teemo,TOP,58.33,12
Ivern,JUNGLE,Teemo,TOP,57.89,38
Xin Zhao,JUNGLE,Teemo,TOP,57.14,28
Udyr,JUNGLE,Teemo,TOP,56.52,23
Master Yi,JUNGLE,Teemo,TOP,55.56,36
Jayce,JUNGLE,Teemo,TOP,55.21,96
Rek'Sai,JUNGLE,Teemo,TOP,55.0,40
Diana,JUNGLE,Teemo,TOP,54.44,90
Nunu & Willump,JUNGLE,Teemo,TOP,54.29,35
Lee Sin,JUNGLE,Teemo,TOP,53.61,166
Jarvan IV,JUNGLE,Teemo,TOP,51.76,85
Volibear,JUNGLE,Teemo,TOP,51.43,35
Bel'Veth,JUNGLE,Teemo,TOP,50.0,28
Dr. Mundo,JUNGLE,Teemo,TOP,50.0,32
Evelynn,JUNGLE,Teemo,TOP,50.0,16
Rengar,JUNGLE,Teemo,TOP,50.0,66
Wukong,JUNGLE,Teemo,TOP,50.0,24
Wukong,JUNGLE,Tristana,MID,70.0,10
Rammus,JUNGLE,Tristana,MID,66.67,9
Zac,JUNGLE,Tristana,MID,62.79,43
Xin Zhao,JUNGLE,Tristana,MID,61.54,13
Rengar,JUNGLE,Tristana,MID,59.09,22
Talon,JUNGLE,Tristana,MID,58.82,17
Jarvan IV,JUNGLE,Tristana,MID,58.7,46
Dr. Mundo,JUNGLE,Tristana,MID,57.89,19
Zyra,JUNGLE,Tristana,MID,57.69,26
Elise,JUNGLE,Tristana,MID,57.14,28
Shaco,JUNGLE,Tristana,MID,53.57,28
Lillia,JUNGLE,Tristana,MID,52.94,17
Diana,JUNGLE,Tristana,MID,52.21,113
Nunu & Willump,JUNGLE,Tristana,MID,52.08,48
Evelynn,JUNGLE,Tristana,MID,51.35,37
Nocturne,JUNGLE,Tristana,MID,50.0,8
Qiyana,JUNGLE,Tristana,MID,50.0,16
Morgana,SUPPORT,Trundle,JUNGLE,75.0,8
Leona,SUPPORT,Trundle,JUNGLE,61.9,21
Sona,SUPPORT,Trundle,JUNGLE,58.97,39
Braum,SUPPORT,Trundle,JUNGLE,58.06,31
Thresh,SUPPORT,Trundle,JUNGLE,56.52,46
Soraka,SUPPORT,Trundle,JUNGLE,54.55,11
Pyke,SUPPORT,Trundle,JUNGLE,53.85,26
Milio,SUPPORT,Trundle,JUNGLE,52.63,19
Pantheon,SUPPORT,Trundle,JUNGLE,50.0,4
Karthus,JUNGLE,Tryndamere,TOP,74.55,55
Fiddlesticks,JUNGLE,Tryndamere,TOP,63.64,33
Amumu,JUNGLE,Tryndamere,TOP,62.5,16
Volibear,JUNGLE,Tryndamere,TOP,62.5,48
Graves,JUNGLE,Tryndamere,TOP,61.02,59
Rengar,JUNGLE,Tryndamere,TOP,58.49,53
Sylas,JUNGLE,Tryndamere,TOP,56.96,79
Ivern,JUNGLE,Tryndamere,TOP,55.88,34
Diana,JUNGLE,Tryndamere,TOP,55.09,167
Elise,JUNGLE,Tryndamere,TOP,54.55,33
Nocturne,JUNGLE,Tryndamere,TOP,54.29,35
Zyra,JUNGLE,Tryndamere,TOP,53.57,28
Pantheon,JUNGLE,Tryndamere,TOP,53.33,15
Zed,JUNGLE,Tryndamere,TOP,52.0,75
Malphite,JUNGLE,Tryndamere,TOP,51.85,27
Xin Zhao,JUNGLE,Tryndamere,TOP,51.52,33
Qiyana,JUNGLE,Tryndamere,TOP,50.65,77
Lillia,JUNGLE,Tryndamere,TOP,50.0,26
Talon,JUNGLE,Tryndamere,TOP,50.0,68
Vi,JUNGLE,Tryndamere,TOP,50.0,32
Udyr,JUNGLE,Twisted Fate,MID,57.89,57
Naafiri,JUNGLE,Twisted Fate,MID,57.45,94
Pantheon,JUNGLE,Twisted Fate,MID,57.41,54
Rek'Sai,JUNGLE,Twisted Fate,MID,56.89,225
Kindred,JUNGLE,Twisted Fate,MID,56.72,134
Nocturne,JUNGLE,Twisted Fate,MID,56.31,103
Master Yi,JUNGLE,Twisted Fate,MID,55.72,201
Briar,JUNGLE,Twisted Fate,MID,55.36,56
Lee Sin,JUNGLE,Twisted Fate,MID,55.26,941
Jarvan IV,JUNGLE,Twisted Fate,MID,54.88,328
Shaco,JUNGLE,Twisted Fate,MID,54.88,164
Elise,JUNGLE,Twisted Fate,MID,54.76,84
Qiyana,JUNGLE,Twisted Fate,MID,54.52,310
Kayn,JUNGLE,Twisted Fate,MID,54.37,103
Nidalee,JUNGLE,Twisted Fate,MID,54.21,190
Zyra,JUNGLE,Twisted Fate,MID,53.85,52
Bel'Veth,JUNGLE,Twisted Fate,MID,53.06,98
Rengar,JUNGLE,Twisted Fate,MID,53.03,198
Ekko,JUNGLE,Twisted Fate,MID,52.92,325
Jayce,JUNGLE,Twisted Fate,MID,52.1,643
Karthus,JUNGLE,Twisted Fate,MID,52.05,73
Lillia,JUNGLE,Twisted Fate,MID,52.0,50
Talon,JUNGLE,Twisted Fate,MID,51.9,289
Kha'Zix,JUNGLE,Twisted Fate,MID,51.66,511
Evelynn,JUNGLE,Twisted Fate,MID,51.04,96
Zac,JUNGLE,Twisted Fate,MID,50.76,132
Ivern,JUNGLE,Twisted Fate,MID,50.75,67
Pantheon,SUPPORT,Udyr,JUNGLE,63.16,19
Rell,SUPPORT,Udyr,JUNGLE,62.75,51
Taric,SUPPORT,Udyr,JUNGLE,58.82,17
Sona,SUPPORT,Udyr,JUNGLE,57.34,143
Zilean,SUPPORT,Udyr,JUNGLE,55.81,43
Soraka,SUPPORT,Udyr,JUNGLE,53.85,65
Vel'Koz,SUPPORT,Udyr,JUNGLE,53.85,13
Pyke,SUPPORT,Udyr,JUNGLE,53.49,86
Nami,SUPPORT,Udyr,JUNGLE,53.14,207
Renata Glasc,SUPPORT,Udyr,JUNGLE,52.94,17
Blitzcrank,SUPPORT,Udyr,JUNGLE,52.73,55
Janna,SUPPORT,Udyr,JUNGLE,52.08,96
Thresh,SUPPORT,Udyr,JUNGLE,52.03,123
Karma,SUPPORT,Udyr,JUNGLE,51.83,164
Braum,SUPPORT,Udyr,JUNGLE,50.44,113
Elise,SUPPORT,Udyr,JUNGLE,50.0,12
Vi,JUNGLE,Urgot,TOP,65.52,58
Lee Sin,JUNGLE,Urgot,TOP,59.2,299
Rek'Sai,JUNGLE,Urgot,TOP,58.72,109
Shaco,JUNGLE,Urgot,TOP,57.69,78
Karthus,JUNGLE,Urgot,TOP,57.58,66
Nidalee,JUNGLE,Urgot,TOP,57.14,77
Zac,JUNGLE,Urgot,TOP,56.55,145
Master Yi,JUNGLE,Urgot,TOP,56.18,89
Qiyana,JUNGLE,Urgot,TOP,56.1,123
Dr. Mundo,JUNGLE,Urgot,TOP,55.41,74
Talon,JUNGLE,Urgot,TOP,54.7,117
Ekko,JUNGLE,Urgot,TOP,54.22,249
Fiddlesticks,JUNGLE,Urgot,TOP,54.1,61
Evelynn,JUNGLE,Urgot,TOP,53.52,71
Kayn,JUNGLE,Urgot,TOP,52.94,51
Rammus,JUNGLE,Urgot,TOP,52.94,34
Zyra,JUNGLE,Urgot,TOP,52.94,51
Bel'Veth,JUNGLE,Urgot,TOP,52.38,42
Graves,JUNGLE,Urgot,TOP,51.85,108
Nocturne,JUNGLE,Urgot,TOP,51.35,37
Jayce,JUNGLE,Urgot,TOP,51.16,215
Viego,JUNGLE,Urgot,TOP,51.16,346
Rengar,JUNGLE,Urgot,TOP,50.86,116
Ivern,JUNGLE,Urgot,TOP,50.85,59
Volibear,JUNGLE,Urgot,TOP,50.78,128
Udyr,JUNGLE,Urgot,TOP,50.65,77
Diana,JUNGLE,Urgot,TOP,50.64,312
Lillia,JUNGLE,Urgot,TOP,50.0,50
Karthus,JUNGLE,Veigar,MID,63.16,19
Zac,JUNGLE,Veigar,MID,61.54,65
Lillia,JUNGLE,Veigar,MID,60.0,30
Nidalee,JUNGLE,Veigar,MID,60.0,30
Ivern,JUNGLE,Veigar,MID,59.26,27
Jarvan IV,JUNGLE,Veigar,MID,57.25,131
Zed,JUNGLE,Veigar,MID,54.64,97
Kindred,JUNGLE,Veigar,MID,54.0,50
Kha'Zix,JUNGLE,Veigar,MID,53.97,189
Shaco,JUNGLE,Veigar,MID,53.85,65
Nunu & Willump,JUNGLE,Veigar,MID,52.46,61
Volibear,JUNGLE,Veigar,MID,52.44,82
Fiddlesticks,JUNGLE,Veigar,MID,52.38,21
Lee Sin,JUNGLE,Veigar,MID,52.24,201
Rengar,JUNGLE,Veigar,MID,51.96,102
Evelynn,JUNGLE,Veigar,MID,51.85,27
Talon,JUNGLE,Veigar,MID,51.46,103
Graves,JUNGLE,Veigar,MID,50.68,73
Bel'Veth,JUNGLE,Veigar,MID,50.0,42
Briar,JUNGLE,Veigar,MID,50.0,24
Nocturne,JUNGLE,Veigar,MID,50.0,50
Bel'Veth,JUNGLE,Vel'Koz,MID,78.57,14
Elise,JUNGLE,Vel'Koz,MID,72.73,22
Rengar,JUNGLE,Vel'Koz,MID,71.64,67
Fiddlesticks,JUNGLE,Vel'Koz,MID,71.43,14
Xin Zhao,JUNGLE,Vel'Koz,MID,69.23,26
Zac,JUNGLE,Vel'Koz,MID,64.0,25
Skarner,JUNGLE,Vel'Koz,MID,63.64,11
Nidalee,JUNGLE,Vel'Koz,MID,61.54,26
Qiyana,JUNGLE,Vel'Koz,MID,61.54,52
Kindred,JUNGLE,Vel'Koz,MID,59.26,27
Wukong,JUNGLE,Vel'Koz,MID,59.26,27
Jarvan IV,JUNGLE,Vel'Koz,MID,59.09,88
Nocturne,JUNGLE,Vel'Koz,MID,59.09,22
Kha'Zix,JUNGLE,Vel'Koz,MID,58.18,110
Dr. Mundo,JUNGLE,Vel'Koz,MID,58.14,43
Malphite,JUNGLE,Vel'Koz,MID,57.14,14
Volibear,JUNGLE,Vel'Koz,MID,57.14,42
Graves,JUNGLE,Vel'Koz,MID,56.41,39
Ivern,JUNGLE,Vel'Koz,MID,56.25,16
Master Yi,JUNGLE,Vel'Koz,MID,55.56,36
Evelynn,JUNGLE,Vel'Koz,MID,54.55,22
Viego,JUNGLE,Vel'Koz,MID,52.85,193
Vi,JUNGLE,Vel'Koz,MID,52.0,25
Ekko,JUNGLE,Vel'Koz,MID,50.85,59
Talon,JUNGLE,Vel'Koz,MID,50.77,65
Karthus,JUNGLE,Vel'Koz,MID,50.0,10
Lee Sin,JUNGLE,Vel'Koz,MID,50.0,76
Warwick,JUNGLE,Vel'Koz,MID,50.0,12
Naafiri,JUNGLE,Vex,MID,68.29,41
Ivern,JUNGLE,Vex,MID,66.67,18
Zac,JUNGLE,Vex,MID,63.16,38
Elise,JUNGLE,Vex,MID,60.87,23
Evelynn,JUNGLE,Vex,MID,60.71,28
Briar,JUNGLE,Vex,MID,60.61,33
Dr. Mundo,JUNGLE,Vex,MID,60.53,38
Shaco,JUNGLE,Vex,MID,60.38,53
Master Yi,JUNGLE,Vex,MID,59.02,61
Zed,JUNGLE,Vex,MID,57.14,98
Lee Sin,JUNGLE,Vex,MID,56.62,272
Ekko,JUNGLE,Vex,MID,55.83,120
Graves,JUNGLE,Vex,MID,55.41,74
Warwick,JUNGLE,Vex,MID,55.0,20
Kha'Zix,JUNGLE,Vex,MID,54.88,164
Xin Zhao,JUNGLE,Vex,MID,54.17,48
Jarvan IV,JUNGLE,Vex,MID,54.14,133
Qiyana,JUNGLE,Vex,MID,53.13,96
Rek'Sai,JUNGLE,Vex,MID,52.94,68
Rengar,JUNGLE,Vex,MID,52.7,74
Diana,JUNGLE,Vex,MID,51.97,127
Sylas,JUNGLE,Vex,MID,51.92,52
Wukong,JUNGLE,Vex,MID,51.61,31
Nunu & Willump,JUNGLE,Vex,MID,51.28,39
Viego,JUNGLE,Vex,MID,51.04,335
Kayn,JUNGLE,Vex,MID,50.0,50
Kindred,JUNGLE,Vex,MID,50.0,38
Volibear,JUNGLE,Vex,MID,50.0,64
Seraphine,SUPPORT,Vi,JUNGLE,60.0,75
Taric,SUPPORT,Vi,JUNGLE,57.58,66
Alistar,SUPPORT,Vi,JUNGLE,56.02,191
Janna,SUPPORT,Vi,JUNGLE,54.81,104
Poppy,SUPPORT,Vi,JUNGLE,54.69,64
Elise,SUPPORT,Vi,JUNGLE,53.85,52
Rakan,SUPPORT,Vi,JUNGLE,53.36,238
Rell,SUPPORT,Vi,JUNGLE,52.5,120
Lux,SUPPORT,Vi,JUNGLE,51.16,43
Zilean,SUPPORT,Viego,JUNGLE,54.69,373
Taric,SUPPORT,Viego,JUNGLE,52.15,303
Renata Glasc,SUPPORT,Viego,JUNGLE,51.98,202
Elise,SUPPORT,Viego,JUNGLE,51.12,313
Braum,SUPPORT,Viego,JUNGLE,50.82,1944
Neeko,SUPPORT,Viego,JUNGLE,50.36,689
Leona,SUPPORT,Viego,JUNGLE,50.27,1112
Rammus,JUNGLE,Viktor,MID,67.31,52
Ivern,JUNGLE,Viktor,MID,63.04,92
Rek'Sai,JUNGLE,Viktor,MID,58.69,213
Sylas,JUNGLE,Viktor,MID,58.65,133
Talon,JUNGLE,Viktor,MID,56.44,264
Nidalee,JUNGLE,Viktor,MID,53.24,139
Rengar,JUNGLE,Viktor,MID,53.09,243
Qiyana,JUNGLE,Viktor,MID,51.98,252
Jarvan IV,JUNGLE,Viktor,MID,51.86,349
Lillia,JUNGLE,Viktor,MID,51.02,49
Evelynn,JUNGLE,Viktor,MID,50.77,65
Kindred,JUNGLE,Viktor,MID,50.51,99
Naafiri,JUNGLE,Viktor,MID,50.48,105
Pantheon,JUNGLE,Vladimir,MID,60.87,23
Nidalee,JUNGLE,Vladimir,MID,60.0,35
Ivern,JUNGLE,Vladimir,MID,58.93,56
Udyr,JUNGLE,Vladimir,MID,58.7,46
Ekko,JUNGLE,Vladimir,MID,57.58,165
Zac,JUNGLE,Vladimir,MID,56.58,76
Naafiri,JUNGLE,Vladimir,MID,56.52,46
Vi,JUNGLE,Vladimir,MID,56.52,46
Volibear,JUNGLE,Vladimir,MID,55.68,88
Lillia,JUNGLE,Vladimir,MID,55.56,27
Sejuani,JUNGLE,Vladimir,MID,55.17,29
Fiddlesticks,JUNGLE,Vladimir,MID,54.55,33
Shaco,JUNGLE,Vladimir,MID,54.55,77
Rengar,JUNGLE,Vladimir,MID,54.4,182
Talon,JUNGLE,Vladimir,MID,54.05,148
Rammus,JUNGLE,Vladimir,MID,53.85,26
Master Yi,JUNGLE,Vladimir,MID,53.61,97
Qiyana,JUNGLE,Vladimir,MID,52.03,123
Graves,JUNGLE,Vladimir,MID,51.61,93
Elise,JUNGLE,Vladimir,MID,51.43,35
Malphite,JUNGLE,Vladimir,MID,50.0,60
Nunu & Willump,JUNGLE,Vladimir,MID,50.0,82
Naafiri,JUNGLE,Vladimir,TOP,60.78,51
Nidalee,JUNGLE,Vladimir,TOP,59.62,52
Wukong,JUNGLE,Vladimir,TOP,58.73,63
Zac,JUNGLE,Vladimir,TOP,56.94,72
Dr. Mundo,JUNGLE,Vladimir,TOP,55.7,79
Shaco,JUNGLE,Vladimir,TOP,54.55,77
Elise,JUNGLE,Vladimir,TOP,54.29,35
Briar,JUNGLE,Vladimir,TOP,53.85,39
Qiyana,JUNGLE,Vladimir,TOP,53.33,150
Udyr,JUNGLE,Vladimir,TOP,53.33,30
Zed,JUNGLE,Vladimir,TOP,52.76,127
Nunu & Willump,JUNGLE,Vladimir,TOP,52.63,57
Kha'Zix,JUNGLE,Vladimir,TOP,52.12,236
Talon,JUNGLE,Vladimir,TOP,51.53,163
Rek'Sai,JUNGLE,Vladimir,TOP,51.49,134
Nocturne,JUNGLE,Vladimir,TOP,50.85,59
Sylas,JUNGLE,Vladimir,TOP,50.79,63
Jarvan IV,JUNGLE,Vladimir,TOP,50.78,193
Diana,JUNGLE,Vladimir,TOP,50.75,134
Evelynn,JUNGLE,Vladimir,TOP,50.0,26
Poppy,SUPPORT,Volibear,JUNGLE,59.62,52
Pyke,SUPPORT,Volibear,JUNGLE,56.65,173
Rell,SUPPORT,Volibear,JUNGLE,56.64,113
Alistar,SUPPORT,Volibear,JUNGLE,56.36,165
Sona,SUPPORT,Volibear,JUNGLE,56.27,295
Blitzcrank,SUPPORT,Volibear,JUNGLE,55.92,152
Lulu,SUPPORT,Volibear,JUNGLE,55.7,377
Taric,SUPPORT,Volibear,JUNGLE,55.0,80
Lux,SUPPORT,Volibear,JUNGLE,54.0,50
Milio,SUPPORT,Volibear,JUNGLE,53.85,221
Soraka,SUPPORT,Volibear,JUNGLE,53.29,152
Pantheon,SUPPORT,Volibear,JUNGLE,53.19,47
Braum,SUPPORT,Volibear,JUNGLE,53.16,301
Senna,SUPPORT,Volibear,JUNGLE,52.08,144
Janna,SUPPORT,Volibear,JUNGLE,51.74,288
Rakan,SUPPORT,Volibear,JUNGLE,50.62,162
Elise,SUPPORT,Volibear,JUNGLE,50.0,52
Zilean,SUPPORT,Volibear,JUNGLE,50.0,92
Zyra,JUNGLE,Volibear,TOP,70.0,30
Zac,JUNGLE,Volibear,TOP,61.05,95
Rengar,JUNGLE,Volibear,TOP,61.03,136
Wukong,JUNGLE,Volibear,TOP,59.32,59
Ivern,JUNGLE,Volibear,TOP,58.49,53
Nidalee,JUNGLE,Volibear,TOP,58.46,65
Bel'Veth,JUNGLE,Volibear,TOP,58.33,48
Graves,JUNGLE,Volibear,TOP,58.12,117
Sejuani,JUNGLE,Volibear,TOP,57.69,26
Naafiri,JUNGLE,Volibear,TOP,57.14,42
Master Yi,JUNGLE,Volibear,TOP,56.98,86
Talon,JUNGLE,Volibear,TOP,54.97,151
Malphite,JUNGLE,Volibear,TOP,52.94,51
Kha'Zix,JUNGLE,Volibear,TOP,51.8,222
Xin Zhao,JUNGLE,Volibear,TOP,51.52,66
Karthus,JUNGLE,Volibear,TOP,50.98,51
Viego,JUNGLE,Volibear,TOP,50.63,480
Hecarim,JUNGLE,Volibear,TOP,50.54,93
Qiyana,JUNGLE,Volibear,TOP,50.4,125
Jarvan IV,JUNGLE,Volibear,TOP,50.3,167
Evelynn,JUNGLE,Volibear,TOP,50.0,52
Senna,SUPPORT,Warwick,JUNGLE,63.64,22
Bard,SUPPORT,Warwick,JUNGLE,59.38,64
Pantheon,SUPPORT,Warwick,JUNGLE,58.33,12
Braum,SUPPORT,Warwick,JUNGLE,56.52,92
Zyra,SUPPORT,Warwick,JUNGLE,55.56,9
Nami,SUPPORT,Warwick,JUNGLE,55.17,116
Pyke,SUPPORT,Warwick,JUNGLE,53.85,52
Renata Glasc,SUPPORT,Warwick,JUNGLE,53.85,13
Soraka,SUPPORT,Warwick,JUNGLE,53.49,43
Rell,SUPPORT,Warwick,JUNGLE,53.33,30
Milio,SUPPORT,Warwick,JUNGLE,53.13,64
Lux,SUPPORT,Warwick,JUNGLE,52.94,17
Zilean,SUPPORT,Warwick,JUNGLE,52.63,19
Lulu,SUPPORT,Warwick,JUNGLE,52.27,88
Leona,SUPPORT,Warwick,JUNGLE,52.17,46
Thresh,SUPPORT,Warwick,JUNGLE,51.58,95
Taric,SUPPORT,Warwick,JUNGLE,50.0,10
Nocturne,JUNGLE,Warwick,TOP,71.43,21
Zyra,JUNGLE,Warwick,TOP,68.42,19
Kindred,JUNGLE,Warwick,TOP,64.71,17
Naafiri,JUNGLE,Warwick,TOP,63.64,22
Udyr,JUNGLE,Warwick,TOP,62.5,16
Karthus,JUNGLE,Warwick,TOP,60.0,25
Nidalee,JUNGLE,Warwick,TOP,58.82,34
Shaco,JUNGLE,Warwick,TOP,56.41,39
Ekko,JUNGLE,Warwick,TOP,56.25,112
Wukong,JUNGLE,Warwick,TOP,55.56,18
Dr. Mundo,JUNGLE,Warwick,TOP,54.55,44
Talon,JUNGLE,Warwick,TOP,53.66,41
Master Yi,JUNGLE,Warwick,TOP,53.57,28
Malphite,JUNGLE,Warwick,TOP,52.94,17
Volibear,JUNGLE,Warwick,TOP,52.94,34
Lee Sin,JUNGLE,Warwick,TOP,52.5,120
Fiddlesticks,JUNGLE,Warwick,TOP,52.38,21
Diana,JUNGLE,Warwick,TOP,51.85,108
Hecarim,JUNGLE,Warwick,TOP,51.16,43
Rek'Sai,JUNGLE,Warwick,TOP,51.02,49
Jarvan IV,JUNGLE,Warwick,TOP,50.59,85
Bel'Veth,JUNGLE,Warwick,TOP,50.0,12
Kayn,JUNGLE,Warwick,TOP,50.0,20
Lillia,JUNGLE,Warwick,TOP,50.0,12
Rammus,JUNGLE,Warwick,TOP,50.0,14
Skarner,JUNGLE,Warwick,TOP,50.0,10
Sylas,JUNGLE,Warwick,TOP,50.0,34
Seraphine,SUPPORT,Wukong,JUNGLE,63.33,60
Taric,SUPPORT,Wukong,JUNGLE,62.5,32
Tahm Kench,SUPPORT,Wukong,JUNGLE,60.0,20
Renata Glasc,SUPPORT,Wukong,JUNGLE,56.52,23
Zilean,SUPPORT,Wukong,JUNGLE,56.14,57
Bard,SUPPORT,Wukong,JUNGLE,55.97,159
Morgana,SUPPORT,Wukong,JUNGLE,55.88,34
Elise,SUPPORT,Wukong,JUNGLE,54.05,37
Braum,SUPPORT,Wukong,JUNGLE,51.82,220
Neeko,SUPPORT,Wukong,JUNGLE,51.61,62
Nautilus,SUPPORT,Wukong,JUNGLE,50.55,182
Leona,SUPPORT,Wukong,JUNGLE,50.46,109
Vel'Koz,SUPPORT,Wukong,JUNGLE,50.0,24
Rek'Sai,JUNGLE,Xerath,MID,58.46,130
Nidalee,JUNGLE,Xerath,MID,55.56,63
Naafiri,JUNGLE,Xerath,MID,55.0,60
Xin Zhao,JUNGLE,Xerath,MID,54.55,77
Kha'Zix,JUNGLE,Xerath,MID,54.24,295
Graves,JUNGLE,Xerath,MID,53.9,141
Evelynn,JUNGLE,Xerath,MID,53.33,45
Nocturne,JUNGLE,Xerath,MID,53.23,62
Rengar,JUNGLE,Xerath,MID,53.19,141
Lee Sin,JUNGLE,Xerath,MID,52.44,431
Shaco,JUNGLE,Xerath,MID,52.22,90
Wukong,JUNGLE,Xerath,MID,52.17,69
Bel'Veth,JUNGLE,Xerath,MID,51.79,56
Qiyana,JUNGLE,Xerath,MID,51.37,146
Sylas,JUNGLE,Xerath,MID,51.28,78
Hecarim,JUNGLE,Xerath,MID,51.22,123
Dr. Mundo,JUNGLE,Xerath,MID,51.16,86
Ekko,JUNGLE,Xerath,MID,50.83,181
Viego,JUNGLE,Xerath,MID,50.55,548
Kindred,JUNGLE,Xerath,MID,50.0,56
Rammus,JUNGLE,Xerath,MID,50.0,36
Vel'Koz,SUPPORT,Xin Zhao,JUNGLE,68.75,32
Morgana,SUPPORT,Xin Zhao,JUNGLE,68.29,41
Zilean,SUPPORT,Xin Zhao,JUNGLE,63.16,57
Taric,SUPPORT,Xin Zhao,JUNGLE,60.0,40
Braum,SUPPORT,Xin Zhao,JUNGLE,55.95,252
Soraka,SUPPORT,Xin Zhao,JUNGLE,55.05,109
Pantheon,SUPPORT,Xin Zhao,JUNGLE,53.49,43
Pyke,SUPPORT,Xin Zhao,JUNGLE,52.67,131
Thresh,SUPPORT,Xin Zhao,JUNGLE,52.63,247
Bard,SUPPORT,Xin Zhao,JUNGLE,52.15,209
Neeko,SUPPORT,Xin Zhao,JUNGLE,51.79,112
Rell,SUPPORT,Xin Zhao,JUNGLE,50.94,106
Blitzcrank,SUPPORT,Xin Zhao,JUNGLE,50.41,121
Alistar,SUPPORT,Xin Zhao,JUNGLE,50.0,136
Rek'Sai,JUNGLE,Yasuo,MID,58.33,192
Ivern,JUNGLE,Yasuo,MID,54.17,168
Sylas,JUNGLE,Yasuo,MID,53.24,432
Evelynn,JUNGLE,Yasuo,MID,53.13,192
Rammus,JUNGLE,Yasuo,MID,52.94,68
Shaco,JUNGLE,Yasuo,MID,52.74,201
Bel'Veth,JUNGLE,Yasuo,MID,52.63,76
Zac,JUNGLE,Yasuo,MID,52.32,388
Nidalee,JUNGLE,Yasuo,MID,52.04,221
Zed,JUNGLE,Yasuo,MID,51.67,180
Nunu & Willump,JUNGLE,Yasuo,MID,51.37,255
Wukong,JUNGLE,Yasuo,MID,51.33,113
Elise,JUNGLE,Yasuo,MID,51.16,172
Diana,JUNGLE,Yasuo,MID,51.12,2371
Rengar,JUNGLE,Yasuo,MID,50.86,232
Zyra,JUNGLE,Yasuo,MID,50.36,139
Karthus,JUNGLE,Yasuo,MID,50.32,157
Talon,JUNGLE,Yasuo,MID,50.26,189
Fiddlesticks,JUNGLE,Yasuo,MID,50.0,180
Vi,JUNGLE,Yone,MID,57.41,54
Nocturne,JUNGLE,Yone,MID,55.0,40
Nidalee,JUNGLE,Yone,MID,53.96,265
Zyra,JUNGLE,Yone,MID,53.68,136
Talon,JUNGLE,Yone,MID,52.59,116
Sejuani,JUNGLE,Yone,MID,52.31,65
Zac,JUNGLE,Yone,MID,51.63,153
Diana,JUNGLE,Yone,MID,50.0,540
Ivern,JUNGLE,Yone,MID,50.0,112
Qiyana,JUNGLE,Yone,MID,50.0,86
Ivern,JUNGLE,Yone,TOP,56.9,58
Volibear,JUNGLE,Yone,TOP,54.76,84
Zed,JUNGLE,Yone,TOP,52.85,123
Zyra,JUNGLE,Yone,TOP,52.27,44
Rek'Sai,JUNGLE,Yone,TOP,52.17,115
Kindred,JUNGLE,Yone,TOP,51.72,58
Sylas,JUNGLE,Yone,TOP,51.38,109
Lillia,JUNGLE,Yone,TOP,50.98,51
Kha'Zix,JUNGLE,Yone,TOP,50.9,222
Karthus,JUNGLE,Yone,TOP,50.88,57
Lee Sin,JUNGLE,Yone,TOP,50.59,338
Elise,JUNGLE,Yone,TOP,50.0,66
Udyr,JUNGLE,Yone,TOP,50.0,40
Kindred,JUNGLE,Yorick,TOP,57.14,35
Elise,JUNGLE,Yorick,TOP,55.81,43
Zyra,JUNGLE,Yorick,TOP,54.05,37
Volibear,JUNGLE,Yorick,TOP,53.85,78
Rengar,JUNGLE,Yorick,TOP,53.33,75
Karthus,JUNGLE,Yorick,TOP,52.94,51
Master Yi,JUNGLE,Yorick,TOP,52.17,69
Zed,JUNGLE,Yorick,TOP,51.22,82
Rek'Sai,JUNGLE,Yorick,TOP,50.67,75
Jarvan IV,JUNGLE,Yorick,TOP,50.39,127
Lee Sin,JUNGLE,Yorick,TOP,50.21,239
Graves,JUNGLE,Yorick,TOP,50.0,62
Kayn,JUNGLE,Yorick,TOP,50.0,44
Wukong,JUNGLE,Yorick,TOP,50.0,44
Rek'Sai,JUNGLE,Zaahen,TOP,58.76,194
Rengar,JUNGLE,Zaahen,TOP,56.96,230
Ivern,JUNGLE,Zaahen,TOP,56.7,97
Volibear,JUNGLE,Zaahen,TOP,56.33,158
Evelynn,JUNGLE,Zaahen,TOP,56.31,103
Nidalee,JUNGLE,Zaahen,TOP,55.17,203
Nunu & Willump,JUNGLE,Zaahen,TOP,54.76,168
Zac,JUNGLE,Zaahen,TOP,54.67,225
Pantheon,JUNGLE,Zaahen,TOP,54.0,50
Karthus,JUNGLE,Zaahen,TOP,53.08,130
Kha'Zix,JUNGLE,Zaahen,TOP,52.9,397
Fiddlesticks,JUNGLE,Zaahen,TOP,52.88,104
Qiyana,JUNGLE,Zaahen,TOP,52.73,256
Kindred,JUNGLE,Zaahen,TOP,52.38,105
Shaco,JUNGLE,Zaahen,TOP,52.34,128
Udyr,JUNGLE,Zaahen,TOP,52.22,90
Nocturne,JUNGLE,Zaahen,TOP,51.85,108
Dr. Mundo,JUNGLE,Zaahen,TOP,51.39,144
Diana,JUNGLE,Zaahen,TOP,51.29,505
Zyra,JUNGLE,Zaahen,TOP,51.11,90
Zed,JUNGLE,Zaahen,TOP,50.79,189
Ekko,JUNGLE,Zaahen,TOP,50.57,522
Talon,JUNGLE,Zaahen,TOP,50.57,263
Elise,SUPPORT,Zac,JUNGLE,63.04,46
Zyra,SUPPORT,Zac,JUNGLE,61.11,36
Seraphine,SUPPORT,Zac,JUNGLE,58.33,108
Thresh,SUPPORT,Zac,JUNGLE,57.47,348
Taric,SUPPORT,Zac,JUNGLE,57.38,61
Soraka,SUPPORT,Zac,JUNGLE,57.24,152
Neeko,SUPPORT,Zac,JUNGLE,56.67,150
Blitzcrank,SUPPORT,Zac,JUNGLE,55.15,165
Pantheon,SUPPORT,Zac,JUNGLE,55.0,60
Morgana,SUPPORT,Zac,JUNGLE,54.93,71
Nami,SUPPORT,Zac,JUNGLE,54.38,434
Janna,SUPPORT,Zac,JUNGLE,53.54,226
Alistar,SUPPORT,Zac,JUNGLE,53.24,216
Karma,SUPPORT,Zac,JUNGLE,53.13,352
Maokai,SUPPORT,Zac,JUNGLE,52.94,34
Sona,SUPPORT,Zac,JUNGLE,52.53,257
Lulu,SUPPORT,Zac,JUNGLE,52.46,406
Milio,SUPPORT,Zac,JUNGLE,52.15,209
Pyke,SUPPORT,Zac,JUNGLE,52.13,188
Braum,SUPPORT,Zac,JUNGLE,51.16,344
Nautilus,SUPPORT,Zac,JUNGLE,50.98,357
Lux,SUPPORT,Zac,JUNGLE,50.0,46
Senna,SUPPORT,Zac,JUNGLE,50.0,146
Taric,SUPPORT,Zed,JUNGLE,61.19,67
Maokai,SUPPORT,Zed,JUNGLE,60.98,41
Renata Glasc,SUPPORT,Zed,JUNGLE,57.89,38
Neeko,SUPPORT,Zed,JUNGLE,57.62,151
Pyke,SUPPORT,Zed,JUNGLE,57.14,224
Seraphine,SUPPORT,Zed,JUNGLE,56.85,146
Pantheon,SUPPORT,Zed,JUNGLE,55.93,59
Elise,SUPPORT,Zed,JUNGLE,55.13,78
Senna,SUPPORT,Zed,JUNGLE,55.0,140
Rakan,SUPPORT,Zed,JUNGLE,54.82,228
Zilean,SUPPORT,Zed,JUNGLE,53.75,80
Janna,SUPPORT,Zed,JUNGLE,53.49,258
Thresh,SUPPORT,Zed,JUNGLE,52.98,453
Zyra,SUPPORT,Zed,JUNGLE,51.22,41
Lux,SUPPORT,Zed,JUNGLE,50.0,70
Sejuani,JUNGLE,Zed,MID,63.33,60
Zyra,JUNGLE,Zed,MID,61.82,165
Bel'Veth,JUNGLE,Zed,MID,61.19,67
Lillia,JUNGLE,Zed,MID,59.03,227
Evelynn,JUNGLE,Zed,MID,55.93,177
Karthus,JUNGLE,Zed,MID,55.86,324
Lee Sin,JUNGLE,Zed,MID,55.68,431
Nidalee,JUNGLE,Zed,MID,54.98,331
Amumu,JUNGLE,Zed,MID,54.41,68
Fiddlesticks,JUNGLE,Zed,MID,53.43,204
Nunu & Willump,JUNGLE,Zed,MID,52.7,241
Kayn,JUNGLE,Zed,MID,52.56,78
Zac,JUNGLE,Zed,MID,52.55,274
Rengar,JUNGLE,Zed,MID,52.5,200
Ivern,JUNGLE,Zed,MID,52.26,155
Shaco,JUNGLE,Zed,MID,52.23,157
Qiyana,JUNGLE,Zed,MID,51.91,131
Rek'Sai,JUNGLE,Zed,MID,51.85,162
Ekko,JUNGLE,Zed,MID,51.49,1043
Wukong,JUNGLE,Zed,MID,51.47,68
Diana,JUNGLE,Zed,MID,51.42,949
Elise,JUNGLE,Zed,MID,51.34,261
Sylas,JUNGLE,Zed,MID,51.09,503
Kha'Zix,JUNGLE,Zed,MID,50.96,312
Hecarim,JUNGLE,Zed,MID,50.83,181
Volibear,JUNGLE,Zed,MID,50.43,232
Naafiri,JUNGLE,Zed,MID,50.0,62
Vi,JUNGLE,Zed,MID,50.0,90
Zyra,JUNGLE,Ziggs,MID,66.67,6
Bel'Veth,JUNGLE,Ziggs,MID,64.29,14
Sylas,JUNGLE,Ziggs,MID,64.29,14
Dr. Mundo,JUNGLE,Ziggs,MID,63.16,19
Diana,JUNGLE,Ziggs,MID,60.61,33
Naafiri,JUNGLE,Ziggs,MID,58.33,12
Master Yi,JUNGLE,Ziggs,MID,57.89,19
Warwick,JUNGLE,Ziggs,MID,57.14,7
Wukong,JUNGLE,Ziggs,MID,57.14,14
Nunu & Willump,JUNGLE,Ziggs,MID,55.56,27
Rengar,JUNGLE,Ziggs,MID,54.29,35
Jarvan IV,JUNGLE,Ziggs,MID,50.0,44
Rengar,JUNGLE,Zoe,MID,63.56,225
Elise,JUNGLE,Zoe,MID,61.84,76
Udyr,JUNGLE,Zoe,MID,61.22,49
Rammus,JUNGLE,Zoe,MID,59.52,42
Volibear,JUNGLE,Zoe,MID,59.0,100
Nocturne,JUNGLE,Zoe,MID,58.51,94
Naafiri,JUNGLE,Zoe,MID,58.43,89
Qiyana,JUNGLE,Zoe,MID,58.4,262
Zac,JUNGLE,Zoe,MID,57.45,141
Sylas,JUNGLE,Zoe,MID,56.9,116
Talon,JUNGLE,Zoe,MID,56.18,251
Dr. Mundo,JUNGLE,Zoe,MID,55.65,124
Kha'Zix,JUNGLE,Zoe,MID,55.42,415
Shaco,JUNGLE,Zoe,MID,55.37,121
Jayce,JUNGLE,Zoe,MID,55.16,562
Lee Sin,JUNGLE,Zoe,MID,55.11,655
Graves,JUNGLE,Zoe,MID,54.95,182
Master Yi,JUNGLE,Zoe,MID,54.62,119
Kayn,JUNGLE,Zoe,MID,54.44,90
Nidalee,JUNGLE,Zoe,MID,53.78,119
Rek'Sai,JUNGLE,Zoe,MID,53.72,188
Jarvan IV,JUNGLE,Zoe,MID,53.63,386
Ivern,JUNGLE,Zoe,MID,52.94,85
Vi,JUNGLE,Zoe,MID,52.9,138
Nunu & Willump,JUNGLE,Zoe,MID,52.63,114
Diana,JUNGLE,Zoe,MID,52.36,275
Hecarim,JUNGLE,Zoe,MID,52.2,182
Briar,JUNGLE,Zoe,MID,51.67,60
Ekko,JUNGLE,Zoe,MID,51.33,226
Evelynn,JUNGLE,Zoe,MID,51.32,76
Viego,JUNGLE,Zoe,MID,51.23,894
Lillia,JUNGLE,Zoe,MID,51.16,43
Fiddlesticks,JUNGLE,Zoe,MID,51.02,49
Taric,SUPPORT,Zyra,JUNGLE,66.67,39
Senna,SUPPORT,Zyra,JUNGLE,63.64,33
Zilean,SUPPORT,Zyra,JUNGLE,62.96,27
Rell,SUPPORT,Zyra,JUNGLE,61.45,83
Elise,SUPPORT,Zyra,JUNGLE,61.11,18
Maokai,SUPPORT,Zyra,JUNGLE,61.11,18
Milio,SUPPORT,Zyra,JUNGLE,60.78,51
Pyke,SUPPORT,Zyra,JUNGLE,60.47,86
Thresh,SUPPORT,Zyra,JUNGLE,58.96,173
Seraphine,SUPPORT,Zyra,JUNGLE,57.78,45
Janna,SUPPORT,Zyra,JUNGLE,55.77,52
Nautilus,SUPPORT,Zyra,JUNGLE,55.28,199
Nami,SUPPORT,Zyra,JUNGLE,54.72,106
Alistar,SUPPORT,Zyra,JUNGLE,54.24,118
Blitzcrank,SUPPORT,Zyra,JUNGLE,54.05,74
Neeko,SUPPORT,Zyra,JUNGLE,53.85,52
Tahm Kench,SUPPORT,Zyra,JUNGLE,53.85,13
Leona,SUPPORT,Zyra,JUNGLE,53.08,130
Soraka,SUPPORT,Zyra,JUNGLE,52.46,61
Braum,SUPPORT,Zyra,JUNGLE,52.02,173
Bard,SUPPORT,Zyra,JUNGLE,51.72,116
Pantheon,SUPPORT,Zyra,JUNGLE,51.61,31
Lulu,SUPPORT,Zyra,JUNGLE,50.69,144
Rakan,SUPPORT,Zyra,JUNGLE,50.59,85
Karma,SUPPORT,Zyra,JUNGLE,50.0,120
Sona,SUPPORT,Zyra,JUNGLE,50.0,66
